<?xml version="1.0" encoding="UTF-8"?>
<window>
	<defaultcontrol always="true">999</defaultcontrol>
	<controls>
		<include>background</include>
		<control type="label">
			<left>10</left>
			<top>35</top>
			<width>300</width>
			<height>72</height>
			<label>$INFO[Window(movieinformation).Property(ContentType)]</label>
			<aligny>top</aligny>
		</control>
		<control type="group">
			<control type="group">
				<visible>Container.Content(movies) | Container.Content(tvshows)</visible>
				<control type="image" id="7018"><!-- Show logo -->
					<left>340</left>
					<top>12</top>
					<width>266</width>
					<height>74</height>
					<texture>$VAR[VideoLogo]</texture>
					<align>center</align>
					<aligny>bottom</aligny>
					<aspectratio align="left">keep</aspectratio>
					<animation effect="fade" delay="100" start="0" end="100" time="200">Visible</animation>
				</control>
				<control type="label"><!-- Title -->
					<left>340</left>
					<top>12</top>
					<width>760</width>
					<height>72</height>
					<font>apptv30</font>
					<wrapmultiline>true</wrapmultiline>
					<aligny>center</aligny>
					<include condition="Skin.HasSetting(text-autoscroll)">scrolltext</include>
					<label>$INFO[ListItem.Label]</label>
					<textoffsetx>0</textoffsetx>
					<visible>IsEmpty(Control.GetLabel(7018))</visible>
				</control>
			</control>
			<control type="label"><!-- Title (Artist - Title for music videos) -->
				<left>340</left>
				<top>12</top>
				<width>760</width>
				<height>72</height>
				<font>apptv30</font>
				<wrapmultiline>true</wrapmultiline>
				<aligny>center</aligny>
				<label>$INFO[ListItem.Label]</label>
				<textoffsetx>0</textoffsetx>
				<include condition="Skin.HasSetting(text-autoscroll)">scrolltext</include>
				<visible>!Container.Content(tvshows) + !Container.Content(movies)</visible>
			</control>
			<control type="group">
				<visible>!Container.Content(musicvideos)</visible>
				<control type="image"><!-- MPAA Rating Dropshadow-->
					<left>1121</left>
					<top>40</top>
					<width>136</width>
					<height>40</height>
					<colordiffuse>DropShadow</colordiffuse>
					<align>right</align>
					<aligny>bottom</aligny>
					<texture fallback="special://skin/extras/images/rating/notrated.png">$VAR[VideoRating]</texture>
					<aspectratio>keep</aspectratio>
				</control>
				<control type="image"><!-- MPAA Rating -->
					<left>1120</left>
					<top>39</top>
					<width>136</width>
					<height>40</height>
					<align>right</align>
					<aligny>bottom</aligny>
					<texture fallback="special://skin/extras/images/rating/notrated.png">$VAR[VideoRating]</texture>
					<aspectratio>keep</aspectratio>
				</control>
			</control>
			<control type="label"><!-- Studio -->
				<left>340</left>
				<top>84</top>
				<width>760</width>
				<height>22</height>
				<font>apptv22</font>
				<textcolor>disabled-text</textcolor>
				<shadowcolor>shadow-text</shadowcolor>
				<include condition="Skin.HasSetting(text-autoscroll)">scrolltext</include>
				<label>$INFO[ListItem.Studio]</label>
				<textoffsetx>0</textoffsetx>
			</control>
			<control type="image">
				<left>340</left>
				<top>108</top>
				<width>900</width>
				<height>4</height>
				<texture>separator.png</texture>
			</control>
			<control type="textbox">
				<left>340</left>
				<top>112</top>
				<width>900</width>
				<height>116</height>
				<label>$INFO[ListItem.Plot]</label>
				<font>apptv20</font>
				<align>justify</align>
				<pagecontrol>1123</pagecontrol>
				<visible>!IsEmpty(ListItem.Plot)</visible>
			</control>
			<control type="textbox"><!-- Plot outline (Show if no plot available)-->
				<left>340</left>
				<top>112</top>
				<width>900</width>
				<height>116</height>
				<label fallback="161">$INFO[ListItem.PlotOutline]</label>
				<font>apptv20</font>
				<align>justify</align>
				<pagecontrol>1123</pagecontrol>
				<visible>IsEmpty(ListItem.Plot)</visible>
			</control>
			<control type="scrollbar" id="1123"><!-- Plot Scrollbar -->
				<left>1246</left>
				<top>110</top>
				<width>16</width>
				<height>122</height>
				<onup>1123</onup>
				<onright>1123</onright>
				<onleft>999</onleft>
				<ondown>999</ondown>
				<animation condition="!Control.HasFocus(1223) + !Container.Scrolling + !StringCompare(Skin.String(show-scrollbar),$LOCALIZE[31875])" effect="fade" start="100" end="0" time="200" reversible="true">Conditional</animation>
				<visible>!StringCompare(Skin.String(show-scrollbar),$LOCALIZE[31877])</visible>
			</control>
			<control type="image">
				<left>340</left>
				<top>232</top>
				<width>900</width>
				<height>4</height>
				<texture>separator.png</texture>
			</control>
			<control type="group">
				<control type="image"><!-- Video cover-->
					<left>55</left>
					<top>80</top>
					<width>230</width>
					<height>356</height>
					<aspectratio scalediffuse="true">keep</aspectratio>
					<texture background="true" fallback="DefaultMovies.png" diffuse="mask-rect.png">$VAR[IconPoster]</texture>
					<visible>Container.Content(movies)</visible>
				</control>
				<control type="image"><!-- Video cover-->
					<left>55</left>
					<top>80</top>
					<width>230</width>
					<height>356</height>
					<aspectratio scalediffuse="true">keep</aspectratio>
					<texture background="true" fallback="DefaultTvshows.png" diffuse="mask-rect.png">$VAR[IconPoster]</texture>
					<visible>Container.Content(tvshows)</visible>
				</control>
				<control type="image">
					<left>55</left>
					<top>80</top>
					<width>230</width>
					<height>230</height>
					<aspectratio scalediffuse="true">keep</aspectratio>
					<texture background="true" fallback="DefaultTvshows.png" diffuse="mask-rect.png">$VAR[IconPoster]</texture>
					<visible>Container.Content(seasons) | Container.Content(episodes)</visible>
				</control>
				<control type="image">
					<left>55</left>
					<top>80</top>
					<width>230</width>
					<height>230</height>
					<aspectratio scalediffuse="true">keep</aspectratio>
					<texture background="true" fallback="DefaultMusicVideos.png" diffuse="mask-rect.png">$VAR[IconPoster]</texture>
					<visible>Container.Content(musicvideos)</visible>
				</control>
			</control>
			<control type="label"><!-- Details heading -->
				<left>340</left>
				<top>240</top>
				<width>320</width>
				<height>22</height>
				<label>$LOCALIZE[31135]</label>
				<font>apptv22</font>
				<textcolor>disabled-text</textcolor>
				<shadowcolor>shadow-text</shadowcolor>
			</control>
			<control type="label"><!-- Genre -->
				<left>340</left>
				<top>265</top>
				<width>320</width>
				<height>20</height>
				<include condition="Skin.HasSetting(text-autoscroll)">scrolltext</include>
				<label>$INFO[ListItem.Genre]</label>
				<font>apptv20</font>
				<textoffsetx>0</textoffsetx>
			</control>
			<control type="label"><!-- Year released -->
				<left>340</left>
				<top>290</top>
				<width>320</width>
				<height>20</height>
				<font>apptv20</font>
				<label>$LOCALIZE[172] $INFO[ListItem.Year]</label>
				<visible>Container.Content(movies)</visible>
			</control>
			<control type="label"><!-- Duration -->
				<left>340</left>
				<top>314</top>
				<width>320</width>
				<height>20</height>
				<font>apptv20</font>
				<label>$LOCALIZE[31133] $VAR[VideoDuration]</label>
				<visible>!IsEmpty(Listitem.Duration)</visible>
			</control>
			<control type="label"><!-- Premiered -->
				<left>340</left>
				<top>290</top>
				<width>320</width>
				<height>20</height>
				<include condition="Skin.HasSetting(text-autoscroll)">scrolltext</include>
				<label>$LOCALIZE[20416] $INFO[ListItem.Premiered]</label>
				<font>apptv20</font>
				<visible>Container.Content(tvshows) | Container.Content(episodes)| Container.Content(musicvideos)</visible>
			</control>
			<control type="group">
				<visible>Container.Content(tvshows)</visible>
				<control type="group">
					<visible>StringCompare(Container.FolderPath,videodb://tvshows/titles/)</visible>
					<control type="label"><!-- Seasons -->
						<left>340</left>
						<top>315</top>
						<width>320</width>
						<height>20</height>
						<label>$LOCALIZE[33054] $INFO[ListItem.Property(TotalSeasons)]</label>
						<font>apptv20</font>
					</control>
				</control>
				<control type="group">
					<visible>!StringCompare(Container.FolderPath,videodb://tvshows/titles/)</visible>
					<control type="label"><!-- Current TVShow Season -->
						<left>340</left>
						<top>315</top>
						<width>320</width>
						<height>20</height>
						<include condition="Skin.HasSetting(text-autoscroll)">scrolltext</include>
						<label>$INFO[ListItem.Label]</label>
						<font>apptv20</font>
					</control>
				</control>
				<control type="label">
					<left>340</left>
					<top>340</top>
					<width>320</width>
					<height>20</height>
					<include condition="Skin.HasSetting(text-autoscroll)">scrolltext</include>
					<label>$LOCALIZE[20360] $INFO[ListItem.Property(TotalEpisodes)] [COLOR=grey] ($INFO[ListItem.Property(UnWatchedEpisodes), , $LOCALIZE[16101]])[/COLOR]</label>
					<font>apptv20</font>
				</control>
			</control>
			<control type="grouplist"><!-- Media flags -->
				<left>338</left>
				<top>338</top>
				<width>290</width>
				<height>30</height>
				<align>left</align>
				<orientation>horizontal</orientation>
				<itemgap>-4</itemgap>
				<!--<animation effect="fade" start="0" end="100" time="200">WindowOpen</animation>-->
				<control type="image" id="171"><!-- Audio codec -->
					<width>40</width>
					<height>30</height>
					<texture background="true">$INFO[Listitem.AudioCodec,special://skin/extras/images/audio/,.png]</texture>
					<visible>!IsEmpty(ListItem.AudioCodec) + !StringCompare(Control.GetLabel(161),.)</visible>
				</control>
				<control type="image" id="172"><!-- Video codec -->
					<width>40</width>
					<height>30</height>
					<texture background="true">$INFO[Listitem.VideoCodec,special://skin/extras/images/video/,.png]</texture>
					<visible>!IsEmpty(ListItem.VideoCodec) + !StringCompare(Control.GetLabel(162),.)</visible>
				</control>
				<control type="image" id="173"><!-- Video aspect ratio -->
					<width>40</width>
					<height>30</height>
					<texture background="true">$INFO[ListItem.VideoAspect,special://skin/extras/images/aspectratio/,.png]</texture>
					<visible>!IsEmpty(ListItem.VideoAspect) + !StringCompare(Control.GetLabel(163),.)</visible>
				</control>
				<control type="image" id="174"><!-- Video resolution -->
					<width>40</width>
					<height>30</height>
					<texture background="true">$INFO[Listitem.VideoResolution,special://skin/extras/images/resolution/,.png]</texture>
					<visible>!IsEmpty(ListItem.VideoResolution) + !StringCompare(Control.GetLabel(164),.)</visible>
				</control>
				<!-- Hack to check if media flag image is available -->
				<control type="image" id="161">
					<width>1</width>
					<height>30</height>
					<colordiffuse>HideControl</colordiffuse>
					<texture background="true" fallback=".">$INFO[Listitem.AudioCodec,special://skin/extras/images/audio/,.png]</texture>
					<visible>!IsEmpty(ListItem.AudioCodec)</visible>
				</control>
				<control type="image" id="162">
					<width>1</width>
					<height>30</height>
					<colordiffuse>HideControl</colordiffuse>
					<texture background="true" fallback=".">$INFO[Listitem.VideoCodec,special://skin/extras/images/video/,.png]</texture>
					<visible>!IsEmpty(ListItem.VideoCodec)</visible>
				</control>
				<control type="image" id="163">
					<width>1</width>
					<height>30</height>
					<texture background="true" fallback=".">$INFO[ListItem.VideoAspect,special://skin/extras/images/aspectratio/,.png]</texture>
					<colordiffuse>HideControl</colordiffuse>
					<visible>!IsEmpty(ListItem.VideoAspect)</visible>
				</control>
				<control type="image" id="164">
					<width>1</width>
					<height>30</height>
					<colordiffuse>HideControl</colordiffuse>
					<texture background="true" fallback=".">$INFO[Listitem.VideoResolution,special://skin/extras/images/resolution/,.png]</texture>
					<visible>!IsEmpty(ListItem.VideoResolution)</visible>
				</control>
			</control>
			<control type="image"><!-- Star Rating Dropshadow-->
				<left>341</left>
				<top>371</top>
				<width>144</width>
				<height>18</height>
				<texture>$VAR[MediaRating]</texture>
				<colordiffuse>DropShadow</colordiffuse>
				<aspectratio>keep</aspectratio>
				<visible>!IsEmpty(ListItem.StarRating)</visible>
			</control>
			<control type="image"><!-- Star Rating -->
				<left>340</left>
				<top>370</top>
				<width>144</width>
				<height>18</height>
				<texture>$VAR[MediaRating]</texture>
				<colordiffuse>StarDiffuse</colordiffuse>
				<aspectratio>keep</aspectratio>
				<visible>!IsEmpty(ListItem.StarRating)</visible>
			</control>
			<control type="group">
				<visible>Container.Content(movies) | Container.Content(episodes) | Container.Content(musicvideos)</visible>
				<control type="label">
					<left>675</left>
					<top>240</top>
					<width>290</width>
					<height>22</height>
					<label>$LOCALIZE[31132]</label>
					<font>apptv22</font>
					<textcolor>disabled-text</textcolor>
					<shadowcolor>shadow-text</shadowcolor>
					<visible>Container.Content(movies) | Container.Content(episodes)</visible>
				</control>
				<control type="label">
					<left>675</left>
					<top>240</top>
					<width>290</width>
					<height>22</height>
					<label>$LOCALIZE[133]</label>
					<font>apptv22</font>
					<textcolor>disabled-text</textcolor>
					<shadowcolor>shadow-text</shadowcolor>
					<visible>Container.Content(musicvideos)</visible>
				</control>
				<control type="label"><!-- Actor 1 -->
					<left>675</left>
					<top>265</top>
					<width>285</width>
					<height>20</height>
					<include condition="Skin.HasSetting(text-autoscroll)">scrolltext</include>
					<label>$INFO[Container(50).ListItemAbsolute(0).Label]</label>
					<font>apptv20</font>
				</control>
				<control type="label"><!-- Actor 2 -->
					<left>675</left>
					<top>290</top>
					<width>285</width>
					<height>20</height>
					<font>apptv20</font>
					<label>$INFO[Container(50).ListItemAbsolute(1).Label]</label>
				</control>
				<control type="label"><!-- Actor 3 -->
					<left>675</left>
					<top>315</top>
					<width>285</width>
					<height>20</height>
					<include condition="Skin.HasSetting(text-autoscroll)">scrolltext</include>
					<label>$INFO[Container(50).ListItemAbsolute(2).Label]</label>
					<font>apptv20</font>
				</control>
				<control type="label"><!-- Actor 4 -->
					<left>675</left>
					<top>340</top>
					<width>285</width>
					<height>20</height>
					<font>apptv20</font>
					<label>$INFO[Container(50).ListItemAbsolute(3).Label]</label>
				</control>
			</control>
			<control type="group">
				<visible>Container.Content(movies) | Container.Content(episodes) | Container.Content(musicvideos)</visible>
				<control type="label"><!-- Director heading-->
					<left>970</left>
					<top>240</top>
					<width>290</width>
					<height>22</height>
					<label>$LOCALIZE[31130]</label>
					<font>apptv22</font>
					<textcolor>disabled-text</textcolor>
					<shadowcolor>shadow-text</shadowcolor>
				</control>
				<control type="label">
					<left>970</left>
					<top>265</top>
					<width>290</width>
					<height>42</height>
					<include condition="Skin.HasSetting(text-autoscroll)">scrolltext</include>
					<label>$INFO[ListItem.Director]</label>
					<font>apptv20</font>
					<wrapmultiline>true</wrapmultiline>
				</control>
				<control type="label"><!-- Writer heading-->
					<left>970</left>
					<top>314</top>
					<width>290</width>
					<height>22</height>
					<label>$LOCALIZE[31131]</label>
					<font>apptv22</font>
					<textcolor>disabled-text</textcolor>
					<shadowcolor>shadow-text</shadowcolor>
				</control>
				<control type="label">
					<left>970</left>
					<top>338</top>
					<width>290</width>
					<height>42</height>
					<include condition="Skin.HasSetting(text-autoscroll)">scrolltext</include>
					<label>$INFO[ListItem.Writer]</label>
					<font>apptv20</font>
					<wrapmultiline>true</wrapmultiline>
				</control>
			</control>
		</control>
		<control type="grouplist" id="999"><!-- Option buttons -->
			<left>360</left>
			<top>400</top>
			<width>880</width>
			<height>96</height>
			<orientation>horizontal</orientation>
			<itemgap>15</itemgap>
			<align>center</align>
			<onleft>noop</onleft>
			<onright>noop</onright>
			<ondown condition="Control.IsVisible(50)">50</ondown>
			<ondown condition="Control.IsVisible(950)">950</ondown>
			<onup>1123</onup>
			<control type="togglebutton" id="8"><!-- Play/Browse button -->
				<include>videoinfo-options-common</include>
				<label>$LOCALIZE[208]</label>
				<altlabel>$LOCALIZE[1024]</altlabel>
				<texturefocus>button-info-play-focus.png</texturefocus>
				<texturenofocus>button-info-play.png</texturenofocus>
				<alttexturefocus>button-info-browse-focus.png</alttexturefocus>
				<alttexturenofocus>button-info-browse.png</alttexturenofocus>
				<usealttexture>Container.Content(tvshows) | Container.Content(seasons)</usealttexture>
				<visible>!System.HasAddon(script.cinema.experience) + [Container.Content(movies) | Container.Content(episodes) | Container.Content(TVShows) | Container.Content(musicvideos)]</visible>
			</control>
			<control type="button" id="18"><!-- Home cinema button -->
				<include>videoinfo-options-common</include>
				<label>$LOCALIZE[31692]</label>
				<texturefocus>button-info-play-focus.png</texturefocus>
				<texturenofocus>button-info-play.png</texturenofocus>
				<onclick>Dialog.Close(movieinformation)</onclick>
				<onclick>RunScript(script.cinemavision,experience)</onclick>
				<visible>System.HasAddon(script.cinemavision) + [Container.Content(movies) | Container.Content(episodes) | Container.Content(TVShows) | Container.Content(musicvideos)]</visible>
			</control>
			<control type="button" id="11"><!-- Trailer button -->
				<include>videoinfo-options-common</include>
				<label>$LOCALIZE[20410]</label>
				<texturefocus>button-info-trailer-focus.png</texturefocus>
				<texturenofocus>button-info-trailer.png</texturenofocus>
				<enable>!IsEmpty(ListItem.Trailer)</enable>
				<visible>Container.Content(movies)</visible>
			</control>
			<control type="group" id="905">
				<visible>!Container.Content(musicvideos)</visible>
				<width>96</width>
				<height>96</height>
				<control type="button" id="5"><!-- Cast/Plot button -->
					<height>96</height>
					<width>96</width>
					<onleft>100</onleft>
					<onright>6</onright>
					<ondown condition="Control.IsVisible(50)">50</ondown>
					<ondown condition="Control.IsVisible(950)">950</ondown>
					<onup>1023</onup>
					<textcolor>HideControl</textcolor>
					<focusedcolor>HideControl</focusedcolor>
					<colordiffuse>HideControl</colordiffuse>
				</control>
				<control type="image">
					<width>96</width>
					<height>96</height>
					<texture>button-info-cast.png</texture>
					<visible>!Control.HasFocus(5) + StringCompare(Control.GetLabel(5),$LOCALIZE[206])</visible>
				</control>
				<control type="image">
					<width>96</width>
					<height>96</height>
					<texture>button-info-cast-focus.png</texture>
					<visible>Control.HasFocus(5) + StringCompare(Control.GetLabel(5),$LOCALIZE[206])</visible>
				</control>
				<control type="image">
					<width>96</width>
					<height>96</height>
					<texture>button-info-plot.png</texture>
					<visible>!Control.HasFocus(5) + StringCompare(Control.GetLabel(5),$LOCALIZE[207])</visible>
				</control>
				<control type="image">
					<width>96</width>
					<height>96</height>
					<texture>button-info-plot-focus.png</texture>
					<visible>Control.HasFocus(5) + StringCompare(Control.GetLabel(5),$LOCALIZE[207])</visible>
				</control>
				<control type="label">
					<width>96</width>
					<height>96</height>
					<include condition="Skin.HasSetting(text-autoscroll)">scrolltext</include>
					<label>$LOCALIZE[206]</label>
					<font>apptv20</font>
					<textcolor>button-text</textcolor>
					<align>center</align>
					<aligny>top</aligny>
					<textoffsetx>10</textoffsetx>
					<textoffsety>60</textoffsety>
					<visible>Control.HasFocus(5) + StringCompare(Control.GetLabel(5),$LOCALIZE[206])</visible>
				</control>
				<control type="label">
					<width>96</width>
					<height>96</height>
					<include condition="Skin.HasSetting(text-autoscroll)">scrolltext</include>
					<label>$LOCALIZE[206]</label>
					<font>apptv20</font>
					<textcolor>disabled-text</textcolor>
					<align>center</align>
					<aligny>top</aligny>
					<textoffsetx>10</textoffsetx>
					<textoffsety>60</textoffsety>
					<visible>!Control.HasFocus(5) + StringCompare(Control.GetLabel(5),$LOCALIZE[206])</visible>
				</control>
				<control type="label">
					<width>96</width>
					<height>96</height>
					<include condition="Skin.HasSetting(text-autoscroll)">scrolltext</include>
					<label>$LOCALIZE[207]</label>
					<font>apptv20</font>
					<textcolor>button-text</textcolor>
					<align>center</align>
					<aligny>top</aligny>
					<textoffsetx>10</textoffsetx>
					<textoffsety>60</textoffsety>
					<visible>Control.HasFocus(5) + StringCompare(Control.GetLabel(5),$LOCALIZE[207])</visible>
				</control>
				<control type="label">
					<width>96</width>
					<height>96</height>
					<include condition="Skin.HasSetting(text-autoscroll)">scrolltext</include>
					<label>$LOCALIZE[207]</label>
					<font>apptv20</font>
					<textcolor>disabled-text</textcolor>
					<align>center</align>
					<aligny>top</aligny>
					<textoffsetx>10</textoffsetx>
					<textoffsety>60</textoffsety>
					<visible>!Control.HasFocus(5) + StringCompare(Control.GetLabel(5),$LOCALIZE[207])</visible>
				</control>
			</control>
			<control type="button" id="6"><!-- Refresh button -->
				<include>videoinfo-options-common</include>
				<label>$LOCALIZE[184]</label>
				<texturefocus>button-info-refresh-focus.png</texturefocus>
				<texturenofocus>button-info-refresh.png</texturenofocus>
			</control>
			<control type="button" id="1115"><!-- More options button -->
				<include>videoinfo-options-common</include>
				<label>$LOCALIZE[31693]</label>
				<texturefocus>button-info-more-focus.png</texturefocus>
				<texturenofocus>button-info-more.png</texturenofocus>
				<onclick>SetProperty(SelectDialogType,videoinfomore,home)</onclick>
				<onclick>ActivateWindow(1154)</onclick>
			</control>
		</control>
		<control type="label">
			<left>20</left>
			<top>488</top>
			<height>20</height>
			<width>300</width>
			<label>$LOCALIZE[206]</label>
			<font>apptv22</font>
			<align>right</align>
			<visible>SubString(Control.GetLabel(5),$LOCALIZE[207])</visible>
		</control>
		<control type="label">
			<left>20</left>
			<top>488</top>
			<height>20</height>
			<width>300</width>
			<label>$LOCALIZE[31691]</label>
			<font>apptv20</font>
			<align>right</align>
			<visible>!SubString(Control.GetLabel(5),$LOCALIZE[207]) + ![IsEmpty(Container(950).ListItem.Label)]</visible><!-- Not showing Cast and recommended video list has something to show -->
		</control>
		<control type="image">
			<left>340</left>
			<top>504</top>
			<width>900</width>
			<height>4</height>
			<texture>separator.png</texture>
		</control>
		<control type="list" id="50"><!-- Cast -->
			<left>10</left>
			<top>514</top>
			<width>1260</width>
			<height>200</height>
			<onleft>noop</onleft>
			<onright>noop</onright>
			<onup>999</onup>
			<viewtype label="31028">list</viewtype>
			<orientation>horizontal</orientation>
			<itemlayout height="200" width="210">
				<control type="image">
					<left>49</left>
					<top>0</top>
					<width>112</width>
					<height>146</height>
					<aspectratio scalediffuse="false">stretch</aspectratio>
					<texture diffuse="mask-rect.png" fallback="icon-profile.png" background="true">$INFO[ListItem.Thumb]</texture>
				</control>
			</itemlayout>
			<focusedlayout height="200" width="210">
				<control type="image">
					<left>49</left>
					<top>0</top>
					<width>112</width>
					<height>146</height>
					<aspectratio scalediffuse="false">stretch</aspectratio>
					<texture fallback="icon-profile.png" diffuse="mask-rect.png" background="true">$INFO[ListItem.Thumb]</texture>
					<animation effect="zoom" start="100" end="104" center="auto" time="200" tween="back" easing="out" reversible="false">focus</animation>
				</control>
				<control type="label">
					<left>0</left>
					<top>154</top>
					<height>20</height>
					<width>210</width>
					<label>$INFO[ListItem.Label]</label>
					<font>apptv20</font>
					<align>center</align>
					<include condition="Skin.HasSetting(text-autoscroll)">scrolltext</include>
					<animation effect="fade" time="100" delay="300">Focus</animation>
					<visible>Control.HasFocus(50)</visible>
				</control>
				<control type="label">
					<left>0</left>
					<top>178</top>
					<height>20</height>
					<width>210</width>
					<label>$INFO[ListItem.Label2]</label>
					<font>apptv20</font>
					<align>center</align>
					<include condition="Skin.HasSetting(text-autoscroll)">scrolltext</include>
					<animation effect="fade" time="100" delay="300">Focus</animation>
					<visible>Control.HasFocus(50)</visible>
				</control>
			</focusedlayout>
		</control>
		<control type="group"><!-- Markers for control area items -->
			<visible>Control.HasFocus(50)</visible>
			<control type="image">
				<left>20</left>
				<top>584</top>
				<height>16</height>
				<width>16</width>
				<texture>scroll-left.png</texture>
				<visible>Container(50).HasPrevious</visible>
			</control>
			<control type="image">
				<left>1244</left>
				<top>584</top>
				<height>16</height>
				<width>16</width>
				<texture>scroll-right.png</texture>
				<visible>Container(50).HasNext</visible>
			</control>
		</control>
		<control type="list" id="950">
			<visible>!SubString(Control.GetLabel(5),$LOCALIZE[207])</visible>
			<left>10</left>
			<top>518</top>
			<width>1260</width>
			<height>208</height>
			<onleft>noop</onleft>
			<onright>noop</onright>
			<onup>999</onup>
			<viewtype label="31028">list</viewtype>
			<orientation>horizontal</orientation>
			<itemlayout height="208" width="210">
				<control type="image">
					<left>48</left>
					<top>0</top>
					<width>114</width>
					<height>148</height>
					<aspectratio scalediffuse="true">keep</aspectratio>
					<texture diffuse="mask-rect.png" fallback="DefaultVideo.png" background="true">$INFO[ListItem.Art(poster)]</texture>
					<visible>![Container.Content(tvshows) | Container.Content(seasons) | Container.Content(episodes)]</visible>
				</control>
				<control type="image">
					<left>48</left>
					<top>0</top>
					<width>114</width>
					<height>148</height>
					<aspectratio scalediffuse="true">keep</aspectratio>
					<texture diffuse="mask-rect.png" fallback="DefaultTVShows.png" background="true">$INFO[ListItem.Art(poster)]</texture>
					<visible>Container.Content(tvshows) | Container.Content(seasons) | Container.Content(episodes)</visible>
				</control>
			</itemlayout>
			<focusedlayout height="208" width="210">
				<control type="group">
					<visible>!Control.HasFocus(950)</visible>
					<control type="image">
						<left>48</left>
						<top>0</top>
						<width>114</width>
						<height>148</height>
						<aspectratio scalediffuse="true">keep</aspectratio>
						<texture diffuse="mask-rect.png" fallback="DefaultVideo.png" background="true">$INFO[ListItem.Art(poster)]</texture>
						<visible>![Container.Content(tvshows) | Container.Content(seasons) | Container.Content(episodes)]</visible>
					</control>
					<control type="image">
						<left>48</left>
						<top>0</top>
						<width>114</width>
						<height>148</height>
						<aspectratio scalediffuse="true">keep</aspectratio>
						<texture diffuse="mask-rect.png" fallback="DefaultTVShows.png" background="true">$INFO[ListItem.Art(poster)]</texture>
						<visible>Container.Content(tvshows) | Container.Content(seasons) | Container.Content(episodes)</visible>
					</control>
				</control>
				<control type="group">
					<visible>Control.HasFocus(950)</visible>
					<control type="image">
						<left>48</left>
						<top>0</top>
						<width>114</width>
						<height>148</height>
						<aspectratio scalediffuse="true">keep</aspectratio>
						<texture diffuse="mask-rect.png" fallback="DefaultVideo.png" background="true">$INFO[ListItem.Art(poster)]</texture>
						<animation effect="zoom" start="100" end="108" center="auto" time="200" tween="back" easing="out" reversible="false">focus</animation>
						<visible>![Container.Content(tvshows) | Container.Content(seasons) | Container.Content(episodes)]</visible>
					</control>
					<control type="image">
						<left>48</left>
						<top>0</top>
						<width>114</width>
						<height>148</height>
						<aspectratio scalediffuse="true">keep</aspectratio>
						<texture diffuse="mask-rect.png" fallback="DefaultTVShows.png" background="true">$INFO[ListItem.Art(poster)]</texture>
						<animation effect="zoom" start="100" end="108" center="auto" time="200" tween="back" easing="out" reversible="false">focus</animation>
						<visible>Container.Content(tvshows) | Container.Content(seasons) | Container.Content(episodes)</visible>
					</control>
				</control>
				<control type="textbox">
					<left>0</left>
					<top>152</top>
					<width>210</width>
					<height>48</height>
					<label>$INFO[ListItem.Label]</label>
					<font>apptv20</font>
					<align>center</align>
					<animation effect="fade" time="100" delay="300">Focus</animation>
					<visible>Control.HasFocus(950)</visible>
				</control>
			</focusedlayout>
			<content target="video" limit="12">$VAR[VideoInfoIcons]</content>
		</control>
		<control type="group"><!-- Markers for control area items -->
			<visible>Control.HasFocus(950)</visible>
			<control type="image">
				<left>20</left>
				<top>582</top>
				<height>16</height>
				<width>16</width>
				<texture>scroll-left.png</texture>
				<visible>Container(950).HasPrevious</visible>
			</control>
			<control type="image">
				<left>1244</left>
				<top>582</top>
				<height>16</height>
				<width>16</width>
				<texture>scroll-right.png</texture>
				<visible>Container(950).HasNext</visible>
			</control>
		</control>
	</controls>
</window>