<?xml version="1.0" encoding="UTF-8"?>
<window>
	<animation type="WindowOpen">
		<effect type="zoom" start="200" end="100" time="400" tween="cubic" easing="in" center="auto" />
	</animation>
	<controls>
		<control type="image" id="1"><!-- Pointer Image -->
			<width>32</width>
			<height>32</height>
			<texture>pointer.png</texture>
			<visible>!Window.IsVisible(startup)</visible>
		</control>
		<control type="image" id="2"><!-- Pointer Focus Image -->
			<width>32</width>
			<height>32</height>
			<texture>pointer.png</texture>
			<visible>!Window.IsVisible(startup)</visible>
		</control>
		<control type="image" id="3"><!-- Pointer Drag Image -->
			<width>32</width>
			<height>32</height>
			<texture>pointer-drag.png</texture>
			<visible>!Window.IsVisible(startup)</visible>
		</control>
		<control type="image" id="4"><!-- Pointer Click Image -->
			<width>32</width>
			<height>32</height>
			<texture>pointer-drag.png</texture>
			<visible>!Window.IsVisible(startup)</visible>
		</control>
	</controls>
</window>