﻿<?xml version="1.0" encoding="UTF-8"?>
	<addon id="skin.aeonmq5.pixar.16" version="8.2.3" name="[COLOR lime]Aeon MQ 5 Pixar[/COLOR]  (16)" provider-name="MarcosQui">
	<requires>
	<import addon="xbmc.gui" version="5.10.0"/>
	<import addon="script.aeonmq5.extrapack" version="1.0.1"/>
	<import addon="script.favourites" version="4.0.4"/>
	<import addon="script.artwork.downloader" version="12.0.11"/>
	<import addon="script.randomandlastitems" version="2.0.3"/>
	<import addon="script.games.rom.collection.browser" version="2.1.2"/>
	<import addon="script.artistslideshow" version="1.4.6"/>
	<import addon="script.tv.show.next.aired" version="6.0.10"/>
	<import addon="service.skin.widgets" version="0.0.19"/>
	<import addon="script.cu.lrclyrics" version="1.0.1"/>
	<import addon="script.videolanguage" version="0.0.6"/>
	<import addon="script.globalsearch" version="1.1.1"/>
	<import addon="script.toolbox" version="1.0.1"/>
	<import addon="script.image.resource.select" version="0.0.5"/>
	</requires>
	<extension point="xbmc.gui.skin"  effectslowdown="0.75" debugging="false">
	<res width="1280" height="720" aspect="16:9" default="true" folder="720p"/>
	</extension>
	<extension point="xbmc.addon.metadata">
	<summary lang="de_DE">[COLOR blue]Guidos Master SkinBase[/COLOR].</summary>
	<description lang="de_DE">[COLOR orange]The Biggest SkinBase off the World. [/COLOR]</description>
	<platform>all</platform>
	</extension>
</addon>
