<?xml version="1.0" encoding="utf-8"?>
<window type="dialog">
    <defaultcontrol always="true">9000</defaultcontrol>
    <onload condition="Container.Content(artists)">RunScript(script.extendedinfo,info=artistdetails,artistname='$ESCINFO[ListItem.Artist]',silent=False)</onload>
    <onload condition="Container.Content(albums)">RunScript(script.extendedinfo,info=artistdetails,info=albuminfo,artistname='$ESCINFO[ListItem.Artist]',albumname='$ESCINFO[ListItem.Album]',silent=False)</onload>
    <controls>
        <include>DimBG</include>
        <control type="group">
            <include>DialogOpenClose</include>
            <control type="image">
                <posx>0</posx>
                <posy>140</posy>
                <width>1920</width>
                <height>1080</height>
                <!--<include>DialogTransparency</include>-->
                <colordiffuse>$VAR[Picked.Theme.Color]</colordiffuse>
                <texture border="50">common/background_menu.png</texture>
            </control>
            <include name="WindowClosingButton">
                <param name="id" value="99010"/>
                <param name="x" value="1870"/>
                <param name="y" value="140"/>
                <param name="onleft" value="6060"/>
            </include>
            <control type="image">
                <posx>530</posx>
                <posy>190</posy>
                <width>480</width>
                <height>900</height>
                <texture border="1">common/background_strip_horizontal_right.png</texture>
            </control>
            <control type="image">
                <posx>530r</posx>
                <posy>190</posy>
                <width>480</width>
                <height>900</height>
                <texture border="1">common/background_strip_horizontal_right.png</texture>
            </control>
            <!-- SIDE MENU -->
            <control type="group">
                <posy>240</posy>
                <control type="grouplist" id="9000">
                    <posy>0</posy>
                    <height>800</height>
                    <include>DialogMenuButtonGroup</include>
                    <ondown>9000</ondown>
                    <onright>9060</onright>
                    <control type="button" id="500">
                        <visible>container.content(artists)</visible>
                        <description>Biography</description>
                        <include>DialogMenuButton</include>
                        <label>21887</label>
                        <onright>49</onright>
                    </control>
                    <control type="button" id="501">
                        <visible>container.content(albums)</visible>
                        <description>Review</description>
                        <include>DialogMenuButton</include>
                        <label>183</label>
                        <onright>49</onright>
                    </control>
                    <control type="button" id="502">
                        <visible>!System.HasAddon(script.extendedinfo)</visible>
                        <visible>container.content(artists)</visible>
                        <description>Discography</description>
                        <include>DialogMenuButton</include>
                        <label>21888</label>
                        <onright>50</onright>
                    </control>
                    <control type="button" id="503">
                        <visible>container.content(albums)</visible>
                        <description>Tracks</description>
                        <include>DialogMenuButton</include>
                        <label>182</label>
                        <onright>50</onright>
                    </control>
                    <control type="button" id="504">
                        <visible>System.HasAddon(script.extendedinfo)</visible>
                        <!--<visible>IntegerGreaterThan(Container(5041).NumItems,0)</visible>-->
                        <visible>container.content(artists)</visible>
                        <description>Discography ExtendedInfo</description>
                        <include>DialogMenuButton</include>
                        <label>21888</label>
                        <onright>5041</onright>
                    </control>
                    <!--<control type="button" id="509">-->
                        <!--<visible>System.HasAddon(script.extendedinfo)</visible>-->
                        <!--&lt;!&ndash;<visible>IntegerGreaterThan(Container(5091).NumItems,0)</visible>&ndash;&gt;-->
                        <!--<visible>container.content(artists)</visible>-->
                        <!--<description>Twitter Shouts ExtendedInfo</description>-->
                        <!--<include>DialogMenuButton</include>-->
                        <!--<label>Twitter</label>-->
                        <!--<onright>5091</onright>-->
                    <!--</control>-->
                    <!--<control type="button" id="505">-->
                    <!--<visible>System.HasAddon(script.extendedinfo)</visible>-->
                    <!--&lt;!&ndash;<visible>IntegerGreaterThan(Container(5051).NumItems,0)</visible>&ndash;&gt;-->
                    <!--<visible>container.content(artists)</visible>-->
                    <!--<description>Concerts ExtendedInfo</description>-->
                    <!--<include>DialogMenuButton</include>-->
                    <!--<label>31971</label>-->
                    <!--<onright>5051</onright>-->
                    <!--</control>-->
                    <!--<control type="button" id="506">-->
                    <!--<visible>System.HasAddon(script.extendedinfo)</visible>-->
                    <!--<visible>container.content(artists)</visible>-->
                    <!--<description>Similar Artists ExtendedInfo</description>-->
                    <!--<include>DialogMenuButton</include>-->
                    <!--<label>31942</label>-->
                    <!--<onright>5061</onright>-->
                    <!--</control>-->
                    <control type="button" id="507">
                        <visible>System.HasAddon(script.extendedinfo)</visible>
                        <!--<visible>IntegerGreaterThan(Container(5071).NumItems,0)</visible>-->
                        <visible>container.content(artists)</visible>
                        <description>MusicVideos ExtendedInfo</description>
                        <include>DialogMenuButton</include>
                        <label>20389</label>
                        <onright>5071</onright>
                    </control>
                    <control type="button" id="508">
                        <visible>System.HasAddon(script.extendedinfo)</visible>
                        <!--<visible>IntegerGreaterThan(Container(5081).NumItems,0)</visible>-->
                        <!--<visible>container.content(artists)</visible>-->
                        <description>Youtube ExtendedInfo</description>
                        <include>DialogMenuButton</include>
                        <label>$ADDON[script.extendedinfo 32118]</label>
                        <onright>5081</onright>
                    </control>
                    <control type="label" id="7895">
                        <height>200</height>
                        <width>480</width>
                        <label>-</label>
                    </control>
                    <control type="button" id="10">
                        <description>Get Thumb</description>
                        <include>DialogMenuButton</include>
                        <label>13405</label>
                        <onright>49</onright>
                    </control>
                    <control type="button" id="12">
                        <visible>container.content(artists)</visible>
                        <description>Get Fanart</description>
                        <include>DialogMenuButton</include>
                        <label>20413</label>
                        <onright>49</onright>
                    </control>
                    <control type="button" id="6">
                        <description>Refresh</description>
                        <include>DialogMenuButton</include>
                        <label>184</label>
                        <onright>49</onright>
                    </control>
                </control>
                <include name="DialogMenuScroller">
                    <param name="y" value="0"/>
                    <param name="height" value="800"/>
                    <param name="onright" value="49"/>
                    <param name="onleft" value="9000"/>
                </include>
            </control>
            <control type="group">
                <posx>530</posx>
                <posy>240</posy>
                <control type="label">
                    <visible>!container.content(artists)</visible>
                    <posx>TextMargin</posx>
                    <posy>0</posy>
                    <width>760</width>
                    <height>50</height>
                    <font>InfoTitleFont</font>
                    <include>TextColor_MainColor</include>
                    <scroll>true</scroll>
                    <label>$INFO[ListItem.Album]</label>
                </control>
                <control type="label">
                    <visible>container.content(artists)</visible>
                    <posx>TextMargin</posx>
                    <posy>0</posy>
                    <width>760</width>
                    <height>50</height>
                    <font>InfoTitleFont</font>
                    <include>TextColor_MainColor</include>
                    <scroll>true</scroll>
                    <label>$INFO[ListItem.Artist]</label>
                </control>
                <!--BIOGRAPHY REVIEW-->
                <control type="group" id="5000">
                    <!--<visible>![Control.HasFocus(503)|-->
                        <!--Control.HasFocus(502)|-->
                        <!--Control.HasFocus(504)|-->
                        <!--Control.HasFocus(505)|-->
                        <!--Control.HasFocus(506)|-->
                        <!--Control.HasFocus(507)|-->
                        <!--Control.HasFocus(508)|-->
                        <!--Control.HasFocus(509)|-->
                        <!--ControlGroup(5020).HasFocus|-->
                        <!--ControlGroup(5040).HasFocus|-->
                        <!--ControlGroup(5050).HasFocus|-->
                        <!--ControlGroup(5060).HasFocus|-->
                        <!--ControlGroup(5070).HasFocus|-->
                        <!--ControlGroup(5080).HasFocus|-->
                        <!--ControlGroup(5090).HasFocus]</visible>-->
                    <visible>![Control.HasFocus(503)|
                        Control.HasFocus(502)|
                        Control.HasFocus(504)|
                        Control.HasFocus(507)|
                        Control.HasFocus(508)|
                        ControlGroup(5020).HasFocus|
                        ControlGroup(5040).HasFocus|
                        ControlGroup(5070).HasFocus|
                        ControlGroup(5080).HasFocus]</visible>
                    <include>VisibleFadeEffect</include>
                    <control type="group">
                        <visible>container.content(Albums)</visible>
                        <include>VisibleFadeEffect</include>
                        <control type="label">
                            <posx>TextMargin</posx>
                            <posy>50</posy>
                            <width>760</width>
                            <height>35</height>
                            <font>InfoTitleSubFont</font>
                            <include>TextColor_MidColor</include>
                            <label>$LOCALIZE[10523]</label>
                        </control>
                        <include name="DummyButton">
                            <param name="x" value="0"/>
                            <param name="y" value="0"/>
                            <param name="width" value="860"/>
                            <param name="height" value="800"/>
                            <param name="onfocus" value="noop"/>
                        </include>
                        <control type="panel" id="49">
                            <height>300</height>
                            <onleft>9000</onleft>
                            <onright>60</onright>
                            <onup>49</onup>
                            <ondown>6060</ondown>
                            <pagecontrol>60</pagecontrol>
                            <include>List_9009_Commons</include>
                            <content>
                                <item>
                                    <label>$LOCALIZE[557]:</label>
                                    <label2>$INFO[ListItem.Artist]</label2>
                                    <onclick>noop</onclick>
                                    <visible>!IsEmpty(ListItem.Artist)</visible>
                                </item>
                                <item>
                                    <label>$LOCALIZE[515]:</label>
                                    <label2>$INFO[ListItem.Genre]</label2>
                                    <onclick>noop</onclick>
                                    <visible>!IsEmpty(ListItem.Genre)</visible>
                                </item>
                                <item>
                                    <label>$LOCALIZE[563]:</label>
                                    <label2>$INFO[ListItem.Rating]</label2>
                                    <onclick>noop</onclick>
                                    <visible>IntegerGreaterThan(ListItem.Rating,0)</visible>
                                </item>
                                <item>
                                    <label>$LOCALIZE[175]:</label>
                                    <label2>$INFO[ListItem.Property(Album_Mood)]</label2>
                                    <onclick>noop</onclick>
                                    <visible>!IsEmpty(ListItem.Property(Album_Mood))</visible>
                                </item>
                                <item>
                                    <label>$LOCALIZE[176]:</label>
                                    <label2>$INFO[ListItem.Property(Album_Style)]</label2>
                                    <onclick>noop</onclick>
                                    <visible>!IsEmpty(ListItem.Property(Album_Style))</visible>
                                </item>
                                <item>
                                    <label>$LOCALIZE[21895]:</label>
                                    <label2>$INFO[ListItem.Property(Album_Theme)]</label2>
                                    <onclick>noop</onclick>
                                    <visible>!IsEmpty(ListItem.Property(Album_Theme))</visible>
                                </item>
                                <item>
                                    <label>146</label>
                                    <label2>$INFO[ListItem.Property(Album_Type)]</label2>
                                    <onclick>noop</onclick>
                                    <visible>!IsEmpty(ListItem.Property(Album_Type))</visible>
                                </item>
                                <item>
                                    <label>$LOCALIZE[21899]:</label>
                                    <label2>$INFO[ListItem.Property(Album_Label)]</label2>
                                    <onclick>noop</onclick>
                                    <visible>!IsEmpty(ListItem.Property(Album_Label))</visible>
                                </item>
                                <item>
                                    <label>$LOCALIZE[562]:</label>
                                    <label2>$INFO[ListItem.Year]</label2>
                                    <onclick>noop</onclick>
                                    <visible>!IsEmpty(ListItem.Year)</visible>
                                </item>
                            </content>
                        </control>
                        <control type="scrollbar" id="60">
                            <posx>810</posx>
                            <posy>100</posy>
                            <height>300</height>
                            <include>VerticalScroller</include>
                            <onleft>49</onleft>
                            <onright>60</onright>
                            <ondown>6060</ondown>
                        </control>
                    </control>
                    <control type="group">
                        <visible>container.content(Artists)</visible>
                        <include>VisibleFadeEffect</include>
                        <control type="label">
                            <posx>TextMargin</posx>
                            <posy>50</posy>
                            <width>760</width>
                            <height>35</height>
                            <font>InfoTitleSubFont</font>
                            <include>TextColor_MidColor</include>
                            <label>$LOCALIZE[21891]</label>
                        </control>
                        <control type="panel" id="49">
                            <height>300</height>
                            <onleft>9000</onleft>
                            <onright>60</onright>
                            <onup>49</onup>
                            <ondown>6060</ondown>
                            <pagecontrol>60</pagecontrol>
                            <include>List_9009_Commons</include>
                            <content>
                                <item>
                                    <label>$LOCALIZE[21893]:</label>
                                    <label2>$INFO[ListItem.Property(Artist_Born)]</label2>
                                    <onclick>noop</onclick>
                                    <visible>!IsEmpty(ListItem.Property(Artist_Born))</visible>
                                </item>
                                <item>
                                    <label>$LOCALIZE[21894]:</label>
                                    <label2>$INFO[ListItem.Property(Artist_Formed)]</label2>
                                    <onclick>noop</onclick>
                                    <visible>!IsEmpty(ListItem.Property(Artist_Formed))</visible>
                                </item>
                                <item>
                                    <label>$LOCALIZE[515]:</label>
                                    <label2>$INFO[ListItem.Genre]</label2>
                                    <onclick>noop</onclick>
                                    <visible>!IsEmpty(ListItem.Genre)</visible>
                                </item>
                                <item>
                                    <label>$LOCALIZE[175]:</label>
                                    <label2>$INFO[ListItem.Property(Artist_Mood)]</label2>
                                    <onclick>noop</onclick>
                                    <visible>!IsEmpty(ListItem.Property(Artist_Mood))</visible>
                                </item>
                                <item>
                                    <label>$LOCALIZE[176]:</label>
                                    <label2>$INFO[ListItem.Property(Artist_Style)]</label2>
                                    <onclick>noop</onclick>
                                    <visible>!IsEmpty(ListItem.Property(Artist_Style))</visible>
                                </item>
                                <item>
                                    <label>$LOCALIZE[21892]:</label>
                                    <label2>$INFO[ListItem.Property(Artist_Instrument)]</label2>
                                    <onclick>noop</onclick>
                                    <visible>!IsEmpty(ListItem.Property(Artist_Instrument))</visible>
                                </item>
                                <item>
                                    <label>$LOCALIZE[21897]:</label>
                                    <label2>$INFO[ListItem.Property(Artist_Died)]</label2>
                                    <onclick>noop</onclick>
                                    <visible>!IsEmpty(ListItem.Property(Artist_Died))</visible>
                                </item>
                                <item>
                                    <label>$LOCALIZE[21896]:</label>
                                    <label2>$INFO[ListItem.Property(Artist_Disbanded)]</label2>
                                    <onclick>noop</onclick>
                                    <visible>!IsEmpty(ListItem.Property(Artist_Disbanded))</visible>
                                </item>
                                <item>
                                    <label>$LOCALIZE[21898]:</label>
                                    <label2>$INFO[ListItem.Property(Artist_YearsActive)]</label2>
                                    <onclick>noop</onclick>
                                    <visible>!IsEmpty(ListItem.Property(Artist_YearsActive))</visible>
                                </item>
                            </content>
                        </control>
                        <control type="scrollbar" id="60">
                            <posx>810</posx>
                            <posy>100</posy>
                            <height>300</height>
                            <include>VerticalScroller</include>
                            <onleft>49</onleft>
                            <onright>9000</onright>
                            <ondown>6060</ondown>
                        </control>
                    </control>
                    <control type="group">
                        <posx>0</posx>
                        <posy>450</posy>
                        <control type="textbox" id="4">
                            <description>Description</description>
                            <posx>TextMargin</posx>
                            <posy>10</posy>
                            <width>760</width>
                            <height>310</height>
                            <font>InfoPlotFont</font>
                            <textcolor>AlternateColor</textcolor>
                            <pagecontrol>6060</pagecontrol>
                        </control>
                        <control type="scrollbar" id="6060">
                            <visible>Skin.HasSetting(ManualScroll)</visible>
                            <posx>810</posx>
                            <posy>10</posy>
                            <height>310</height>
                            <include>VerticalScroller</include>
                            <onleft>49</onleft>
                            <onup>60</onup>
                            <onright>6060</onright>
                        </control>
                    </control>
                    <control type="group">
                        <posx>910</posx>
                        <posy>0</posy>
                        <include name="DiscArt">
                            <param name="visible" value="!IsEmpty(ListItem.Thumb)+container.content(Albums)"/>
                            <param name="x" value="10"/>
                            <param name="y" value="-180"/>
                            <param name="width" value="360"/>
                            <param name="height" value="360"/>
                            <param name="texture" value="$VAR[MusicCdArt]"/>
                            <param name="visibleShadow" value="true"/>
                            <param name="xShadow" value="0"/>
                            <param name="yShadow" value="-25"/>
                            <param name="widthShadow" value="380"/>
                            <param name="flipyShadow" value="false"/>
                        </include>
                        <include name="ThumbsImages">
                            <param name="visible" value="true"/>
                            <param name="x" value="0"/>
                            <param name="y" value="0"/>
                            <param name="width" value="380"/>
                            <param name="height" value="380"/>
                            <param name="aspectratio" value="keep"/>
                            <param name="align" value="center"/>
                            <param name="aligny" value="top"/>
                            <param name="flipy" value="false"/>
                        </include>
                        <include name="StudioArt">
                            <param name="x" value="0"/>
                            <param name="y" value="430"/>
                            <param name="width" value="380"/>
                            <param name="height" value="150"/>
                            <param name="visible" value="true"/>
                            <param name="align" value="center"/>
                            <param name="aligny" value="center"/>
                        </include>
                        <include name="ClearArtLogo">
                            <param name="x" value="0"/>
                            <param name="y" value="620"/>
                            <param name="width" value="380"/>
                            <param name="height" value="180"/>
                            <param name="visible" value="true"/>
                            <param name="align" value="center"/>
                            <param name="aligny" value="center"/>
                            <param name="flipy" value="false"/>
                        </include>
                    </control>
                </control>
                <!--DISCOGRAPHY TRACKS-->
                <control type="group" id="5020">
                    <visible>Control.HasFocus(502)|Control.HasFocus(503)|ControlGroup(5020).HasFocus</visible>
                    <include>VisibleFadeEffect</include>
                    <control type="label">
                        <posx>TextMargin</posx>
                        <posy>50</posy>
                        <width>760</width>
                        <height>35</height>
                        <font>InfoTitleSubFont</font>
                        <include>TextColor_MidColor</include>
                        <label>$LOCALIZE[21888] - $INFO[Container(50).NumItems] $LOCALIZE[31025]</label>
                    </control>
                    <include name="DummyButton">
                        <param name="x" value="0"/>
                        <param name="y" value="0"/>
                        <param name="width" value="860"/>
                        <param name="height" value="800"/>
                        <param name="onfocus" value="noop"/>
                    </include>
                    <control type="panel" id="50">
                        <posx>0</posx>
                        <posy>100</posy>
                        <width>860</width>
                        <height>700</height>
                        <onleft>9000</onleft>
                        <onright>62</onright>
                        <onup>50</onup>
                        <ondown>50</ondown>
                        <viewtype label="">list</viewtype>
                        <pagecontrol>62</pagecontrol>
                        <orientation>vertical</orientation>
                        <itemlayout height="100" width="860" condition="Container.Content(Albums)">
                            <control type="label">
                                <posx>TextMargin</posx>
                                <posy>6</posy>
                                <height>50</height>
                                <width>760</width>
                                <font>FacadeListMainFont</font>
                                <include>TextColor_MidColor</include>
                                <label>$INFO[ListItem.TrackNumber,, - ]$INFO[ListItem.Label]</label>
                            </control>
                            <control type="label">
                                <posx>TextMargin</posx>
                                <posy>44</posy>
                                <height>50</height>
                                <width>760</width>
                                <font>FacadeListSubFont</font>
                                <textcolor>FocusedColor</textcolor>
                                <label>$INFO[ListItem.Duration]</label>
                            </control>
                        </itemlayout>
                        <focusedlayout height="100" width="860" condition="Container.Content(Albums)">
                            <control type="group">
                                <include>ButtonWideFocusAnimation</include>
                                <control type="image">
                                    <posx>0</posx>
                                    <posy>0</posy>
                                    <height>100</height>
                                    <width>860</width>
                                    
                                    <texture border="1">list/bg_facade_focus2.png</texture>
                                </control>
                                <control type="label">
                                    <posx>TextMargin</posx>
                                    <posy>6</posy>
                                    <height>50</height>
                                    <width>760</width>
                                    <font>FacadeListMainFont</font>
                                    <scroll>true</scroll>
                                    <textcolor>FocusedColor</textcolor>
                                    <label>$INFO[ListItem.TrackNumber,, - ]$INFO[ListItem.Label]</label>
                                </control>
                                <control type="label">
                                    <posx>TextMargin</posx>
                                    <posy>44</posy>
                                    <height>50</height>
                                    <width>760</width>
                                    <font>FacadeListSubFont</font>
                                    <scroll>true</scroll>
                                    <textcolor>AlternateColor</textcolor>
                                    <label>$INFO[ListItem.Duration]</label>
                                </control>
                            </control>
                        </focusedlayout>
                        <itemlayout height="100" width="860" condition="Container.Content(Artists)">
                            <control type="label">
                                <posx>TextMargin</posx>
                                <posy>6</posy>
                                <height>50</height>
                                <width>760</width>
                                <font>FacadeListMainFont</font>
                                <include>TextColor_MidColor</include>
                                <label>$INFO[ListItem.Label]</label>
                            </control>
                            <control type="label">
                                <posx>TextMargin</posx>
                                <posy>44</posy>
                                <height>50</height>
                                <width>760</width>
                                <font>FacadeListSubFont</font>
                                <textcolor>FocusedColor</textcolor>
                                <label>$INFO[ListItem.Label2]</label>
                            </control>
                        </itemlayout>
                        <focusedlayout height="100" width="860" condition="Container.Content(Artists)">
                            <control type="group">
                                <include>ButtonWideFocusAnimation</include>
                                <control type="image">
                                    <posx>0</posx>
                                    <posy>0</posy>
                                    <height>100</height>
                                    <width>860</width>
                                    
                                    <texture border="1">list/bg_facade_focus2.png</texture>
                                </control>
                                <control type="label">
                                    <posx>TextMargin</posx>
                                    <posy>6</posy>
                                    <height>50</height>
                                    <width>760</width>
                                    <font>FacadeListMainFont</font>
                                    <scroll>true</scroll>
                                    <textcolor>FocusedColor</textcolor>
                                    <label>$INFO[ListItem.Label]</label>
                                </control>
                                <control type="label">
                                    <posx>TextMargin</posx>
                                    <posy>44</posy>
                                    <height>50</height>
                                    <width>760</width>
                                    <font>FacadeListSubFont</font>
                                    <scroll>true</scroll>
                                    <textcolor>AlternateColor</textcolor>
                                    <label>$INFO[ListItem.Label2]</label>
                                </control>
                            </control>
                        </focusedlayout>
                    </control>
                    <control type="scrollbar" id="62">
                        <posx>810</posx>
                        <posy>100</posy>
                        <height>700</height>
                        <include>VerticalScroller</include>
                        <onleft>50</onleft>
                        <onright>62</onright>
                    </control>
                    <control type="group">
                        <posx>910</posx>
                        <posy>0</posy>
                        <include name="DiscArt">
                            <param name="visible" value="!IsEmpty(ListItem.Thumb)+container.content(Albums)"/>
                            <param name="x" value="10"/>
                            <param name="y" value="-180"/>
                            <param name="width" value="360"/>
                            <param name="height" value="360"/>
                            <param name="texture" value="$VAR[MusicCdArt]"/>
                            <param name="visibleShadow" value="true"/>
                            <param name="xShadow" value="0"/>
                            <param name="yShadow" value="-25"/>
                            <param name="widthShadow" value="380"/>
                            <param name="flipyShadow" value="false"/>
                        </include>
                        <include name="ThumbsImages">
                            <param name="visible" value="true"/>
                            <param name="x" value="0"/>
                            <param name="y" value="0"/>
                            <param name="width" value="380"/>
                            <param name="height" value="380"/>
                            <param name="aspectratio" value="keep"/>
                            <param name="align" value="center"/>
                            <param name="aligny" value="top"/>
                            <param name="flipy" value="false"/>
                        </include>
                        <include name="StudioArt">
                            <param name="x" value="0"/>
                            <param name="y" value="430"/>
                            <param name="width" value="380"/>
                            <param name="height" value="150"/>
                            <param name="visible" value="true"/>
                            <param name="align" value="center"/>
                            <param name="aligny" value="center"/>
                        </include>
                        <include name="ClearArtLogo">
                            <param name="x" value="0"/>
                            <param name="y" value="620"/>
                            <param name="width" value="380"/>
                            <param name="height" value="180"/>
                            <param name="visible" value="true"/>
                            <param name="align" value="center"/>
                            <param name="aligny" value="center"/>
                            <param name="flipy" value="false"/>
                        </include>
                    </control>
                </control>
                <!--DISCOGRAPHY EXTENDEDINFO-->
                <control type="group" id="5040">
                    <visible>Control.HasFocus(504)|ControlGroup(5040).HasFocus</visible>
                    <include>VisibleFadeEffect</include>
                    <control type="label">
                        <posx>TextMargin</posx>
                        <posy>50</posy>
                        <width>760</width>
                        <height>35</height>
                        <font>InfoTitleSubFont</font>
                        <include>TextColor_MidColor</include>
                        <label>$LOCALIZE[21888] - $INFO[Container(5041).NumItems] $LOCALIZE[31025]</label>
                    </control>
                    <include name="DummyButton">
                        <param name="x" value="0"/>
                        <param name="y" value="0"/>
                        <param name="width" value="860"/>
                        <param name="height" value="800"/>
                        <param name="onfocus" value="noop"/>
                    </include>
                    <control type="panel" id="5041">
                        <posx>0</posx>
                        <posy>100</posy>
                        <width>860</width>
                        <height>700</height>
                        <onleft>9000</onleft>
                        <onright>5640</onright>
                        <onup>5041</onup>
                        <ondown>5041</ondown>
                        <viewtype label="">list</viewtype>
                        <pagecontrol>5640</pagecontrol>
                        <orientation>vertical</orientation>
                        <itemlayout height="100" width="860">
                            <control type="label">
                                <posx>TextMargin</posx>
                                <posy>6</posy>
                                <height>50</height>
                                <width>760</width>
                                <font>FacadeListMainFont</font>
                                <include>TextColor_MidColor</include>
                                <label>$INFO[ListItem.Label]</label>
                            </control>
                            <control type="label">
                                <posx>TextMargin</posx>
                                <posy>44</posy>
                                <height>50</height>
                                <width>760</width>
                                <font>FacadeListSubFont</font>
                                <textcolor>FocusedColor</textcolor>
                                <label>$INFO[ListItem.Year]</label>
                            </control>
                        </itemlayout>
                        <focusedlayout height="100" width="860">
                            <control type="group">
                                <include>ButtonWideFocusAnimation</include>
                                <control type="image">
                                    <posx>0</posx>
                                    <posy>0</posy>
                                    <height>100</height>
                                    <width>860</width>
                                    
                                    <texture border="1">list/bg_facade_focus2.png</texture>
                                </control>
                                <control type="label">
                                    <posx>TextMargin</posx>
                                    <posy>6</posy>
                                    <height>50</height>
                                    <width>760</width>
                                    <font>FacadeListMainFont</font>
                                    <scroll>true</scroll>
                                    <textcolor>FocusedColor</textcolor>
                                    <label>$INFO[ListItem.Label]</label>
                                </control>
                                <control type="label">
                                    <posx>TextMargin</posx>
                                    <posy>44</posy>
                                    <height>50</height>
                                    <width>760</width>
                                    <font>FacadeListSubFont</font>
                                    <scroll>true</scroll>
                                    <textcolor>AlternateColor</textcolor>
                                    <label>$INFO[ListItem.Year]</label>
                                </control>
                            </control>
                        </focusedlayout>
                        <content>plugin://script.extendedinfo?info=discography&amp;&amp;artistname=$INFO[ListItem.Artist]</content>
                    </control>
                    <control type="scrollbar" id="5640">
                        <posx>810</posx>
                        <posy>100</posy>
                        <height>700</height>
                        <include>VerticalScroller</include>
                        <onleft>5041</onleft>
                        <onright>5640</onright>
                    </control>
                    <control type="group">
                        <posx>910</posx>
                        <posy>0</posy>
                        <include name="DiscArt">
                            <param name="visible" value="!IsEmpty(ListItem.Thumb)+container.content(Albums)"/>
                            <param name="x" value="10"/>
                            <param name="y" value="-180"/>
                            <param name="width" value="360"/>
                            <param name="height" value="360"/>
                            <param name="texture" value="$VAR[MusicCdArt]"/>
                            <param name="visibleShadow" value="true"/>
                            <param name="xShadow" value="0"/>
                            <param name="yShadow" value="-25"/>
                            <param name="widthShadow" value="380"/>
                            <param name="flipyShadow" value="false"/>
                        </include>
                        <control type="image">
                            <visible>IsEmpty(Container(5041).Listitem.Icon)</visible>
                            <posx>0</posx>
                            <posy>0</posy>
                            <width>380</width>
                            <height>380</height>
                            <colordiffuse>$VAR[Picked.Theme.Color]</colordiffuse>
                            <texture>defaultAudioBig.png</texture>
                            <aspectratio aligny="top">keep</aspectratio>
                        </control>
                        <control type="image">
                            <posx>0</posx>
                            <posy>0</posy>
                            <width>380</width>
                            <height>380</height>
                            <texture background="true">$INFO[Container(5041).Listitem.Icon]</texture>
                            <aspectratio aligny="top">keep</aspectratio>
                        </control>
                        <include name="StudioArt">
                            <param name="x" value="0"/>
                            <param name="y" value="430"/>
                            <param name="width" value="380"/>
                            <param name="height" value="150"/>
                            <param name="visible" value="true"/>
                            <param name="align" value="center"/>
                            <param name="aligny" value="center"/>
                        </include>
                        <include name="ClearArtLogo">
                            <param name="x" value="0"/>
                            <param name="y" value="620"/>
                            <param name="width" value="380"/>
                            <param name="height" value="180"/>
                            <param name="visible" value="true"/>
                            <param name="align" value="center"/>
                            <param name="aligny" value="center"/>
                        </include>
                    </control>
                </control>
                <!--CONCERTS EXTENDEDINFO-->
                <!--<control type="group" id="5050">-->
                <!--<visible>Control.HasFocus(505)|ControlGroup(5050).HasFocus</visible>-->
                <!--<include>VisibleFadeEffect</include>-->
                <!--<control type="label">-->
                <!--<posx>TextMargin</posx>-->
                <!--<posy>42</posy>-->
                <!--<width>760</width>-->
                <!--<height>35</height>-->
                <!--<font>InfoTitleSubFont</font>-->
                <!--<include>TextColor_MidColor</include>-->
                <!--<label>$LOCALIZE[31971] - $INFO[Container(5051).NumItems] $LOCALIZE[31025]</label>-->
                <!--</control>-->
                <!--<include name="DummyButton">-->
                <!--<param name="x" value="0"/>-->
                <!--<param name="y" value="0"/>-->
                <!--<param name="width" value="860"/>-->
                <!--<param name="height" value="800"/>-->
                <!--<param name="onfocus" value="noop"/>-->
                <!--</include>-->
                <!--<control type="panel" id="5051">-->
                <!--<posx>0</posx>-->
                <!--<posy>100</posy>-->
                <!--<width>860</width>-->
                <!--<height>700</height>-->
                <!--<onleft>9000</onleft>-->
                <!--<onright>5650</onright>-->
                <!--<onup>5051</onup>-->
                <!--<ondown>5051</ondown>-->
                <!--<viewtype label="">list</viewtype>-->
                <!--<pagecontrol>5650</pagecontrol>-->
                <!--<orientation>vertical</orientation>-->
                <!--<itemlayout height="100" width="860">-->
                <!--<control type="label">-->
                <!--<posx>TextMargin</posx>-->
                <!--<posy>6</posy>-->
                <!--<height>50</height>-->
                <!--<width>760</width>-->
                <!--<font>FacadeListMainFont</font>-->
                <!--<include>TextColor_MidColor</include>-->
                <!--<label>$INFO[ListItem.Property(Name)]</label>-->
                <!--</control>-->
                <!--<control type="label">-->
                <!--<posx>TextMargin</posx>-->
                <!--<posy>44</posy>-->
                <!--<height>50</height>-->
                <!--<width>760</width>-->
                <!--<font>FacadeListSubFont</font>-->
                <!--<textcolor>FocusedColor</textcolor>-->
                <!--<label>$INFO[ListItem.Property(City)]</label>-->
                <!--</control>-->
                <!--</itemlayout>-->
                <!--<focusedlayout height="100" width="860">-->
                <!--<control type="group">-->
                <!--<include>ButtonWideFocusAnimation</include>-->
                <!--<control type="image">-->
                <!--<posx>0</posx>-->
                <!--<posy>0</posy>-->
                <!--<height>100</height>-->
                <!--<width>860</width>-->
                <!--<texture border="1">list/bg_facade_focus2.png</texture>-->
                <!--</control>-->
                <!--<control type="label">-->
                <!--<posx>TextMargin</posx>-->
                <!--<posy>6</posy>-->
                <!--<height>50</height>-->
                <!--<width>760</width>-->
                <!--<font>FacadeListMainFont</font>-->
                <!--<scroll>true</scroll>-->
                <!--<textcolor>FocusedColor</textcolor>-->
                <!--<label>$INFO[ListItem.Property(Name)]</label>-->
                <!--</control>-->
                <!--<control type="label">-->
                <!--<posx>TextMargin</posx>-->
                <!--<posy>44</posy>-->
                <!--<height>50</height>-->
                <!--<width>760</width>-->
                <!--<font>FacadeListSubFont</font>-->
                <!--<scroll>true</scroll>-->
                <!--<textcolor>AlternateColor</textcolor>-->
                <!--<label>$INFO[ListItem.Property(City)]</label>-->
                <!--</control>-->
                <!--</control>-->
                <!--</focusedlayout>-->
                <!--<content>plugin://script.extendedinfo?info=artistevents&amp;&amp;artistname=$INFO[ListItem.Artist]</content>-->
                <!--</control>-->
                <!--<control type="scrollbar" id="5650">-->
                <!--<posx>810</posx>-->
                <!--<posy>100</posy>-->
                <!--<height>700</height>-->
                <!--<include>VerticalScroller</include>-->
                <!--<onleft>5051</onleft>-->
                <!--<onright>5650</onright>-->
                <!--</control>-->
                <!--<control type="group">-->
                <!--<posx>910</posx>-->
                <!--<posy>0</posy>-->
                <!--<control type="image">-->
                <!--<visible>IsEmpty(Container(5051).ListItem.Property(GoogleMap))</visible>-->
                <!--<posx>0</posx>-->
                <!--<posy>0</posy>-->
                <!--<width>380</width>-->
                <!--<height>380</height>-->
                <!--<texture>defaultExtensionBig.png</texture>-->
                <!--<aspectratio aligny="top">keep</aspectratio>-->
                <!--</control>-->
                <!--<control type="image">-->
                <!--<posx>0</posx>-->
                <!--<posy>0</posy>-->
                <!--<width>380</width>-->
                <!--<height>800</height>-->
                <!--<texture background="true">$INFO[Container(5051).ListItem.Property(GoogleMap)]</texture>-->
                <!--<aspectratio aligny="top">keep</aspectratio>-->
                <!--</control>-->
                <!--</control>-->
                <!--</control>-->
                <!--SIMILAR ARTISTS EXTENDEDINFO-->
                <!--<control type="group" id="5060">-->
                <!--<visible>Control.HasFocus(506)|ControlGroup(5060).HasFocus</visible>-->
                <!--<include>VisibleFadeEffect</include>-->
                <!--<control type="label">-->
                <!--<posx>TextMargin</posx>-->
                <!--<posy>42</posy>-->
                <!--<width>760</width>-->
                <!--<height>35</height>-->
                <!--<font>InfoTitleSubFont</font>-->
                <!--<include>TextColor_MidColor</include>-->
                <!--<label>$LOCALIZE[31942] - $INFO[Container(5061).NumItems] $LOCALIZE[31025]</label>-->
                <!--</control>-->
                <!--<include name="DummyButton">-->
                <!--<param name="x" value="0"/>-->
                <!--<param name="y" value="0"/>-->
                <!--<param name="width" value="860"/>-->
                <!--<param name="height" value="800"/>-->
                <!--<param name="onfocus" value="noop"/>-->
                <!--</include>-->
                <!--<control type="panel" id="5061">-->
                <!--<posx>0</posx>-->
                <!--<posy>100</posy>-->
                <!--<width>860</width>-->
                <!--<height>700</height>-->
                <!--<onleft>9000</onleft>-->
                <!--<onright>5660</onright>-->
                <!--<onup>5061</onup>-->
                <!--<ondown>5061</ondown>-->
                <!--<viewtype label="">list</viewtype>-->
                <!--<pagecontrol>5660</pagecontrol>-->
                <!--<orientation>vertical</orientation>-->
                <!--<itemlayout height="100" width="860">-->
                <!--<control type="label">-->
                <!--<posx>TextMargin</posx>-->
                <!--<posy>6</posy>-->
                <!--<height>50</height>-->
                <!--<width>760</width>-->
                <!--<font>FacadeListMainFont</font>-->
                <!--<include>TextColor_MidColor</include>-->
                <!--<label>$INFO[ListItem.Property(title)]</label>-->
                <!--</control>-->
                <!--<control type="label">-->
                <!--<posx>TextMargin</posx>-->
                <!--<posy>44</posy>-->
                <!--<height>50</height>-->
                <!--<width>760</width>-->
                <!--<font>FacadeListSubFont</font>-->
                <!--<textcolor>FocusedColor</textcolor>-->
                <!--<label>$INFO[ListItem.Year]</label>-->
                <!--</control>-->
                <!--</itemlayout>-->
                <!--<focusedlayout height="100" width="860">-->
                <!--<control type="group">-->
                <!--<include>ButtonWideFocusAnimation</include>-->
                <!--<control type="image">-->
                <!--<posx>0</posx>-->
                <!--<posy>0</posy>-->
                <!--<height>100</height>-->
                <!--<width>860</width>-->
                <!--<texture border="1">list/bg_facade_focus2.png</texture>-->
                <!--</control>-->
                <!--<control type="label">-->
                <!--<posx>TextMargin</posx>-->
                <!--<posy>6</posy>-->
                <!--<height>50</height>-->
                <!--<width>760</width>-->
                <!--<font>FacadeListMainFont</font>-->
                <!--<scroll>true</scroll>-->
                <!--<textcolor>FocusedColor</textcolor>-->
                <!--<label>$INFO[ListItem.Property(title)]</label>-->
                <!--</control>-->
                <!--<control type="label">-->
                <!--<posx>TextMargin</posx>-->
                <!--<posy>44</posy>-->
                <!--<height>50</height>-->
                <!--<width>760</width>-->
                <!--<font>FacadeListSubFont</font>-->
                <!--<scroll>true</scroll>-->
                <!--<textcolor>AlternateColor</textcolor>-->
                <!--<label>$INFO[ListItem.Year]</label>-->
                <!--</control>-->
                <!--</control>-->
                <!--</focusedlayout>-->
                <!--<content>plugin://script.extendedinfo?info=similarartistsinlibrary&amp;&amp;artistname=$INFO[ListItem.Artist]</content>-->
                <!--</control>-->
                <!--<control type="scrollbar" id="5660">-->
                <!--<posx>810</posx>-->
                <!--<posy>100</posy>-->
                <!--<height>700</height>-->
                <!--<include>VerticalScroller</include>-->
                <!--<onleft>5061</onleft>-->
                <!--<onright>5660</onright>-->
                <!--</control>-->
                <!--<control type="group">-->
                <!--<posx>910</posx>-->
                <!--<posy>0</posy>-->
                <!--<control type="image">-->
                <!--<visible>IsEmpty(Container(5061).Listitem.Icon)</visible>-->
                <!--<posx>0</posx>-->
                <!--<posy>0</posy>-->
                <!--<width>380</width>-->
                <!--<height>380</height>-->
                <!--<texture>defaultArtistBig.png</texture>-->
                <!--<aspectratio aligny="top">keep</aspectratio>-->
                <!--</control>-->
                <!--<control type="image">-->
                <!--<posx>0</posx>-->
                <!--<posy>0</posy>-->
                <!--<width>380</width>-->
                <!--<height>380</height>-->
                <!--<texture background="true">$INFO[Container(5061).Listitem.Icon]</texture>-->
                <!--<aspectratio aligny="top">keep</aspectratio>-->
                <!--</control>-->
                <!--</control>-->
                <!--</control>-->
                <!--MUSICVIDEOS EXTENDEDINFO-->
                <control type="group" id="5070">
                    <visible>Control.HasFocus(507)|ControlGroup(5070).HasFocus</visible>
                    <include>VisibleFadeEffect</include>
                    <control type="label">
                        <posx>TextMargin</posx>
                        <posy>50</posy>
                        <width>760</width>
                        <height>35</height>
                        <font>InfoTitleSubFont</font>
                        <include>TextColor_MidColor</include>
                        <label>$LOCALIZE[20389] - $INFO[Container(5071).NumItems] $LOCALIZE[31025]</label>
                    </control>
                    <include name="DummyButton">
                        <param name="x" value="0"/>
                        <param name="y" value="0"/>
                        <param name="width" value="860"/>
                        <param name="height" value="800"/>
                        <param name="onfocus" value="noop"/>
                    </include>
                    <control type="panel" id="5071">
                        <posx>0</posx>
                        <posy>100</posy>
                        <width>860</width>
                        <height>700</height>
                        <onleft>9000</onleft>
                        <onright>5670</onright>
                        <onup>5071</onup>
                        <ondown>5071</ondown>
                        <viewtype label="">list</viewtype>
                        <pagecontrol>5670</pagecontrol>
                        <orientation>vertical</orientation>
                        <itemlayout height="100" width="860">
                            <control type="label">
                                <posx>TextMargin</posx>
                                <posy>6</posy>
                                <height>50</height>
                                <width>760</width>
                                <font>FacadeListMainFont</font>
                                <include>TextColor_MidColor</include>
                                <label>$INFO[ListItem.Label]</label>
                            </control>
                            <control type="label">
                                <posx>TextMargin</posx>
                                <posy>44</posy>
                                <height>50</height>
                                <width>760</width>
                                <font>FacadeListSubFont</font>
                                <textcolor>FocusedColor</textcolor>
                                <label>$INFO[ListItem.Label2]</label>
                            </control>
                        </itemlayout>
                        <focusedlayout height="100" width="860">
                            <control type="group">
                                <include>ButtonWideFocusAnimation</include>
                                <control type="image">
                                    <posx>0</posx>
                                    <posy>0</posy>
                                    <height>100</height>
                                    <width>860</width>
                                    
                                    <texture border="1">list/bg_facade_focus2.png</texture>
                                </control>
                                <control type="label">
                                    <posx>TextMargin</posx>
                                    <posy>6</posy>
                                    <height>50</height>
                                    <width>760</width>
                                    <font>FacadeListMainFont</font>
                                    <scroll>true</scroll>
                                    <include>TextColor_MainColor</include>
                                    <label>$INFO[ListItem.Label]</label>
                                </control>
                                <control type="label">
                                    <posx>TextMargin</posx>
                                    <posy>44</posy>
                                    <height>50</height>
                                    <width>760</width>
                                    <font>FacadeListSubFont</font>
                                    <scroll>true</scroll>
                                    <textcolor>AlternateColor</textcolor>
                                    <label>$INFO[ListItem.Label2]</label>
                                </control>
                            </control>
                        </focusedlayout>
                        <content>plugin://script.extendedinfo?info=musicvideos&amp;&amp;artistname=$INFO[ListItem.Artist]</content>
                        <!--<content>$VAR[YouTubeContent]</content>-->
                    </control>
                    <control type="scrollbar" id="5670">
                        <posx>810</posx>
                        <posy>100</posy>
                        <height>700</height>
                        <include>VerticalScroller</include>
                        <onleft>5071</onleft>
                        <onright>5670</onright>
                    </control>
                    <control type="group">
                        <posx>910</posx>
                        <posy>0</posy>
                        <control type="image">
                            <visible>IsEmpty(Container(5071).Listitem.Icon)</visible>
                            <posx>0</posx>
                            <posy>0</posy>
                            <width>380</width>
                            <height>380</height>
                            <colordiffuse>$VAR[Picked.Theme.Color]</colordiffuse>
                            <texture>defaultVideoBig.png</texture>
                            <aspectratio aligny="top">keep</aspectratio>
                        </control>
                        <control type="image">
                            <posx>0</posx>
                            <posy>0</posy>
                            <width>380</width>
                            <height>380</height>
                            <texture background="true">$INFO[Container(5071).Listitem.Icon]</texture>
                            <aspectratio aligny="top">keep</aspectratio>
                        </control>
                    </control>
                </control>
                <!--YOUTUBE EXTENDEDINFO-->
                <control type="group" id="5080">
                    <visible>Control.HasFocus(508)|ControlGroup(5080).HasFocus</visible>
                    <include>VisibleFadeEffect</include>
                    <control type="label">
                        <posx>TextMargin</posx>
                        <posy>50</posy>
                        <width>760</width>
                        <height>35</height>
                        <font>InfoTitleSubFont</font>
                        <include>TextColor_MidColor</include>
                        <label>$ADDON[script.extendedinfo 32118] - $INFO[Container(5081).NumItems] $LOCALIZE[31025]</label>
                    </control>
                    <include name="DummyButton">
                        <param name="x" value="0"/>
                        <param name="y" value="0"/>
                        <param name="width" value="860"/>
                        <param name="height" value="800"/>
                        <param name="onfocus" value="noop"/>
                    </include>
                    <control type="panel" id="5081">
                        <posx>0</posx>
                        <posy>100</posy>
                        <width>860</width>
                        <height>700</height>
                        <onleft>9000</onleft>
                        <onright>5680</onright>
                        <onup>5081</onup>
                        <ondown>5081</ondown>
                        <viewtype label="">list</viewtype>
                        <pagecontrol>5680</pagecontrol>
                        <orientation>vertical</orientation>
                        <itemlayout height="50" width="860">
                            <control type="label">
                                <posx>TextMargin</posx>
                                <posy>0</posy>
                                <height>50</height>
                                <width>760</width>
                                <font>FacadeListMainFont</font>
                                <textcolor>FocusedColor</textcolor>
                                <label>$INFO[ListItem.Label]</label>
                            </control>
                        </itemlayout>
                        <focusedlayout height="50" width="860">
                            <control type="group">
                                <include>ButtonWideFocusAnimation</include>
                                <control type="image">
                                    <posx>0</posx>
                                    <posy>0</posy>
                                    <height>50</height>
                                    <width>860</width>
                                   
                                    <texture border="1">list/bg_facade_focus2.png</texture>
                                </control>
                                <control type="label">
                                    <posx>TextMargin</posx>
                                    <posy>0</posy>
                                    <height>50</height>
                                    <width>760</width>
                                    <font>FacadeListMainFont</font>
                                    <scroll>true</scroll>
                                    <textcolor>FocusedColor</textcolor>
                                    <label>$INFO[ListItem.Label]</label>
                                </control>
                            </control>
                        </focusedlayout>
                        <content>$VAR[YouTubeContent]</content>
                    </control>
                    <control type="scrollbar" id="5680">
                        <posx>810</posx>
                        <posy>100</posy>
                        <height>700</height>
                        <include>VerticalScroller</include>
                        <onleft>5081</onleft>
                        <onright>5680</onright>
                    </control>
                    <control type="group">
                        <posx>910</posx>
                        <posy>0</posy>
                        <control type="image">
                            <visible>IsEmpty(Container(5081).Listitem.Icon)</visible>
                            <posx>0</posx>
                            <posy>0</posy>
                            <width>380</width>
                            <height>380</height>
                            <colordiffuse>$VAR[Picked.Theme.Color]</colordiffuse>
                            <texture>defaultVideoBig.png</texture>
                            <aspectratio aligny="top">keep</aspectratio>
                        </control>
                        <control type="image">
                            <posx>0</posx>
                            <posy>0</posy>
                            <width>380</width>
                            <height>380</height>
                            <texture background="true">$INFO[Container(5081).Listitem.Icon]</texture>
                            <aspectratio aligny="top">keep</aspectratio>
                        </control>
                    </control>
                </control>
                <!--TWITTER SHOUTS EXTENDEDINFO-->
                <!--<control type="group" id="5090">-->
                    <!--<visible>Control.HasFocus(509)|ControlGroup(5090).HasFocus</visible>-->
                    <!--<include>VisibleFadeEffect</include>-->
                    <!--<control type="label">-->
                        <!--<posx>TextMargin</posx>-->
                        <!--<posy>42</posy>-->
                        <!--<width>760</width>-->
                        <!--<height>35</height>-->
                        <!--<font>InfoTitleSubFont</font>-->
                        <!--<include>TextColor_MidColor</include>-->
                        <!--<label>Twitter - $INFO[Container(5091).NumItems] $LOCALIZE[31025]</label>-->
                    <!--</control>-->
                    <!--<include name="DummyButton">-->
                        <!--<param name="x" value="0"/>-->
                        <!--<param name="y" value="0"/>-->
                        <!--<param name="width" value="860"/>-->
                        <!--<param name="height" value="800"/>-->
                        <!--<param name="onfocus" value="noop"/>-->
                    <!--</include>-->
                    <!--<control type="panel" id="5091">-->
                        <!--<posx>0</posx>-->
                        <!--<posy>100</posy>-->
                        <!--<width>860</width>-->
                        <!--<height>700</height>-->
                        <!--<onleft>9000</onleft>-->
                        <!--<onright>5690</onright>-->
                        <!--<onup>5091</onup>-->
                        <!--<ondown>5091</ondown>-->
                        <!--<viewtype label="">list</viewtype>-->
                        <!--<pagecontrol>5690</pagecontrol>-->
                        <!--<orientation>vertical</orientation>-->
                        <!--<itemlayout height="100" width="860">-->
                            <!--<control type="label">-->
                                <!--<posx>TextMargin</posx>-->
                                <!--<posy>6</posy>-->
                                <!--<height>50</height>-->
                                <!--<width>760</width>-->
                                <!--<font>FacadeListMainFont</font>-->
                                <!--<include>TextColor_MidColor</include>-->
                                <!--<label>$INFO[ListItem.Property(comment)]</label>-->
                            <!--</control>-->
                            <!--<control type="label">-->
                                <!--<posx>TextMargin</posx>-->
                                <!--<posy>44</posy>-->
                                <!--<height>50</height>-->
                                <!--<width>760</width>-->
                                <!--<font>FacadeListSubFont</font>-->
                                <!--<textcolor>FocusedColor</textcolor>-->
                                <!--<label>$INFO[ListItem.Label2]</label>-->
                            <!--</control>-->
                        <!--</itemlayout>-->
                        <!--<focusedlayout height="100" width="860">-->
                            <!--<control type="group">-->
                                <!--<include>ButtonWideFocusAnimation</include>-->
                                <!--<control type="image">-->
                                    <!--<posx>0</posx>-->
                                    <!--<posy>0</posy>-->
                                    <!--<height>100</height>-->
                                    <!--<width>860</width>-->
                                    <!--<texture border="1">list/bg_facade_focus2.png</texture>-->
                                <!--</control>-->
                                <!--<control type="label">-->
                                    <!--<posx>TextMargin</posx>-->
                                    <!--<posy>6</posy>-->
                                    <!--<height>50</height>-->
                                    <!--<width>760</width>-->
                                    <!--<font>FacadeListMainFont</font>-->
                                    <!--<scroll>true</scroll>-->
                                    <!--<textcolor>FocusedColor</textcolor>-->
                                    <!--<label>$INFO[ListItem.Property(comment)]</label>-->
                                <!--</control>-->
                                <!--<control type="label">-->
                                    <!--<posx>TextMargin</posx>-->
                                    <!--<posy>44</posy>-->
                                    <!--<height>50</height>-->
                                    <!--<width>760</width>-->
                                    <!--<font>FacadeListSubFont</font>-->
                                    <!--<scroll>true</scroll>-->
                                    <!--<textcolor>AlternateColor</textcolor>-->
                                    <!--<label>$INFO[ListItem.Label2]</label>-->
                                <!--</control>-->
                            <!--</control>-->
                        <!--</focusedlayout>-->
                        <!--<content>plugin://script.extendedinfo?info=artistshouts&amp;&amp;artistname=$INFO[ListItem.Artist]</content>-->
                    <!--</control>-->
                    <!--<control type="scrollbar" id="5690">-->
                        <!--<posx>810</posx>-->
                        <!--<posy>100</posy>-->
                        <!--<height>700</height>-->
                        <!--<include>VerticalScroller</include>-->
                        <!--<onleft>5091</onleft>-->
                        <!--<onright>5690</onright>-->
                    <!--</control>-->
                    <!--<control type="group">-->
                        <!--<posx>910</posx>-->
                        <!--<posy>0</posy>-->
                        <!--<control type="image">-->
                            <!--<visible>IsEmpty(Container(5091).Listitem.Icon)</visible>-->
                            <!--<posx>0</posx>-->
                            <!--<posy>0</posy>-->
                            <!--<width>380</width>-->
                            <!--<height>380</height>-->
                            <!--<texture>defaultArtistBig.png</texture>-->
                            <!--<aspectratio aligny="top">keep</aspectratio>-->
                        <!--</control>-->
                        <!--<control type="image">-->
                            <!--<posx>0</posx>-->
                            <!--<posy>0</posy>-->
                            <!--<width>380</width>-->
                            <!--<height>380</height>-->
                            <!--<texture background="true">$INFO[Container(5091).Listitem.Icon]</texture>-->
                            <!--<aspectratio aligny="top">keep</aspectratio>-->
                        <!--</control>-->
                    <!--</control>-->
                <!--</control>-->
            </control>
        </control>
    </controls>
</window>
