<?xml version="1.0" encoding="utf-8"?>
<window type="dialog">
    <defaultcontrol always="true">10</defaultcontrol>
    <zorder>5</zorder>
    <controls>
        <include>DimBG</include>
        <control type="group">
            <include>DialogOpenClose</include>
            <control type="image">
                <posx>460</posx>
                <posy>530</posy>
                <width>1000</width>
                <height>1080</height>
                <!--<include>DialogTransparency</include>-->
                <colordiffuse>$VAR[Picked.Theme.Color]</colordiffuse>
                <texture border="50">common/background_menu.png</texture>
            </control>
            <include name="WindowClosingButton">
                <param name="id" value="9010"/>
                <param name="x" value="1410"/>
                <param name="y" value="530"/>
                <param name="onleft" value="6060"/>
            </include>
            <control type="label" id="1">
                <posx>560</posx>
                <posy>630</posy>
                <width>800</width>
                <height>50</height>
                <font>InfoTitleFont</font>
                <scroll>true</scroll>
                <include>TextColor_MainColor</include>
            </control>
            <control type="textbox" id="9">
                <description>text</description>
                <posx>560</posx>
                <posy>730</posy>
                <width>800</width>
                <height>200</height>
                <label>-</label>
                <font>InfoDetailsFont</font>
                <textcolor>AlternateColor</textcolor>
                <pagecontrol>6060</pagecontrol>
            </control>
            <control type="scrollbar" id="6060">
                <visible>Skin.HasSetting(ManualScroll)</visible>
                <posx>1360</posx>
                <posy>730</posy>
                <height>200</height>
                <include>VerticalScroller</include>
                <onleft>10</onleft>
                <onright>10</onright>
            </control>
            <control type="grouplist">
                <posx>510</posx>
                <posy>980</posy>
                <width>1000</width>
                <height>50</height>
                <itemgap>0</itemgap>
                <aligny>bottom</aligny>
                <align>center</align>
                <orientation>vertical</orientation>
                <onup>6060</onup>
                <ondown>6060</ondown>
                <onleft>6060</onleft>
                <onright>6060</onright>
                <control type="button" id="10">
                    <include>ButtonFocusAnimation</include>
                    <width>900</width>
                    <label>$LOCALIZE[19165]</label>
                    <include>LeftMenuButton</include>
                </control>
            </control>
        </control>
    </controls>
</window>
