<?xml version="1.0" encoding="utf-8"?>
<window type="dialog">
    <visible>![Skin.HasSetting(DisableOSDInfoOnPause)+Player.Paused] | Window.IsVisible(VideoOSD.xml) | Window.IsVisible(MusicOSD.xml)</visible>
    <visible>![
        Window.IsVisible(DialogSelect.xml) |
        Window.IsVisible(SliderDialog) |
        Window.IsVisible(OSDVideoSettings) |
        Window.IsVisible(OSDAudioSettings) |
        Window.IsVisible(VideoBookmarks) |
        Window.IsVisible(DialogSubtitles.xml) |
        Window.IsVisible(DialogAddonSettings.xml) |
        Window.IsVisible(PVROSDChannels) |
        Window.IsVisible(PVROSDGuide) |
        Window.IsVisible(script-cu-lrclyrics-main.xml)
        ]</visible>
    <visible>Window.IsVisible(DialogFullscreenInfo.xml) |
        Window.IsVisible(MusicOSD.xml) |
        Window.IsVisible(VideoOSD.xml) |
        Window.IsVisible(visualisation) |
        [
        Window.IsVisible(FullScreenVideo) +
        [Player.Caching | Player.Seeking | player.forwarding | player.rewinding | Player.DisplayAfterSeek | Player.Paused]
        ]</visible>
    <!--<zorder>2</zorder>-->
    <include>OSDOpenClose</include>
    <controls>
        <control type="group">
            <visible>!Window.IsActive(MusicVisualisation.xml)</visible>
            <include>OverlayBottom</include>
        </control>
        <include>SeekBar</include>
        <control type="group">
            <visible>Player.Paused+Skin.HasSetting(OSDShowInfoPaused)+!Window.IsVisible(DialogFullScreenInfo.xml)</visible>
            <include>OSDInfoPanel</include>
        </control>
    </controls>
</window>
