<?xml version="1.0" encoding="utf-8"?>
<includes>
    <include name="Horizontal_Home_Layout">
        <control type="group">
            <animation effect="slide" tween="circle" time="200" start="0,0" end="0,510" reversible="true" condition="!control.isvisible(495678)+control.isvisible(378433)">Conditional</animation>
            <animation effect="slide" tween="circle" time="200" start="0,0" end="0,650" reversible="true" condition="control.isvisible(495678)+control.isvisible(378433)">Conditional</animation>
            <include>WidgetsCollection</include>
            <control type="group">
                <include>OpenClose</include>
                <include>NowPlayingSlideEffect</include>
                <control type="image">
                    <posx>0</posx>
                    <posy>470</posy>
                    <width>1920</width>
                    <height>610</height>
                    <texture border="55" >common/background_strip_horizontal4.png</texture>
                </control>
                <control type="image">
                    <posx>0</posx>
                    <posy>834</posy>
                    <width>1920</width>
                    <height>250</height>
                    <texture border="65">common/background_strip_horizontal_text5.png</texture>
                </control>
                <control type="group">
                    <include>Icon_Fade</include>
                    <control type="fixedlist" id="300">
                        <posx>700</posx>
                        <posy>570</posy>
                        <width>500</width>
                        <height>270</height>
                        <onleft>300</onleft>
                        <onright>300</onright>
                        <ondown>9001</ondown>
                        <onup condition="control.isvisible(378432)">7010</onup>
                        <onup>9900</onup>
                        <pagecontrol>-</pagecontrol>
                        <focusposition>0</focusposition>
                        <movement>0</movement>
                        <preloaditems>4</preloaditems>
                        <orientation>horizontal</orientation>
                        <itemlayout height="270" width="480">
                            <control type="image">
                                <posx>0</posx>
                                <posy>0</posy>
                                <width>480</width>
                                <height>270</height>
                                <texture background="true">$INFO[ListItem.Icon]</texture>
                                <aspectratio>scale</aspectratio>
                            </control>
                            <control type="image">
                                <posx>0</posx>
                                <posy>0</posy>
                                <width>480</width>
                                <height>270</height>
                                
								 
                                <texture >common/JewelCase.png</texture>
                            </control>
                        </itemlayout>
                        <focusedlayout height="270" width="480">
                            <control type="group">
                                <include>ButtonFocusAnimation</include>
                                <control type="image">
                                    <posx>0</posx>
                                    <posy>0</posy>
                                    <width>500</width>
                                    <height>270</height>
                                    <texture >special://skin/backgrounds/village.jpg</texture>
                                    <aspectratio>keep</aspectratio>
                                </control>
                                <control type="image">
                                    <posx>0</posx>
                                    <posy>0</posy>
                                    <width>500</width>
                                    <height>270</height>
                                   
                                    <texture border="1,50,1,50">common/frame_focus.png</texture>
                                    <aspectratio>stretch</aspectratio>
                                </control>
                            </control>
                        </focusedlayout>
                        <content>
                            <include condition="Skin.HasSetting(plexbmc)+System.HasAddon(plugin.video.plexbmc)">Plexbmc.Items</include>
                            <include>skinshortcuts-mainmenu</include>
                        </content>
                    </control>
                </control>
                <control type="group">
                    <include>Icon_Fade</include>
                    <control type="group">
                        <visible>control.isvisible(378432)</visible>
                        <include>VisibleFadeEffect</include>
                        <control type="image">
                            <posx>935</posx>
                            <posy>520</posy>
                            <width>50</width>
                            <height>50</height>
                            <colordiffuse>$VAR[Picked.Theme.Color]</colordiffuse>
                            <texture>buttons/More_NoFocus.png</texture>
                        </control>
                        <control type="button" id="7010">
                            <!--NAVIGATION DUMMY-->
                            <posx>0</posx>
                            <posy>430</posy>
                            <width>1920</width>
                            <height>90</height>
                            <include>HiddenButton</include>
                            <onfocus>SetFocus(701)</onfocus>
                        </control>
                        <control type="group">
                            <include>VisibleFadeEffect</include>
                            <visible allowhiddenfocus="true">control.hasfocus(701)|control.hasfocus(7010)</visible>
                            <control type="image">
                                <posx>0</posx>
                                <posy>380</posy>
                                <width>1920</width>
                                <height>190</height>
                                <texture border="61"></texture>
                            </control>
                            <control type="fixedlist" id="701">
                                <posx>-240</posx>
                                <posy>430</posy>
                                <width>2400</width>
                                <height>90</height>
                                <onup condition="control.isvisible(212)+IntegerGreaterThan(Container(212).NumItems,0)+StringCompare(Container(701).ListItem.Label,$LOCALIZE[31961])">212</onup>
                                <onup condition="control.isvisible(311)+IntegerGreaterThan(Container(311).NumItems,0)+StringCompare(Container(701).ListItem.Label,$LOCALIZE[31961])">311</onup>
                                <onup condition="control.isvisible(411)+IntegerGreaterThan(Container(411).NumItems,0)+StringCompare(Container(701).ListItem.Label,$LOCALIZE[31961])">411</onup>
                                <onup condition="control.isvisible(511)+IntegerGreaterThan(Container(511).NumItems,0)+StringCompare(Container(701).ListItem.Label,$LOCALIZE[31961])">511</onup>
                                <onup condition="control.isvisible(900)+IntegerGreaterThan(Container(900).NumItems,0)+StringCompare(Container(701).ListItem.Label,$LOCALIZE[31961])">900</onup>
                                <onup condition="control.isvisible(901)+IntegerGreaterThan(Container(901).NumItems,0)+StringCompare(Container(701).ListItem.Label,$LOCALIZE[31961])">901</onup>
                                <onup condition="control.isvisible(312)+IntegerGreaterThan(Container(311).NumItems,0)+StringCompare(Container(701).ListItem.Label,$LOCALIZE[31966])">312</onup>
                                <onup condition="control.isvisible(412)+IntegerGreaterThan(Container(411).NumItems,0)+StringCompare(Container(701).ListItem.Label,$LOCALIZE[31966])">412</onup>
                                <onup condition="control.isvisible(700011)+Container(701).HasFocus(7001)">700011</onup>
                                <onup condition="control.isvisible(700012)+Container(701).HasFocus(7001)">700012</onup>
                                <onup condition="control.isvisible(700013)+Container(701).HasFocus(7001)">700013</onup>
                                <onup condition="control.isvisible(700014)+Container(701).HasFocus(7001)">700014</onup>
                                <onup condition="control.isvisible(700015)+Container(701).HasFocus(7001)">700015</onup>
                                <onup condition="control.isvisible(700021)+Container(701).HasFocus(7002)">700021</onup>
                                <onup condition="control.isvisible(700022)+Container(701).HasFocus(7002)">700022</onup>
                                <onup condition="control.isvisible(700023)+Container(701).HasFocus(7002)">700023</onup>
                                <onup condition="control.isvisible(700024)+Container(701).HasFocus(7002)">700024</onup>
                                <onup condition="control.isvisible(700025)+Container(701).HasFocus(7002)">700025</onup>
                                <onup condition="control.isvisible(700031)+Container(701).HasFocus(7003)">700031</onup>
                                <onup condition="control.isvisible(700032)+Container(701).HasFocus(7003)">700032</onup>
                                <onup condition="control.isvisible(700033)+Container(701).HasFocus(7003)">700033</onup>
                                <onup condition="control.isvisible(700034)+Container(701).HasFocus(7003)">700034</onup>
                                <onup condition="control.isvisible(700035)+Container(701).HasFocus(7003)">700035</onup>
                                <onup condition="control.isvisible(700041)+Container(701).HasFocus(7004)">700041</onup>
                                <onup condition="control.isvisible(700042)+Container(701).HasFocus(7004)">700042</onup>
                                <onup condition="control.isvisible(700043)+Container(701).HasFocus(7004)">700043</onup>
                                <onup condition="control.isvisible(700044)+Container(701).HasFocus(7004)">700044</onup>
                                <onup condition="control.isvisible(700045)+Container(701).HasFocus(7004)">700045</onup>
                                <onup condition="control.isvisible(700051)+Container(701).HasFocus(7005)">700051</onup>
                                <onup condition="control.isvisible(700052)+Container(701).HasFocus(7005)">700052</onup>
                                <onup condition="control.isvisible(700053)+Container(701).HasFocus(7005)">700053</onup>
                                <onup condition="control.isvisible(700054)+Container(701).HasFocus(7005)">700054</onup>
                                <onup condition="control.isvisible(700055)+Container(701).HasFocus(7005)">700055</onup>
                                <ondown>300</ondown>
                                <focusposition>2</focusposition>
                                <orientation>horizontal</orientation>
                                <pagecontrol>-</pagecontrol>
                                <itemlayout width="480" height="90">
                                    <control type="label">
                                        <posx>TextMargin</posx>
                                        <height>90</height>
                                        <width>380</width>
                                        <font>FacadeListMainFont</font>
                                        <textcolor>AlternateColor</textcolor>
                                        <align>center</align>
                                        <label>$INFO[ListItem.Label]</label>
                                    </control>
                                </itemlayout>
                                <focusedlayout width="480" height="90">
                                    <control type="group">
                                        <include>ButtonFocusAnimation</include>
                                        <control type="image">
                                            <posx>0</posx>
                                            <posy>0</posy>
                                            <height>90</height>
                                            <width>480</width>
                                            
                                            <texture border="1">list/bg_facade_focus15.png</texture>
                                        </control>
                                        <control type="label">
                                            <posx>TextMargin</posx>
                                            <height>90</height>
                                            <width>360</width>
                                            <font>FacadeListMainFont2</font>
                                            <textcolor>NoFocusedColor</textcolor>
                                            <align>center</align>
                                            <scroll>true</scroll>
                                            <label>$INFO[ListItem.Label]</label>
                                        </control>
                                    </control>
                                </focusedlayout>
                                <include>ShelfIcons</include>
                            </control>
                            <control type="button">
                                <posx>0</posx>
                                <posy>430</posy>
                                <width>720</width>
                                <height>90</height>
                                <texturefocus>-</texturefocus>
                                <texturenofocus>-</texturenofocus>
                                <onclick>Control.Move(701,-1)</onclick>
                            </control>
                            <control type="button">
                                <posx>1200</posx>
                                <posy>430</posy>
                                <width>720</width>
                                <height>90</height>
                                <texturefocus>-</texturefocus>
                                <texturenofocus>-</texturenofocus>
                                <onclick>Control.Move(701,1)</onclick>
                            </control>
                        </control>
                    </control>
                    <control type="button">
                        <posx>0</posx>
                        <posy>520</posy>
                        <width>720</width>
                        <height>370</height>
                        <texturefocus>-</texturefocus>
                        <texturenofocus>-</texturenofocus>
                        <onclick>Control.Move(300,-1)</onclick>
                    </control>
                    <control type="button">
                        <posx>1200</posx>
                        <posy>520</posy>
                        <width>720</width>
                        <height>370</height>
                        <texturefocus>-</texturefocus>
                        <texturenofocus>-</texturenofocus>
                        <onclick>Control.Move(300,1)</onclick>
                    </control>
                    <control type="label">
                        
                        <include>Icon_Fade</include>
                        <posx>TextMargin</posx>
                        <posy>904</posy>
                        <width>1820</width>
                        <height>250</height>
                        <align>center</align>
                        <font>HomeItemFont</font>
                        <textcolor>AlternateColor</textcolor>
                        <label>$INFO[Container(300).ListItem.Label]</label>
                    </control>
                </control>
                <control type="group">
                    <include>Icon_Fade</include>
                    <control type="image">
                        <include>VisibleFadeEffect</include>
                        <visible>IntegerGreaterThan(Container(9001).NumItems,0)</visible>
                        <posx>935</posx>
                        <posy>840</posy>
                        <width>50</width>
                        <height>50</height>
                        <colordiffuse>$VAR[Picked.Theme.Color]</colordiffuse>
                        <texture>buttons/More_NoFocus.png</texture>
                    </control>
                    <control type="group" id="9006">
                        <control type="fixedlist" id="9001">
                            
                            <posx>-240</posx>
                            <posy>860</posy>
                            <height>140</height>
                            <width>2400</width>
                            <onleft>9001</onleft>
                            <onright>60</onright>
                            <onup>300</onup>
                            <viewtype>list</viewtype>
                            <onback>SetFocus(300)</onback>
                            <ondown>9001</ondown>
							<focusposition>2</focusposition>
							<orientation>horizontal</orientation>
                            <pagecontrol>-</pagecontrol>
                            <itemlayout width="480" height="140">
                                <control type="label">
                                    <posx>TextMargin</posx>
                                    <posy>0</posy>
                                    <height>140</height>
                                    <width>380</width>
                                    <font>FacadeListSubFont</font>
                                    <align>center</align>
                                    <scroll>false</scroll>
                                    <label>$INFO[ListItem.Label]</label>
                                    <textcolor>NoFocusedColor</textcolor>
                                </control>
                            </itemlayout>
                            <focusedlayout width="480" height="140">
                                <control type="group">
                                    <include>ButtonFocusAnimation</include>
                                    <control type="image">
                                        <posx>0</posx>
                                        <posy>0</posy>
                                        <height>140</height>
                                        <width>480</width>
                                        <colordiffuse>$VAR[Picked.Theme.Color]</colordiffuse>
                                        <texture border="1"></texture>
                                    </control>
                                    <control type="label">
                                        <posx>TextMargin</posx>
                                        <posy>0</posy>
                                        <height>140</height>
                                        <align>center</align>
                                        <width>380</width>
                                        <font>FacadeListSubFont</font>
                                        <label>$INFO[ListItem.Label]</label>
                                        <scroll>true</scroll>
                                         <textcolor>FocusedColor</textcolor>
                                    </control>
                                </control>
                            </focusedlayout>
                            <content>
                                <include condition="Skin.HasSetting(plexbmc)+System.HasAddon(plugin.video.plexbmc)">Plexbmc.Submenu.Items</include>
                                <include>skinshortcuts-submenu</include>
                                <include>default-submenu</include>
                            </content>
                        </control>
                        <control type="button">
                            <posx>0</posx>
                            <posy>890</posy>
                            <width>720</width>
                            <height>140</height>
                            <texturefocus>-</texturefocus>
                            <texturenofocus>-</texturenofocus>
                            <onclick>Control.Move(9001,-1)</onclick>
                        </control>
                        <control type="button">
                            <posx>1200</posx>
                            <posy>890</posy>
                            <width>720</width>
                            <height>140</height>
                            <texturefocus>-</texturefocus>
                            <texturenofocus>-</texturenofocus>
                            <onclick>Control.Move(9001,1)</onclick>
                        </control>
                    </control>
                </control>
            </control>
			<include>Header_Logo</include>
            <include>rssTicker</include>
        </control>
    </include>
</includes>
