<?xml version="1.0" encoding="utf-8"?>
<window>
    <defaultcontrol always="true">5</defaultcontrol>
    <controls>
        <include>DimBG</include>
        <control type="group">
            <include>DialogOpenClose</include>
            <animation effect="slide" start="0,0" end="0,100" time="0" condition="!control.isvisible(5)">Conditional</animation>
            <control type="image">
                <posx>160</posx>
                <posy>140</posy>
                <width>1600</width>
                <height>1080</height>
                <!--<include>DialogTransparency</include>-->
                <colordiffuse>$VAR[Picked.Theme.Color]</colordiffuse>
                <texture border="50">common/background_menu.png</texture>
            </control>
            <include name="WindowClosingButton">
                <param name="id" value="9010"/>
                <param name="x" value="1710"/>
                <param name="y" value="140"/>
                <param name="onleft" value="6060"/>
            </include>
            <control type="label" id="2">
                <posx>260</posx>
                <posy>240</posy>
                <width>1400</width>
                <height>50</height>
                <font>InfoTitleFont</font>
                <include>TextColor_MainColor</include>
                <scroll>true</scroll>
                <label>$LOCALIZE[20043]</label>
            </control>
            <control type="grouplist" id="5">
                <posx>210</posx>
                <posy>340</posy>
                <width>1500</width>
                <height>550</height>
                <itemgap>0</itemgap>
                <pagecontrol>60</pagecontrol>
                <onleft>5</onleft>
                <onright>5</onright>
                <onup>5</onup>
                <ondown>9001</ondown>
            </control>
            <control type="edit" id="12">
                <textwidth>1400</textwidth>
                <width>1500</width>
                <include>LeftMenuButton</include>
            </control>
            <control type="button" id="7">
                <width>1500</width>
                <include>LeftMenuButton</include>
            </control>
            <control type="radiobutton" id="8">
                <width>1500</width>
                <radioposx>1410</radioposx>
                <textwidth>1370</textwidth>
                <include>LeftMenuButton</include>
            </control>
            <control type="spincontrolex" id="9">
                <textwidth>615</textwidth>
                <width>1500</width>
                <include>LeftMenuButton</include>
            </control>
            <control type="label" id="14">
                <description>Default Label</description>
                <width>1400</width>
                <label>-</label>
                <font>LeftMenuTitleFont</font>
                <textcolor>FocusedColor</textcolor>
                <include>LeftMenuButton</include>
            </control>
            <control type="grouplist" id="9001">
                <posx>210</posx>
                <posy>940</posy>
                <width>1500</width>
                <height>100</height>
                <itemgap>0</itemgap>
                <aligny>bottom</aligny>
                <align>center</align>
                <orientation>vertical</orientation>
                <onup>5</onup>
                <ondown>9001</ondown>
                <onleft>9001</onleft>
                <onright>9001</onright>
                <control type="button" id="28">
                    <onup>5</onup>
                    <width>1500</width>
                    <include>LeftMenuButton</include>
                    <label>$LOCALIZE[186]</label>
                </control>
                <control type="button" id="29">
                    <onup>5</onup>
                    <width>1500</width>
                    <include>LeftMenuButton</include>
                    <label>$LOCALIZE[222]</label>
                </control>
            </control>
        </control>
    </controls>
</window>
