<?xml version="1.0" encoding="UTF-8"?>
<window>
    <defaultcontrol always="true">2000</defaultcontrol>
    <menucontrol>9000</menucontrol>
    <!--<include>ViewModes</include>-->
    <controls>
        <control type="group">
            <visible>![
                control.hasfocus(200)|
                control.hasfocus(201)|
                control.hasfocus(202)|
                control.hasfocus(203)|
                control.hasfocus(204)|
                control.hasfocus(205)|
                control.hasfocus(206)|
                control.hasfocus(207)|
                control.hasfocus(208)|
                control.hasfocus(209)|
                control.hasfocus(210)|
                control.hasfocus(211)|
                control.hasfocus(212)|
                control.hasfocus(213)
                ]</visible>
            <include>Overlay_Fade</include>
            <include>Fanart_Art</include>
        </control>
        <control type="group">
            <visible>!IsEmpty(Window(home).Property(TVGuide.BackgroundFanart))+!Skin.HasSetting(DisableFanart)</visible>
            <include name="TVNextAiredFanart">
                <param name="id" value="200"/>
            </include>
            <include name="TVNextAiredFanart">
                <param name="id" value="201"/>
            </include>
            <include name="TVNextAiredFanart">
                <param name="id" value="202"/>
            </include>
            <include name="TVNextAiredFanart">
                <param name="id" value="203"/>
            </include>
            <include name="TVNextAiredFanart">
                <param name="id" value="204"/>
            </include>
            <include name="TVNextAiredFanart">
                <param name="id" value="205"/>
            </include>
            <include name="TVNextAiredFanart">
                <param name="id" value="206"/>
            </include>
            <include name="TVNextAiredFanart">
                <param name="id" value="207"/>
            </include>
            <include name="TVNextAiredFanart">
                <param name="id" value="208"/>
            </include>
            <include name="TVNextAiredFanart">
                <param name="id" value="209"/>
            </include>
            <include name="TVNextAiredFanart">
                <param name="id" value="210"/>
            </include>
            <include name="TVNextAiredFanart">
                <param name="id" value="211"/>
            </include>
            <include name="TVNextAiredFanart">
                <param name="id" value="212"/>
            </include>
            <include name="TVNextAiredFanart">
                <param name="id" value="213"/>
            </include>
        </control>
        <include>Player_Show</include>
        <include>OverlayFull</include>
        <include>FooterInfo</include>
        <control type="group">
            <include>Icon_Fade</include>
            <control type="group">
                <animation effect="slide" tween="circle" easing="inout" time="150" start="0,0" end="-2200,0" condition="Control.HasFocus(505050)">conditional</animation>
                <include>NowPlayingSlideEffect</include>
                <include>OpenClose</include>
                <control type="image">
                    <posx>0</posx>
                    <posy>280</posy>
                    <width>1920</width>
                    <height>800</height>
                    <texture border="51">common/background_strip_horizontal.png</texture>
                </control>
                <control type="image">
                    <posx>0</posx>
                    <posy>330</posy>
                    <width>50</width>
                    <height>700</height>
                    <texture border="1">common/background_strip_horizontal_left.png</texture>
                </control>
                <control type="image">
                    <posx>960</posx>
                    <posy>330</posy>
                    <width>480</width>
                    <height>700</height>
                    <texture border="1">common/background_strip_horizontal_right.png</texture>
                </control>
                <control type="image">
                    <posx>1440</posx>
                    <posy>330</posy>
                    <width>480</width>
                    <height>700</height>
                    <texture border="1">common/background_strip_horizontal_right.png</texture>
                </control>
                <control type="image">
                    <posx>0</posx>
                    <posy>330</posy>
                    <width>380</width>
                    <height>700</height>
                    <texture flipx="true" border="1">common/background_strip_horizontal_right.png</texture>
                </control>
                <control type="grouplist">
                    <!--<visible allowhiddenfocus="true">![Control.HasFocus(207)|Control.HasFocus(208)|Control.HasFocus(209)|Control.HasFocus(210)|Control.HasFocus(211)|Control.HasFocus(212)|Control.HasFocus(213)]</visible>-->
                    <!--<include>Overlay_Fade</include>-->
                    <posx>50</posx>
                    <posy>380</posy>
                    <orientation>vertical</orientation>
                    <itemgap>0</itemgap>
                    <include name="TVNextAiredDates">
                        <param name="id" value="200"/>
                        <param name="height" value="43"/>
                    </include>
                    <include name="TVNextAiredDates">
                        <param name="id" value="201"/>
                        <param name="height" value="43"/>
                    </include>
                    <include name="TVNextAiredDates">
                        <param name="id" value="202"/>
                        <param name="height" value="43"/>
                    </include>
                    <include name="TVNextAiredDates">
                        <param name="id" value="203"/>
                        <param name="height" value="43"/>
                    </include>
                    <include name="TVNextAiredDates">
                        <param name="id" value="204"/>
                        <param name="height" value="43"/>
                    </include>
                    <include name="TVNextAiredDates">
                        <param name="id" value="205"/>
                        <param name="height" value="43"/>
                    </include>
                    <include name="TVNextAiredDates">
                        <param name="id" value="206"/>
                        <param name="height" value="43"/>
                    </include>
                    <include name="TVNextAiredDates">
                        <param name="id" value="207"/>
                        <param name="height" value="43"/>
                    </include>
                    <include name="TVNextAiredDates">
                        <param name="id" value="208"/>
                        <param name="height" value="43"/>
                    </include>
                    <include name="TVNextAiredDates">
                        <param name="id" value="209"/>
                        <param name="height" value="43"/>
                    </include>
                    <include name="TVNextAiredDates">
                        <param name="id" value="210"/>
                        <param name="height" value="43"/>
                    </include>
                    <include name="TVNextAiredDates">
                        <param name="id" value="211"/>
                        <param name="height" value="43"/>
                    </include>
                    <include name="TVNextAiredDates">
                        <param name="id" value="212"/>
                        <param name="height" value="43"/>
                    </include>
                    <include name="TVNextAiredDates">
                        <param name="id" value="213"/>
                        <param name="height" value="43"/>
                    </include>
                </control>
                <control type="group" id="2000">
                    <posx>380</posx>
                    <posy>380</posy>
                    <control type="panel" id="200">
                        <posy>0</posy>
                        <onup>213</onup>
                        <ondown>201</ondown>
                        <onright>200</onright>
                        <include name="TVNextAiredListCommonLayout">
                            <param name="height" value="43"/>
                        </include>
                    </control>
                    <control type="panel" id="201">
                        <posy>43</posy>
                        <onup>200</onup>
                        <ondown>202</ondown>
                        <onright>201</onright>
                        <include name="TVNextAiredListCommonLayout">
                            <param name="height" value="43"/>
                        </include>
                    </control>
                    <control type="panel" id="202">
                        <posy>86</posy>
                        <onup>201</onup>
                        <ondown>203</ondown>
                        <onright>202</onright>
                        <include name="TVNextAiredListCommonLayout">
                            <param name="height" value="43"/>
                        </include>
                    </control>
                    <control type="panel" id="203">
                        <posy>129</posy>
                        <onup>202</onup>
                        <ondown>204</ondown>
                        <onright>203</onright>
                        <include name="TVNextAiredListCommonLayout">
                            <param name="height" value="43"/>
                        </include>
                    </control>
                    <control type="panel" id="204">
                        <posy>172</posy>
                        <onup>203</onup>
                        <ondown>205</ondown>
                        <onright>204</onright>
                        <include name="TVNextAiredListCommonLayout">
                            <param name="height" value="43"/>
                        </include>
                    </control>
                    <control type="panel" id="205">
                        <posy>215</posy>
                        <onup>204</onup>
                        <ondown>206</ondown>
                        <onright>205</onright>
                        <include name="TVNextAiredListCommonLayout">
                            <param name="height" value="43"/>
                        </include>
                    </control>
                    <control type="panel" id="206">
                        <posy>257</posy>
                        <onup>205</onup>
                        <ondown>207</ondown>
                        <onright>206</onright>
                        <include name="TVNextAiredListCommonLayout">
                            <param name="height" value="43"/>
                        </include>
                    </control>
                    <control type="panel" id="207">
                        <posy>300</posy>
                        <onup>206</onup>
                        <ondown>208</ondown>
                        <onright>207</onright>
                        <include name="TVNextAiredListCommonLayout">
                            <param name="height" value="43"/>
                        </include>
                    </control>
                    <control type="panel" id="208">
                        <posy>343</posy>
                        <onup>207</onup>
                        <ondown>209</ondown>
                        <onright>208</onright>
                        <include name="TVNextAiredListCommonLayout">
                            <param name="height" value="43"/>
                        </include>
                    </control>
                    <control type="panel" id="209">
                        <posy>386</posy>
                        <onup>208</onup>
                        <ondown>210</ondown>
                        <onright>209</onright>
                        <include name="TVNextAiredListCommonLayout">
                            <param name="height" value="43"/>
                        </include>
                    </control>
                    <control type="panel" id="210">
                        <posy>429</posy>
                        <onup>209</onup>
                        <ondown>211</ondown>
                        <onright>210</onright>
                        <include name="TVNextAiredListCommonLayout">
                            <param name="height" value="43"/>
                        </include>
                    </control>
                    <control type="panel" id="211">
                        <posy>472</posy>
                        <onup>210</onup>
                        <ondown>212</ondown>
                        <onright>211</onright>
                        <include name="TVNextAiredListCommonLayout">
                            <param name="height" value="43"/>
                        </include>
                    </control>
                    <control type="panel" id="212">
                        <posy>515</posy>
                        <onup>211</onup>
                        <ondown>213</ondown>
                        <onright>212</onright>
                        <include name="TVNextAiredListCommonLayout">
                            <param name="height" value="43"/>
                        </include>
                    </control>
                    <control type="panel" id="213">
                        <posy>557</posy>
                        <onup>212</onup>
                        <ondown>200</ondown>
                        <onright>213</onright>
                        <include name="TVNextAiredListCommonLayout">
                            <param name="height" value="43"/>
                        </include>
                    </control>
                </control>
                <!-- INFO -->
                <control type="group">
                    <posx>0</posx>
                    <posy>0</posy>
                    <include name="TVNextAiredInfo">
                        <param name="id" value="200"/>
                    </include>
                    <include name="TVNextAiredInfo">
                        <param name="id" value="201"/>
                    </include>
                    <include name="TVNextAiredInfo">
                        <param name="id" value="202"/>
                    </include>
                    <include name="TVNextAiredInfo">
                        <param name="id" value="203"/>
                    </include>
                    <include name="TVNextAiredInfo">
                        <param name="id" value="204"/>
                    </include>
                    <include name="TVNextAiredInfo">
                        <param name="id" value="205"/>
                    </include>
                    <include name="TVNextAiredInfo">
                        <param name="id" value="206"/>
                    </include>
                    <include name="TVNextAiredInfo">
                        <param name="id" value="207"/>
                    </include>
                    <include name="TVNextAiredInfo">
                        <param name="id" value="208"/>
                    </include>
                    <include name="TVNextAiredInfo">
                        <param name="id" value="209"/>
                    </include>
                    <include name="TVNextAiredInfo">
                        <param name="id" value="210"/>
                    </include>
                    <include name="TVNextAiredInfo">
                        <param name="id" value="211"/>
                    </include>
                    <include name="TVNextAiredInfo">
                        <param name="id" value="212"/>
                    </include>
                    <include name="TVNextAiredInfo">
                        <param name="id" value="213"/>
                    </include>
                </control>
            </control>
        </control>
        <control type="label">
            <include>WindowTitle</include>
            <label>$ADDON[script.tv.show.next.aired 32101]</label>
        </control>
        <control type="label">
            <include>WindowTitleSub</include>
            <label>$INFO[Window(Home).Property(NextAired.Total),, $LOCALIZE[31025]]</label>
        </control>
        <include>Header_Logo</include>
        <include>Time</include>
        <include>NowPlaying</include>
        <include>TopBar</include>
        <!-- SIDE MENU -->
        <control type="group">
            <visible>!Skin.HasSetting(EnableKioskMode)</visible>
            <include>LeftMenu</include>
            <include>Icon_Fade</include>
            <control type="grouplist" id="9000">
                <include>LeftMenuButtonGroup</include>
                <onleft>2000</onleft>
                <ondown>9000</ondown>
                <onback>2000</onback>
                <control type="label" id="7965">
                    <include>LeftMenuTitleLabel</include>
                    <label>$LOCALIZE[31988]</label>
                </control>
                <control type="button" id="400">
                    <description>TV Shows</description>
                    <label>$LOCALIZE[20343]</label>
                    <include>LeftMenuButton</include>
                    <onclick>ActivateWindow(Videos,TVShowTitles,Return)</onclick>
                </control>
                <control type="button" id="401">
                    <description>Recently Added Episodes</description>
                    <include>LeftMenuButton</include>
                    <label>$LOCALIZE[20387]</label>
                    <onclick>ActivateWindow(Videos,RecentlyAddedEpisodes,Return)</onclick>
                </control>
                <control type="button" id="402">
                    <description>Update info</description>
                    <include>LeftMenuButton</include>
                    <align>center</align>
                    <label>$LOCALIZE[19251]</label>
                    <onclick>RunScript(script.tv.show.next.aired,force=True)</onclick>
                </control>
                <control type="button" id="403">
                    <description>Reset / Update info</description>
                    <include>LeftMenuButton</include>
                    <align>center</align>
                    <label>$LOCALIZE[19187]</label>
                    <onclick>RunScript(script.tv.show.next.aired,reset=True)</onclick>
                </control>
                <control type="button" id="8">
                    <description>Settings</description>
                    <label>5</label>
                    <include>LeftMenuButton</include>
                </control>
            </control>
            <include>LeftMenuScroller</include>
        </control>
        <!--NOT USED-->
        <control type="panel" id="214">
            <posy>4355</posy>
            <onup>211</onup>
            <ondown>213</ondown>
            <onright>212</onright>
            <include>TVNextAiredListCommonLayout</include>
        </control>
        <control type="panel" id="215">
            <posy>4426</posy>
            <onup>212</onup>
            <ondown>200</ondown>
            <onright>213</onright>
            <include>TVNextAiredListCommonLayout</include>
        </control>
    </controls>
</window>
