<?xml version="1.0" encoding="utf-8"?>
<includes>
    <include name="Info_50_BigList">
        <control type="group">
            <visible>Control.IsVisible(50)</visible>
            <include>Facade_Fade</include>
            <control type="group">
                <posx>1010</posx>
                <posy>380</posy>
                <control type="group">
                    <visible>Window.IsVisible(script-ExtendedInfo Script-VideoList.xml)|
                        [!Container.Content(Addons)+[IntegerGreaterThan(ListItem.Rating,0)|[Container.Content(songs)+!StringCompare(ListItem.Label,..)+!Skin.HasSetting(plexbmc)]]]</visible>
                    <include name="Stars">
                        <param name="x" value="-3"/>
                        <param name="y" value="3"/>
                        <param name="color" value="alternate"/>
                    </include>
                    <control type="label">
                        <visible>![Container.Content(songs)+!StringCompare(ListItem.Label,..)+!Skin.HasSetting(plexbmc)]</visible>
                        <posx>TextMargin</posx>
                        <posy>0</posy>
                        <width>360</width>
                        <height>50</height>
                        <font>InfoRatingFont</font>
                        <textcolor>FocusedColor</textcolor>
                        <scroll>false</scroll>
                        <label>$INFO[ListItem.RatingAndVotes]</label>
                    </control>
                    <control type="label">
                        <visible>[Container.Content(songs)+!StringCompare(ListItem.Label,..)+!Skin.HasSetting(plexbmc)]</visible>
                        <posx>TextMargin</posx>
                        <posy>0</posy>
                        <width>460</width>
                        <height>50</height>
                        <font>InfoRatingFont</font>
                        <textcolor>FocusedColor</textcolor>
                        <scroll>false</scroll>
                        <label fallback="0.0">$INFO[ListItem.Rating,,.0]</label>
                    </control>
                </control>
                <control type="label">
                    <posx>0</posx>
                    <posy>0</posy>
                    <width>380</width>
                    <height>50</height>
                    <font>InfoDetailsFont</font>
                    <textcolor>FocusedColor</textcolor>
                    <scroll>true</scroll>
                    <label>$VAR[DetailsRow1]</label>
                </control>
                <control type="label">
                    <posx>0</posx>
                    <posy>65</posy>
                    <width>380</width>
                    <height>50</height>
                    <font>InfoDetailsFont</font>
                    <textcolor>FocusedColor</textcolor>
                    <scroll>false</scroll>
                    <label>$VAR[DetailsRow2]</label>
                </control>
                <control type="label">
                    <posx>0</posx>
                    <posy>130</posy>
                    <width>380</width>
                    <height>50</height>
                    <font>InfoDetailsFont</font>
                    <textcolor>FocusedColor</textcolor>
                    <scroll>false</scroll>
                    <label>$VAR[DetailsRow3]</label>
                </control>
                <control type="textbox">
                    <visible>![Skin.HasSetting(plexbmc)+Container.Content(Artists)]</visible>
                    <posx>0</posx>
                    <posy>210</posy>
                    <width>380</width>
                    <height>305</height>
                    <font>InfoPlotFont</font>
                    <textcolor>FocusedColor</textcolor>
                    <label>$VAR[Plots]</label>
                    <include>myautoscroll</include>
                </control>
                <control type="textbox">
                    <visible>Skin.HasSetting(plexbmc)+Container.Content(Artists)</visible>
                    <posx>0</posx>
                    <posy>0</posy>
                    <width>380</width>
                    <height>605</height>
                    <font>InfoPlotFont</font>
                    <textcolor>FocusedColor</textcolor>
                    <label>$VAR[Plots]</label>
                    <include>myautoscroll</include>
                </control>
                <control type="label">
                    <posx>0</posx>
                    <posy>550</posy>
                    <width>380</width>
                    <height>50</height>
                    <font>InfoDetailsFont</font>
                    <textcolor>FocusedColor</textcolor>
                    <scroll>false</scroll>
                    <label>$VAR[DetailsRow4]</label>
                </control>
                <control type="grouplist">
                    <visible>![Window.IsActive(DialogPVRChannelsOSD.xml)|Window.IsActive(MyPVRChannels.xml)]</visible>
                    <posx>0</posx>
                    <posy>550</posy>
                    <width>380</width>
                    <height>55</height>
                    <itemgap>7</itemgap>
                    <orientation>horizontal</orientation>
                    <align>left</align>
                    <include>Codecs</include>
                </control>
            </control>
            <control type="group">
                <posx>1490</posx>
                <posy>380</posy>
                <!-- CDART MUSIC -->
                <include name="DiscArt">
                    <param name="visible" value="!StringCompare(ListItem.Label,..)+!IsEmpty(ListItem.Thumb)+[Container.content(songs)|Container.content(albums)]"/>
                    <param name="x" value="10"/>
                    <param name="y" value="200"/>
                    <param name="width" value="360"/>
                    <param name="height" value="360"/>
                    <param name="texture" value="$VAR[MusicCdArt]"/>
                    <param name="visibleShadow" value="true"/>
                    <param name="xShadow" value="0"/>
                    <param name="yShadow" value="380"/>
                    <param name="widthShadow" value="380"/>
                    <param name="flipyShadow" value="true"/>
                </include>
                <!-- CDART VIDEO -->
                <include name="DiscArt">
                    <param name="visible" value="!StringCompare(ListItem.Label,..)+!IsEmpty(ListItem.Thumb)+[Container.content(movies)|Container.content(MusicVideos)]"/>
                    <param name="x" value="30"/>
                    <param name="y" value="350"/>
                    <param name="width" value="320"/>
                    <param name="height" value="320"/>
                    <param name="texture" value="$VAR[VideoCdArt]"/>
                    <param name="visibleShadow" value="true"/>
                    <param name="xShadow" value="20"/>
                    <param name="yShadow" value="510"/>
                    <param name="widthShadow" value="340"/>
                    <param name="flipyShadow" value="true"/>
                </include>
                <include name="ThumbsImages">
                    <param name="visible" value="[Container.content(actors) | Container.Content(musicvideos) | container.content(movies) | container.content(TVshows) | container.content(seasons)|Container.Content(sets)]"/>
                    <param name="x" value="20"/>
                    <param name="y" value="0"/>
                    <param name="width" value="340"/>
                    <param name="height" value="510"/>
                    <param name="aspectratio" value="scale"/>
                    <param name="align" value="center"/>
                    <param name="aligny" value="top"/>
                    <param name="flipy" value="false"/>
                </include>
                <include name="ThumbsImages">
                    <param name="visible" value="![Container.content(actors) | Container.Content(musicvideos) | container.content(movies) | container.content(TVshows) | container.content(seasons)|Container.Content(sets)]"/>
                    <param name="x" value="0"/>
                    <param name="y" value="0"/>
                    <param name="width" value="380"/>
                    <param name="height" value="380"/>
                    <param name="aspectratio" value="keep"/>
                    <param name="align" value="center"/>
                    <param name="aligny" value="top"/>
                    <param name="flipy" value="false"/>
                </include>
            </control>
        </control>
    </include>
    <include name="BigList_Layout">
        <itemlayout height="50" width="910">
            <include name="ProgressBar">
                <param name="id" value="0"/>
                <param name="visible" value="Window.IsActive(DialogPVRChannelsOSD.xml)|Window.IsActive(MyPVRChannels.xml)"/>
                <param name="x" value="0"/>
                <param name="y" value="0"/>
                <param name="width" value="910"/>
                <param name="height" value="49"/>
                <param name="texturebg" value="common/osd_progress_dummy.png"/>
                <param name="gfx" value="OSD/osd_progress.png"/>
                <param name="border" value="1,1,1,1"/>
                <param name="info" value="ListItem.Progress"/>
            </include>
            <include name="ProgressBar">
                <param name="id" value="0"/>
                <param name="visible" value="IntegerGreaterThan(ListItem.PercentPlayed,0)"/>
                <param name="x" value="0"/>
                <param name="y" value="0"/>
                <param name="width" value="910"/>
                <param name="height" value="49"/>
                <param name="texturebg" value="common/osd_progress_dummy.png"/>
                <param name="gfx" value="OSD/osd_progress.png"/>
                <param name="border" value="1,1,1,1"/>
                <param name="info" value="ListItem.PercentPlayed"/>
            </include>
            <control type="label">
                <posx>TextMargin</posx>
                <height>50</height>
                <width>810</width>
                <font>FacadeListMainFont</font>
                <textcolor>FocusedColor</textcolor>
                <label>$VAR[UnfocusedTitle]</label>
            </control>
            <include name="WatchedRecOverlay">
                <param name="x" value="0"/>
                <param name="y" value="2"/>
                <param name="width" value="50"/>
                <param name="height" value="50"/>
                <param name="transparency" value="50"/>
            </include>
        </itemlayout>
        <focusedlayout height="50" width="910">
            <control type="group">
                <include>ListFocusAnimation</include>
                <include name="ProgressBar">
                    <param name="id" value="0"/>
                    <param name="visible" value="Window.IsActive(DialogPVRChannelsOSD.xml)|Window.IsActive(MyPVRChannels.xml)"/>
                    <param name="x" value="0"/>
                    <param name="y" value="0"/>
                    <param name="width" value="910"/>
                    <param name="height" value="49"/>
                    <param name="texturebg" value="common/osd_progress_dummy.png"/>
                    <param name="gfx" value="OSD/osd_progress.png"/>
                    <param name="border" value="1,1,1,1"/>
                    <param name="info" value="ListItem.Progress"/>
                </include>
                <include name="ProgressBar">
                    <param name="id" value="0"/>
                    <param name="visible" value="IntegerGreaterThan(ListItem.PercentPlayed,0)"/>
                    <param name="x" value="0"/>
                    <param name="y" value="0"/>
                    <param name="width" value="910"/>
                    <param name="height" value="49"/>
                    <param name="texturebg" value="common/osd_progress_dummy.png"/>
                    <param name="gfx" value="OSD/osd_progress.png"/>
                    <param name="border" value="1,1,1,1"/>
                    <param name="info" value="ListItem.PercentPlayed"/>
                </include>
                <control type="image">
                    <posx>0</posx>
                    <posy>0</posy>
                    <height>50</height>
                    <width>910</width>
                    
                    <texture border="1">list/bg_facade_focus.png</texture>
                </control>
                <control type="label">
                    <posx>TextMargin</posx>
                    <height>50</height>
                    <width>810</width>
                    <font>FacadeListMainFont</font>
                    <textcolor>FocusedColor</textcolor>
                    <scroll>true</scroll>
                    <label>$VAR[DetailsTitle]</label>
                </control>
                <include name="WatchedRecOverlay">
                    <param name="x" value="0"/>
                    <param name="y" value="2"/>
                    <param name="width" value="50"/>
                    <param name="height" value="50"/>
                    <param name="transparency" value="100"/>
                </include>
            </control>
        </focusedlayout>
    </include>
    <include name="View_50_BigList">
        <control type="group">
            <visible>Control.IsVisible(50)</visible>
            <include>Facade_Fade</include>
            <control type="group">
                <control type="image">
                    <posx>0</posx>
                    <posy>280</posy>
                    <width>1920</width>
                    <height>800</height>
                    <texture border="51">common/background_strip_horizontal.png</texture>
                </control>
                <control type="image">
                    <posx>0</posx>
                    <posy>330</posy>
                    <width>50</width>
                    <height>700</height>
                    <texture border="1">common/background_strip_horizontal_left.png</texture>
                </control>
                <control type="image">
                    <posx>1440</posx>
                    <posy>330</posy>
                    <width>480</width>
                    <height>700</height>
                    <texture border="1">common/background_strip_horizontal_right.png</texture>
                </control>
                <control type="image">
                    <posx>960</posx>
                    <posy>330</posy>
                    <width>480</width>
                    <height>700</height>
                    <texture border="1">common/background_strip_horizontal_right.png</texture>
                </control>
                <control type="list" id="50">
                    <viewtype label="535">List</viewtype>
                    <posx>TextMargin</posx>
                    <posy>380</posy>
                    <width>910</width>
                    <height>600</height>
                    <pagecontrol>60</pagecontrol>
                    <onleft>9000</onleft>
                    <onright>60</onright>
                    <onup>50</onup>
                    <ondown>50</ondown>
                    <preloaditems>4</preloaditems>
                    <include>BigList_Layout</include>
                </control>
            </control>
            <control type="scrollbar" id="60">
                <posx>910</posx>
                <posy>380</posy>
                <height>600</height>
                <include>VerticalScroller</include>
                <onleft>50</onleft>
                <onright>505050</onright>
            </control>
            <include name="ClearArtLogo">
                <param name="x" value="430r"/>
                <param name="y" value="180"/>
                <param name="width" value="380"/>
                <param name="height" value="150"/>
                <param name="visible" value="!Player.HasMedia"/>
                <param name="align" value="center"/>
                <param name="aligny" value="bottom"/>
            </include>
            <include name="StudioArt">
                <param name="x" value="1010"/>
                <param name="y" value="180"/>
                <param name="width" value="380"/>
                <param name="height" value="150"/>
                <param name="visible" value="!Player.HasMedia"/>
                <param name="align" value="center"/>
                <param name="aligny" value="bottom"/>
            </include>
        </control>
    </include>
    <include name="View_50_BigList_Extras">
        <control type="group">
            <visible>Control.IsVisible(51)</visible>
            <include>Facade_Fade</include>
            <control type="group">
                <control type="image">
                    <posx>0</posx>
                    <posy>280</posy>
                    <width>1920</width>
                    <height>800</height>
                    <texture border="51">common/background_strip_horizontal.png</texture>
                </control>
                <control type="image">
                    <posx>0</posx>
                    <posy>330</posy>
                    <width>50</width>
                    <height>700</height>
                    <texture border="1">common/background_strip_horizontal_left.png</texture>
                </control>
                <control type="image">
                    <posx>1440</posx>
                    <posy>330</posy>
                    <width>480</width>
                    <height>700</height>
                    <texture border="1">common/background_strip_horizontal_right.png</texture>
                </control>
                <control type="image">
                    <posx>960</posx>
                    <posy>330</posy>
                    <width>480</width>
                    <height>700</height>
                    <texture border="1">common/background_strip_horizontal_right.png</texture>
                </control>
                <control type="list" id="51">
                    <viewtype label="31091">List</viewtype>
                    <posx>TextMargin</posx>
                    <posy>380</posy>
                    <width>910</width>
                    <height>600</height>
                    <pagecontrol>60</pagecontrol>
                    <onleft>9000</onleft>
                    <onright>60</onright>
                    <onup>51</onup>
                    <ondown>51</ondown>
                    <preloaditems>4</preloaditems>
                    <include>BigList_Layout</include>
                </control>
            </control>
            <control type="scrollbar" id="60">
                <posx>910</posx>
                <posy>380</posy>
                <height>600</height>
                <include>VerticalScroller</include>
                <onleft>51</onleft>
                <onright>60</onright>
            </control>
            <include name="ClearArtLogo">
                <param name="x" value="430r"/>
                <param name="y" value="180"/>
                <param name="width" value="380"/>
                <param name="height" value="150"/>
                <param name="visible" value="!Player.HasMedia"/>
                <param name="align" value="center"/>
                <param name="aligny" value="bottom"/>
            </include>
            <include name="StudioArt">
                <param name="x" value="1010"/>
                <param name="y" value="180"/>
                <param name="width" value="380"/>
                <param name="height" value="150"/>
                <param name="visible" value="!Player.HasMedia"/>
                <param name="align" value="center"/>
                <param name="aligny" value="bottom"/>
            </include>
        </control>
    </include>
    <include name="View_50_BigList_Custom_Addons">
        <control type="group">
            <visible>Control.IsVisible(50)</visible>
            <include>Facade_Fade</include>
            <control type="group">
                <control type="image">
                    <posx>0</posx>
                    <posy>280</posy>
                    <width>1920</width>
                    <height>800</height>
                    <texture border="51">common/background_strip_horizontal.png</texture>
                </control>
                <control type="image">
                    <posx>0</posx>
                    <posy>330</posy>
                    <width>50</width>
                    <height>700</height>
                    <texture border="1">common/background_strip_horizontal_left.png</texture>
                </control>
                <control type="image">
                    <posx>1440</posx>
                    <posy>330</posy>
                    <width>480</width>
                    <height>700</height>
                    <texture border="1">common/background_strip_horizontal_right.png</texture>
                </control>
                <control type="image">
                    <posx>960</posx>
                    <posy>330</posy>
                    <width>480</width>
                    <height>700</height>
                    <texture border="1">common/background_strip_horizontal_right.png</texture>
                </control>
                <control type="list" id="50">
                    <viewtype label="31091">Large List</viewtype>
                    <posx>TextMargin</posx>
                    <posy>380</posy>
                    <width>910</width>
                    <height>600</height>
                    <pagecontrol>60</pagecontrol>
                    <onleft>9000</onleft>
                    <onright>60</onright>
                    <onup>50</onup>
                    <ondown>50</ondown>
                    <preloaditems>4</preloaditems>
                    <include>BigList_Layout</include>
                    <content>
                        <item id="2">
                            <label>$LOCALIZE[0]</label>
                            <label2>$INFO[Window(Home).Property(SkinHelper.TotalProgramAddons),, $LOCALIZE[24001]]</label2>
                            <onclick condition="!System.Platform.Android">ActivateWindow(Programs,Addons,return)</onclick>
                            <onclick condition="System.Platform.Android">ActivateWindow(Programs)</onclick>
                        </item>
                        <item id="3">
                           <label>$LOCALIZE[1037]</label>
                            <label2>$INFO[Window(Home).Property(SkinHelper.TotalVideoAddons),, $LOCALIZE[24001]]</label2>
                            <onclick>ActivateWindow(VideoLibrary,Addons,return)</onclick>
                        </item>
                        <item id="4">
                            <label>$LOCALIZE[1038]</label>
                            <label2>$INFO[Window(Home).Property(SkinHelper.TotalAudioAddons),, $LOCALIZE[24001]]</label2>
                            <onclick>ActivateWindow(Music,Addons,return)</onclick>
                        </item>
                        <item id="5">
                            <label>$LOCALIZE[1039]</label>
                            <label2>$INFO[Window(Home).Property(SkinHelper.TotalPicturesAddons),, $LOCALIZE[24001]]</label2>
                            <onclick>XBMC.ActivateWindow(Pictures,Addons,return)</onclick>
                        </item>
                        <item id="51">
                            <visible>Skin.HasSetting(plexbmc)</visible>
                            <label>$LOCALIZE[31000]</label>
                            <onclick>ActivateWindow(pictures,"plugin://plugin.video.plexbmc/?url=http://photo&amp;mode=22",return)</onclick>
                        </item>
                        <item id="52">
                            <visible>Skin.HasSetting(plexbmc)</visible>
                            <label>$LOCALIZE[31001]</label>
                            <onclick>ActivateWindow(Videos,"plugin://plugin.video.plexbmc/?url=http://video&amp;mode=22",return)</onclick>
                        </item>
                        <item id="53">
                            <visible>Skin.HasSetting(plexbmc)</visible>
                            <label>$LOCALIZE[31002]</label>
                            <onclick>ActivateWindow(Music,"plugin://plugin.video.plexbmc/?url=http://music&amp;mode=22",return)</onclick>
                        </item>
                        <item id="50">
                            <visible>Skin.HasSetting(plexbmc)</visible>
                            <label>$LOCALIZE[31003]</label>
                            <onclick>ActivateWindow(Videos,"plugin://plugin.video.plexbmc/?mode=22&amp;url=http://online%2fsystem%2fplugins%2fall",return)</onclick>
                        </item>
                        <item id="2">
                            <label>$LOCALIZE[10040]</label>
                            <label2>$INFO[Window(Home).Property(SkinHelper.TotalAddons),, $LOCALIZE[24001]]</label2>
                            <onclick>ActivateWindow(AddonBrowser,root)</onclick>
                        </item>
                    </content>
                </control>
            </control>
            <control type="scrollbar" id="60">
                <posx>910</posx>
                <posy>380</posy>
                <height>600</height>
                <include>VerticalScroller</include>
                <onleft>50</onleft>
                <onright>505050</onright>
            </control>
        </control>
    </include>
</includes>
