<?xml version="1.0" encoding="UTF-8"?>
<fonts>
	<fontset id="Default" idloc="31390">
		<!-- Normal Fonts -->
		<font>
			<name>fontArial15</name>
			<filename>Arial.ttf</filename>
			<size>35</size>
		</font>
		<font>
			<name>font10</name>
			<filename>RobotoCondensed-Regular.ttf</filename>
			<size>21</size>
		</font>
		<font>
			<name>font12</name>
			<filename>RobotoCondensed-Regular.ttf</filename>
			<size>26</size>
		</font>
		<font>
			<name>font13</name>
			<filename>RobotoCondensed-Regular.ttf</filename>
			<size>30</size>
		</font>
		<font>
			<name>font14_textbox</name>
			<filename>RobotoCondensed-Regular.ttf</filename>
			<size>33</size>
			<linespacing>1.27</linespacing>
		</font>
		<font>
			<name>font14_textbox2</name>
			<filename>RobotoCondensed-Regular.ttf</filename>
			<size>33</size>
			<linespacing>1.1</linespacing>
		</font>
		<font>
			<name>font15_textbox</name>
			<filename>RobotoCondensed-Regular.ttf</filename>
			<size>35</size>
			<linespacing>1.4</linespacing>
		</font>
		<font>
			<name>font14</name>
			<filename>RobotoCondensed-Regular.ttf</filename>
			<size>33</size>
		</font>
		<font>
			<name>font15</name>
			<filename>RobotoCondensed-Regular.ttf</filename>
			<size>35</size>
		</font>
		<font>
			<name>font15_bold</name>
			<filename>RobotoCondensed-Regular.ttf</filename>
			<style>bold</style>
			<size>35</size>
		</font>
		<font>
			<name>font16</name>
			<filename>RobotoCondensed-Regular.ttf</filename>
			<size>38</size>
		</font>
		<font>
			<name>font30</name>
			<filename>RobotoCondensed-Regular.ttf</filename>
			<size>45</size>
		</font>
		<font>
			<name>font48</name>
			<filename>RobotoCondensed-Regular.ttf</filename>
			<size>48</size>
		</font>
		<font>
			<name>font48_bold</name>
			<filename>RobotoCondensed-Regular.ttf</filename>
			<style>bold</style>
			<size>48</size>
		</font>
		
		<!-- LiveTV Fonts -->
		<font>
			<name>font65</name>
			<filename>RobotoCondensed-Regular.ttf</filename>
			<size>65</size>
		</font>
		<font>
			<name>font24_bold</name>
			<filename>RobotoCondensed-Regular.ttf</filename>
			<size>24</size>
			<style>bold</style>
		</font>
		<font>
			<name>font28_bold</name>
			<filename>RobotoCondensed-Regular.ttf</filename>
			<size>28</size>
			<style>bold</style>
		</font>
		<font>
			<name>font52_bold</name>
			<filename>RobotoCondensed-Regular.ttf</filename>
			<style>bold</style>
			<size>48</size>
		</font>
		<font>
			<name>font11</name>
			<filename>RobotoCondensed-Regular.ttf</filename>
			<size>24</size>
		</font>
		<font>
			<name>font12b</name>
			<filename>RobotoCondensed-Regular.ttf</filename>
			<size>28</size>
		</font>
		<font>
			<name>font13b</name>
			<filename>RobotoCondensed-Regular.ttf</filename>
			<size>32</size>
		</font>
		
		<!-- Title Fonts -->
		<font>
			<name>font12_title</name>
			<filename>RobotoCondensed-Regular.ttf</filename>
			<style>uppercase</style>
			<size>26</size>
		</font>
		<font>
			<name>font13_title</name>
			<filename>RobotoCondensed-Regular.ttf</filename>
			<style>uppercase</style>
			<size>30</size>
		</font>
		<font>
			<name>font14_title</name>
			<filename>RobotoCondensed-Regular.ttf</filename>
			<style>uppercase</style>
			<size>33</size>
		</font>
		<font>
			<name>font15_title</name>
			<filename>RobotoCondensed-Regular.ttf</filename>
			<style>uppercase</style>
			<size>35</size>
		</font>
		<font>
			<name>font16_title</name>
			<filename>RobotoCondensed-Regular.ttf</filename>
			<style>uppercase</style>
			<size>38</size>
		</font>
		<font>
			<name>font16_title_bold</name>
			<filename>RobotoCondensed-Regular.ttf</filename>
			<style>uppercase bold</style>
			<size>38</size>
		</font>
		<font>
			<name>font24_title</name>
			<filename>RobotoCondensed-Regular.ttf</filename>
			<style>uppercase</style>
			<size>36</size>
		</font>
		<font>
			<name>font30_title</name>
			<filename>RobotoCondensed-Regular.ttf</filename>
			<style>uppercase</style>
			<size>45</size>
		</font>
		<font>
			<name>font30_title_bold</name>
			<filename>RobotoCondensed-Regular.ttf</filename>
			<style>uppercase bold</style>
			<size>45</size>
		</font>
		<font>
			<name>font48_title</name>
			<filename>RobotoCondensed-Regular.ttf</filename>
			<style>uppercase</style>
			<size>48</size>
		</font>
		<font>
			<name>font35_title</name>
			<filename>RobotoCondensed-Regular.ttf</filename>
			<style>uppercase</style>
			<size>52</size>
		</font>
		<font>
			<name>font35_title_bold</name>
			<filename>RobotoCondensed-Regular.ttf</filename>
			<style>uppercase bold</style>
			<size>52</size>
		</font>
		<font>
			<name>font45caps_title</name>
			<filename>RobotoCondensed-Regular.ttf</filename>
			<style>uppercase</style>
			<size>68</size>
		</font>
		<font>
			<name>font_MainMenu</name>
			<filename>BebasNeue.ttf</filename>
			<linespacing>0</linespacing>
			<size>85</size>
		</font>
		<font>
			<name>BigAssFont</name>
			<filename>BebasNeue.ttf</filename>
			<size>600</size>
		</font>
		<font>
			<name>WeatherTemp</name>
			<filename>RobotoCondensed-Regular.ttf</filename>
			<style>uppercase</style>
			<size>120</size>
		</font>
		<!-- Icons -->
		<font>
			<name>IconTiny</name>
			<filename>webhostinghub-glyphs.ttf</filename>
			<size>26</size>
		</font>
		<font>
			<name>IconSmall</name>
			<filename>webhostinghub-glyphs.ttf</filename>
			<size>30</size>
		</font>
		<font>
			<name>IconMedium</name>
			<filename>webhostinghub-glyphs.ttf</filename>
			<size>36</size>
		</font>
		<font>
			<name>CloseButton</name>
			<filename>webhostinghub-glyphs.ttf</filename>
			<size>20</size>
		</font>
	</fontset>

    <fontset idloc="55501" id="CatboxNeue" unicode="true">
        <font>
            <name>fontArial15</name>
            <filename>OpenSans.ttf</filename>
            <size>35</size>
        </font>
        <font>
            <name>font10</name>
            <filename>OpenSans.ttf</filename>
            <size>21</size>
        </font>
        <font>
            <name>font12</name>
            <filename>OpenSans.ttf</filename>
            <size>26</size>
        </font>
        <font>
            <name>font13</name>
            <filename>OpenSans.ttf</filename>
            <size>30</size>
        </font>
        <font>
            <name>font14_textbox</name>
            <filename>OpenSans.ttf</filename>
            <size>33</size>
        </font>
        <font>
            <name>font14_textbox2</name>
            <filename>OpenSans.ttf</filename>
            <size>33</size>
        </font>
        <font>
            <name>font15_textbox</name>
            <filename>OpenSans.ttf</filename>
            <size>35</size>
        </font>
        <font>
            <name>font14</name>
            <filename>OpenSans.ttf</filename>
            <size>33</size>
        </font>
        <font>
            <name>font15</name>
            <filename>OpenSans.ttf</filename>
            <size>35</size>
        </font>
        <font>
            <name>font15_bold</name>
            <filename>OpenSans.ttf</filename>
            <size>35</size>
            <style>bold</style>
        </font>
        <font>
            <name>font16</name>
            <filename>OpenSans.ttf</filename>
            <size>38</size>
        </font>
        <font>
            <name>font30</name>
            <filename>OpenSans.ttf</filename>
            <size>45</size>
        </font>
        <font>
            <name>font48</name>
            <filename>OpenSans.ttf</filename>
            <size>48</size>
        </font>
        <font>
            <name>font12_title</name>
            <filename>OpenSans.ttf</filename>
            <size>26</size>
            <style>uppercase</style>
        </font>
        <font>
            <name>font13_title</name>
            <filename>OpenSans.ttf</filename>
            <size>30</size>
            <style>uppercase</style>
        </font>
        <font>
            <name>font14_title</name>
            <filename>OpenSans.ttf</filename>
            <size>33</size>
            <style>uppercase</style>
        </font>
        <font>
            <name>font15_title</name>
            <filename>OpenSans.ttf</filename>
            <size>35</size>
            <style>uppercase</style>
        </font>
        <font>
            <name>font16_title</name>
            <filename>OpenSans.ttf</filename>
            <size>38</size>
            <style>uppercase</style>
        </font>
        <font>
            <name>font24_title</name>
            <filename>OpenSans.ttf</filename>
            <size>36</size>
            <style>uppercase</style>
        </font>
        <font>
            <name>font30_title</name>
            <filename>OpenSans.ttf</filename>
            <size>45</size>
            <style>uppercase</style>
        </font>
        <font>
            <name>font48_title</name>
            <filename>OpenSans.ttf</filename>
            <size>48</size>
            <style>uppercase</style>
        </font>
        <font>
            <name>font35_title</name>
            <filename>OpenSans.ttf</filename>
            <size>52</size>
            <style>uppercase</style>
        </font>
        <font>
            <name>font45caps_title</name>
            <filename>OpenSans.ttf</filename>
            <size>68</size>
            <style>uppercase</style>
        </font>
        <font>
            <name>font_MainMenu</name>
            <filename>CatboxNeue.ttf</filename>
            <size>100</size>
        </font>
        <font>
            <name>BigAssFont</name>
            <filename>OpenSans.ttf</filename>
            <size>600</size>
        </font>
        <font>
            <name>WeatherTemp</name>
            <filename>OpenSans.ttf</filename>
            <size>120</size>
            <style>uppercase</style>
        </font>
        <font>
            <name>IconTiny</name>
            <filename>OpenSans.ttf</filename>
            <size>26</size>
        </font>
        <font>
            <name>IconSmall</name>
            <filename>OpenSans.ttf</filename>
            <size>30</size>
        </font>
        <font>
            <name>IconMedium</name>
            <filename>OpenSans.ttf</filename>
            <size>36</size>
        </font>
        <font>
            <name>CloseButton</name>
            <filename>OpenSans.ttf</filename>
            <size>20</size>
        </font>
    </fontset>
</fonts>