<?xml version="1.0" encoding="UTF-8"?>
<includes>
	<variable name="GlobalBackgroundVar">
		<value condition="!IsEmpty(ListItem.Art(extrafanart1)) + !Skin.HasSetting(Disable.Extrafanart) + !Skin.HasSetting(Disable.Fanart)">$INFO[Control.GetLabel(4410)]</value>
		<value condition="!IsEmpty(Container.ListItem.Art(fanart)) + !Skin.HasSetting(Disable.Fanart)">$INFO[Container.ListItem.Art(fanart)]</value>
		<value condition="!IsEmpty(Container.Art(set.fanart))">$INFO[Container.Art(set.fanart)]</value>
		<value condition="StringCompare(Container(9033).ListItem.Thumb,1)">$INFO[Window(Home).Property(script.grab.fanart.Movie.FanArt)]</value>
		<value condition="StringCompare(Container(9033).ListItem.Thumb,2)">$INFO[Window(Home).Property(script.grab.fanart.TV.FanArt)]</value>
		<value condition="StringCompare(Container(9033).ListItem.Thumb,3)">$INFO[Window(Home).Property(script.grab.fanart.Video.FanArt)]</value>
		<value condition="StringCompare(Container(9033).ListItem.Thumb,4)">$INFO[Window(Home).Property(script.grab.fanart.Music.FanArt)]</value>
		<value condition="StringCompare(Container(9033).ListItem.Thumb,5)">$INFO[Window(Home).Property(script.grab.fanart.Global.FanArt)]</value>
		<value condition="StringCompare(Container(9033).ListItem.Thumb,6)">$INFO[Skin.String(weatherfanart.path)]$INFO[Window(Weather).Property(Current.FanartCode)]$VAR[WeatherBackgroundTypeVar]</value>
		<value condition="!IsEmpty(Container(9033).ListItem.Thumb)">$INFO[Container(9033).ListItem.Thumb]</value>
		<value>$INFO[Window(home).Property(fakelabel)]</value>
	</variable>
	<variable name="HomeBackgroundVar">
		<value condition="ControlGroup(9003).HasFocus() | ControlGroup(9004).HasFocus()">$VAR[WidgetFanartVar]</value>
		<value condition="StringCompare(Container(9000).ListItem.Thumb,1)">$INFO[Window(Home).Property(script.grab.fanart.Movie.FanArt)]</value>
		<value condition="StringCompare(Container(9000).ListItem.Thumb,2)">$INFO[Window(Home).Property(script.grab.fanart.TV.FanArt)]</value>
		<value condition="StringCompare(Container(9000).ListItem.Thumb,3)">$INFO[Window(Home).Property(script.grab.fanart.Video.FanArt)]</value>
		<value condition="StringCompare(Container(9000).ListItem.Thumb,4)">$INFO[Window(Home).Property(script.grab.fanart.Music.FanArt)]</value>
		<value condition="StringCompare(Container(9000).ListItem.Thumb,5)">$INFO[Window(Home).Property(script.grab.fanart.Global.FanArt)]</value>
		<value condition="StringCompare(Container(9000).ListItem.Thumb,6)">$INFO[Skin.String(weatherfanart.path)]$INFO[Window(Weather).Property(Current.FanartCode)]$VAR[WeatherBackgroundTypeVar]</value>
		<value condition="StringCompare(Container(9000).ListItem.Property(BGType),7)">$INFO[Container(9034).ListItem.Art(fanart)]</value>
		<value condition="IsEmpty(Container(9000).ListItem.Thumb)">$INFO[Window(home).Property(fakelabel)]</value>
		<value>$INFO[Container(9000).ListItem.Thumb]</value>
	</variable>
	<variable name="WidgetFanartVar">
		<value condition="!IsEmpty(Container(8000).ListItem.Art(fanart)) + Control.HasFocus(8000)">$INFO[Container(8000).ListItem.Art(fanart)]</value>
		<value condition="!IsEmpty(Container(8001).ListItem.Art(fanart)) + Control.HasFocus(8001)">$INFO[Container(8001).ListItem.Art(fanart)]</value>
		<value condition="!IsEmpty(Container(8002).ListItem.Art(fanart)) + Control.HasFocus(8002)">$INFO[Container(8002).ListItem.Art(fanart)]</value>
		<value condition="!IsEmpty(Container(8003).ListItem.Art(fanart)) + Control.HasFocus(8003)">$INFO[Container(8003).ListItem.Art(fanart)]</value>
		<value condition="!IsEmpty(Container(8004).ListItem.Art(fanart)) + Control.HasFocus(8004)">$INFO[Container(8004).ListItem.Art(fanart)]</value>
		<value condition="!IsEmpty(Container(8005).ListItem.Art(fanart)) + Control.HasFocus(8005)">$INFO[Container(8005).ListItem.Art(fanart)]</value>
		<value condition="!IsEmpty(Container(8006).ListItem.Art(fanart)) + Control.HasFocus(8006)">$INFO[Container(8006).ListItem.Art(fanart)]</value>
		<value condition="!IsEmpty(Container(8007).ListItem.Art(fanart)) + Control.HasFocus(8007)">$INFO[Container(8007).ListItem.Art(fanart)]</value>
		<value condition="!IsEmpty(Container(8008).ListItem.Art(fanart)) + Control.HasFocus(8008)">$INFO[Container(8008).ListItem.Art(fanart)]</value>
	</variable>
	<variable name="VizBackgroundClickVar">
		<value condition="IsEmpty(Skin.String(Viz.Background))">Skin.SetString(Viz.Background,1)</value>
		<value condition="StringCompare(Skin.String(Viz.Background),1)">Skin.SetString(Viz.Background,2)</value>
		<value condition="StringCompare(Skin.String(Viz.Background),2)">Skin.SetString(Viz.Background,3)</value>
		<value condition="StringCompare(Skin.String(Viz.Background),3)">Skin.SetString(Viz.Background,4)</value>
		<value condition="StringCompare(Skin.String(Viz.Background),4)">Skin.Reset(Viz.Background)</value>
	</variable>
	<variable name="VizBackgroundLabelVar">
		<value condition="StringCompare(Skin.String(Viz.Background),1)">$LOCALIZE[31068]</value>
		<value condition="StringCompare(Skin.String(Viz.Background),2)">$LOCALIZE[31065]</value>
		<value condition="StringCompare(Skin.String(Viz.Background),3) + System.HasAddon(script.artistslideshow)">$INFO[System.AddonTitle(script.artistslideshow)]</value>
		<value condition="StringCompare(Skin.String(Viz.Background),3)">$LOCALIZE[31059]</value>
		<value condition="StringCompare(Skin.String(Viz.Background),4) + System.HasAddon(script.toolbox)">$LOCALIZE[31002]</value>
		<value condition="StringCompare(Skin.String(Viz.Background),4)">$LOCALIZE[31110]</value>
		<value>$LOCALIZE[20445]</value>
	</variable>
	<variable name="VizBackgroundVar">
		<value condition="StringCompare(Skin.String(Viz.Background),2)">$INFO[Window(Home).Property(script.grab.fanart.Music.FanArt)]</value>
		<value condition="StringCompare(Skin.String(Viz.Background),3)">$INFO[Window(Visualisation).Property(ArtistSlideshow)]</value>
		<value condition="StringCompare(Skin.String(Viz.Background),4) + !IsEmpty(Window(home).Property(ImageFilter))">$INFO[Window(home).Property(ImageFilter)]</value>
		<value condition="!IsEmpty(Player.Art(fanart))">$INFO[Player.Art(fanart)]</value>
		<value>$INFO[Window(Home).Property(script.grab.fanart.Music.FanArt)]</value>
	</variable>
	<variable name="FallbackBackgroundOnClickVar">
		<value condition="Container.Content(movies)">SetProperty(Nox.Temp,Movies.Fallback,home)</value>
		<value condition="Container.Content(tvshows) | Container.Content(seasons) | Container.Content(episodes)">SetProperty(Nox.Temp,TVShows.Fallback,home)</value>
		<value condition="Container.Content(musicvideos)">SetProperty(Nox.Temp,MusicVideos.Fallback,home)</value>
		<value condition="Window.IsActive(videos) | Window.IsActive(videoplaylist)">SetProperty(Nox.Temp,Videos.Fallback,home)</value>
		<value condition="Window.IsActive(musiclibrary) | Window.IsActive(musicplaylist)">SetProperty(Nox.Temp,Music.Fallback,home)</value>
		<value condition="Window.IsActive(pvr)">SetProperty(Nox.Temp,LiveTV.Fallback,home)</value>
		<value condition="Window.IsActive(SettingsCategory.xml) | Window.IsActive(systeminfo) | Window.IsActive(skinsettings) | Window.IsActive(settings) | Window.IsActive(addonbrowser) | Window.IsActive(filemanager) | Window.IsActive(eventlog)">SetProperty(Nox.Temp,System.Fallback,home)</value>
		<value condition="Window.IsActive(programs)">SetProperty(Nox.Temp,Apps.Fallback,home)</value>
		<value condition="Window.IsActive(pictures)">SetProperty(Nox.Temp,Pictures.Fallback,home)</value>
	</variable>
	<variable name="OverlayVar">
		<value condition="Container.ListItem.IsResumable + IsEmpty(Window(Home).Property(Overlay.Resumable))">overlays/showcase/resumable.png</value>
		<value condition="StringCompare(Window(Home).Property(Overlay.Path),overlays/showcase/3/)">$INFO[ListItem.Overlay,overlays/showcase/3/]</value>
		<value condition="StringCompare(Window(Home).Property(Overlay.Path),overlays/showcase/2/)">$INFO[ListItem.Overlay,overlays/showcase/2/]</value>
		<value condition="StringCompare(Window(Home).Property(Overlay.Path),overlays/showcase/1/)">$INFO[ListItem.Overlay,overlays/showcase/1/]</value>
		<value>$INFO[ListItem.Overlay,overlays/showcase/]</value>
	</variable>
	<variable name="ListItem.Overlay">
		<value condition="ListItem.IsResumable">overlays/list/resumable.png</value>
		<value>$INFO[ListItem.Overlay,overlays/list/]</value>
	</variable>
	<variable name="ListOverlayEpisodesVar">
		<value condition="IntegerGreaterThan(ListItem.Property(UnWatchedEpisodes),99)">   99 +</value>
		<value>$INFO[ListItem.Property(UnWatchedEpisodes)]</value>
	</variable>
	<variable name="BreadcrumbsFillerVar">
		<value condition="Container.Content(tvshows) | Container.Content(seasons)">$LOCALIZE[20343]: </value>
		<value condition="SubString(Container.FolderPath,videodb://recentlyadded,left)">$INFO[Window(home).Property(fakelabel)]</value>
		<value condition="Container.Content(episodes) + !StringCompare(Container.FolderName,ListItem.TvShowTitle)">$INFO[ListItem.TvShowTitle]: </value>
		<value condition="SubString(Container.FolderPath,videodb://tvshows/,left)">$LOCALIZE[20343]: </value>
		<value condition="SubString(Container.FolderPath,videodb://movies/,left)">$LOCALIZE[20342]: </value>
		<value condition="Window.IsActive(textviewer)">$INFO[Control.GetLabel(1)]</value>
		<value condition="Window.IsActive(script-NextAired-TVGuide.xml) | Window.IsActive(script-NextAired-TVGuide2.xml)">$INFO[System.AddonTitle(script.tv.show.next.aired)]</value>
		<value condition="Window.IsActive(skinsettings)">$LOCALIZE[20077]</value>
		<value condition="Window.IsActive(musiclibrary) + !IsEmpty(Container.FolderName)">$LOCALIZE[2]: </value>
		<value condition="Window.IsActive(musiclibrary)">$LOCALIZE[2]</value>
		<value condition="Window.IsActive(tvchannels) | Window.IsActive(TVGuide) | Window.IsActive(TVRecordings) | Window.IsActive(TVTimers) | Window.IsActive(TVSearch)">$LOCALIZE[19020]: </value>
		<value condition="Window.IsActive(RadioChannels) | Window.IsActive(RadioGuide) | Window.IsActive(RadioRecordings) | Window.IsActive(RadioSearch)">$LOCALIZE[19183]: </value>
		<value condition="!IsEmpty(Container.FolderName)">$INFO[System.CurrentWindow]: </value>
		<value>$INFO[System.CurrentWindow]</value>
	</variable>
	<variable name="BreadcrumbsVar">
		<value condition="Window.IsActive(videos) + Container.Filtered">$VAR[BreadcrumbsFillerVar]$INFO[Container.FolderName]$INFO[Control.GetLabel(10),[COLOR grey3] | ,: $LOCALIZE[587][/COLOR]]</value>
		<value condition="Window.IsActive(videos)">$VAR[BreadcrumbsFillerVar]$INFO[Container.FolderName]$INFO[Control.GetLabel(10),[COLOR grey3] | ,[/COLOR]]</value>
		<value condition="Window.IsActive(addoninformation) + !Window.IsActive(textviewer)">$VAR[BreadcrumbsFillerVar]$INFO[ListItem.Property(Addon.Name)]</value>
		<value condition="Window.IsActive(textviewer)">$VAR[BreadcrumbsFillerVar]</value>
		<value condition="Window.IsActive(script-globalsearch-main.xml)">$INFO[System.AddonTitle(script.globalsearch)]$INFO[Control.GetLabel(190),: ]$INFO[Control.GetLabel(191), ]</value>
		<value condition="Window.IsActive(TVGuide) | Window.IsActive(RadioGuide)">$VAR[BreadcrumbsFillerVar,, $LOCALIZE[19069]]</value>
		<value condition="Window.IsActive(TVRecordings) | Window.IsActive(RadioRecordings)">$VAR[BreadcrumbsFillerVar,, $LOCALIZE[19163]]</value>
		<value condition="Window.IsActive(TVTimers) | Window.IsActive(RadioTimers)">$VAR[BreadcrumbsFillerVar,, $LOCALIZE[19040]]</value>
		<value condition="Window.IsActive(TVSearch) | Window.IsActive(RadioSearch)">$VAR[BreadcrumbsFillerVar,, $LOCALIZE[137]]</value>
		<value condition="Window.IsActive(eventlog)">$LOCALIZE[14111]$INFO[Control.GetLabel(21),[COLOR grey3] | , [/COLOR]]</value>
		<value condition="Window.IsActive(SettingsCategory.xml)">$INFO[System.CurrentWindow]$INFO[Control.GetLabel(20),[COLOR grey3] | , [/COLOR]]</value>
		<value>$VAR[BreadcrumbsFillerVar]$INFO[Container.FolderName]</value>
	</variable>
	<variable name="LibraryStatsVar">
		<value condition="ControlGroup(9004).HasFocus()">$VAR[WidgetLabelVar]</value>
		<value condition="StringCompare(Container(9000).ListItem.Property(InfoLine),1)">$INFO[Window(Home).Property(Movies.Count),[COLOR grey]$LOCALIZE[20342]:[/COLOR] ]$INFO[Window(Home).Property(Movies.Watched),[COLOR grey]  |  $LOCALIZE[16102]:[/COLOR] ]$INFO[Window(Home).Property(Movies.UnWatched),[COLOR grey]  |  $LOCALIZE[16101]:[/COLOR] ]</value>
		<value condition="StringCompare(Container(9000).ListItem.Property(InfoLine),2)">$INFO[Window(Home).Property(TVShows.Count),[COLOR grey]$LOCALIZE[20343]:[/COLOR] ]$INFO[Window(Home).Property(Episodes.Count),[COLOR grey]  |  $LOCALIZE[20360]:[/COLOR] ]$INFO[Window(Home).Property(Episodes.UnWatched),[COLOR grey]  |  $LOCALIZE[16101]:[/COLOR] ]</value>
		<value condition="StringCompare(Container(9000).ListItem.Property(InfoLine),3)">$INFO[Window(Home).Property(Music.ArtistsCount),[COLOR grey]$LOCALIZE[133]:[/COLOR] ]$INFO[Window(Home).Property(Music.AlbumsCount),[COLOR grey]  |  $LOCALIZE[132]:[/COLOR] ]$INFO[Window(Home).Property(Music.SongsCount),[COLOR grey]  |  $LOCALIZE[134]:[/COLOR] ]</value>
		<value condition="StringCompare(Container(9000).ListItem.Property(InfoLine),4) + PVR.IsRecording">$LOCALIZE[19158] $INFO[PVR.NowRecordingDateTime, [B][COLOR=white], [/COLOR][/B]$LOCALIZE[19126] - ] | [B][COLOR=FF48D1CC]$INFO[PVR.NowRecordingTitle][/COLOR][/B] [B][COLOR=white]($INFO[PVR.NowRecordingChannel, ])[/COLOR][/B]</value>
		<value condition="StringCompare(Container(9000).ListItem.Property(InfoLine),4) + PVR.HasNonRecordingTimer">$LOCALIZE[19157] $INFO[PVR.NextRecordingDateTime, [B][COLOR=white], [/COLOR][/B]$LOCALIZE[19126] - ] | $INFO[PVR.NextRecordingTitle, [B][COLOR=white],[/COLOR][/B]]$INFO[PVR.NextRecordingChannel, - [B][COLOR=white],[/COLOR][/B]]</value>
		<value condition="StringCompare(Container(9000).ListItem.Property(InfoLine),4)">$INFO[Pvr.BackendChannels,[COLOR grey]$LOCALIZE[19019]:[/COLOR] ]$INFO[Pvr.BackendRecordings,[COLOR grey]  |  $LOCALIZE[19163]:[/COLOR] ]</value>
		<value condition="StringCompare(Container(9000).ListItem.Property(InfoLine),5)">$INFO[Weather.Location,[COLOR grey],:[/COLOR] ]$INFO[Weather.Conditions]</value>
		<value condition="StringCompare(Container(9000).ListItem.Property(InfoLine),6)">$INFO[Window(Home).Property(RandomAddon.Count),[COLOR grey]$LOCALIZE[20161] $LOCALIZE[24001]: [/COLOR],[COLOR grey]  |  [/COLOR]]$INFO[Window(home).Property(favourite.count), [COLOR grey]$LOCALIZE[1036]:[/COLOR] ]</value>
		<value condition="StringCompare(Container(9000).ListItem.Property(InfoLine),7)">$INFO[Window(Home).Property(MusicVideos.Count),[COLOR grey]$LOCALIZE[20389]:[/COLOR] ]$INFO[Window(Home).Property(MusicVideos.Watched),[COLOR grey]  |  $LOCALIZE[16102]:[/COLOR] ]$INFO[Window(Home).Property(MusicVideos.UnWatched),[COLOR grey]  |  $LOCALIZE[16101]:[/COLOR] ]</value>
		<value condition="StringCompare(Container(9000).ListItem.Property(InfoLine),8)">$INFO[System.memory(used.percent),[COLOR grey]$LOCALIZE[31309][/COLOR] ]$INFO[System.CPUUsage,[COLOR grey] | $LOCALIZE[13271][/COLOR] ]</value>
		<value condition="StringCompare(Container(9000).ListItem.Property(InfoLine),9)">$INFO[Window(Home).Property(PlaylistCount),[COLOR grey]$LOCALIZE[20342]:[/COLOR] ]$INFO[Window(Home).Property(PlaylistWatched),[COLOR grey]  |  $LOCALIZE[16102]:[/COLOR] ]$INFO[Window(Home).Property(PlaylistUnWatched),[COLOR grey]  |  $LOCALIZE[16101]:[/COLOR] ]$INFO[Window(Home).Property(PlaylistInProgress),[COLOR grey]  |  $LOCALIZE[575]:[/COLOR] ]</value>
		<value condition="StringCompare(Container(9000).ListItem.Property(InfoLine),10)">$INFO[Window(Home).Property(PlaylistTVShowCount),[COLOR grey]$LOCALIZE[20343]:[/COLOR] ]$INFO[Window(Home).Property(PlaylistEpisodes),[COLOR grey]  |  $LOCALIZE[20360]:[/COLOR] ]$INFO[Window(Home).Property(PlaylistEpisodesUnWatched),[COLOR grey]  |  $LOCALIZE[16101]:[/COLOR] ]</value>
		<value condition="StringCompare(Container(9000).ListItem.Property(InfoLine),11)">$INFO[Window(Home).Property(PlaylistCount),[COLOR grey]$LOCALIZE[20389]:[/COLOR] ]$INFO[Window(Home).Property(PlaylistWatched),[COLOR grey]  |  $LOCALIZE[16102]:[/COLOR] ]$INFO[Window(Home).Property(PlaylistUnWatched),[COLOR grey]  |  $LOCALIZE[16101]:[/COLOR] ]$INFO[Window(Home).Property(PlaylistInProgress),[COLOR grey]  |  $LOCALIZE[575]:[/COLOR] ]</value>
	</variable>
	<variable name="MusicOSDRepeatButtonVar">
		<value condition="[!Playlist.IsRepeat + !Playlist.IsRepeatOne] + !Control.HasFocus(707)">osd/buttons/OSDRepeatNF.png</value>
		<value condition="Playlist.IsRepeatOne+!Control.HasFocus(707)">osd/buttons/OSDRepeatOneNF.png</value>
		<value condition="Playlist.IsRepeat+!Control.HasFocus(707)">osd/buttons/OSDRepeatAllNF.png</value>
		<value condition="[!Playlist.IsRepeat + !Playlist.IsRepeatOne] + Control.HasFocus(707)">osd/buttons/OSDRepeatFO.png</value>
		<value condition="Playlist.IsRepeatOne+ Control.HasFocus(707)">osd/buttons/OSDRepeatOneFO.png</value>
		<value condition="Playlist.IsRepeat+ Control.HasFocus(707)">osd/buttons/OSDRepeatAllFO.png</value>
	</variable>
	<!-- List Label Vars -->
	<variable name="VideoListLabelVar">
		<value condition="Skin.HasSetting(Enable.HideRatings) + StringCompare(ListItem.Label2,ListItem.Rating) + !StringCompare(Container.SortMethod,$LOCALIZE[563])">$INFO[ListItem.Year]</value>
		<value>$INFO[ListItem.Label2]</value>
	</variable>
	<variable name="VideoListLabel2Var">
		<value condition="Container.Content(episodes)">$INFO[ListItem.Premiered]</value>
		<value>$INFO[ListItem.Genre]</value>
	</variable>
	<variable name="MusicListLabel3Var">
		<value condition="Container.Content(songs) + !IsEmpty(ListItem.Title)">$INFO[ListItem.Title]</value>
		<value>$INFO[ListItem.Label]</value>
	</variable>
	<variable name="MusicListLabel4Var">
		<value condition="Container.Content(albums)">$INFO[ListItem.Year]</value>
		<value>$INFO[ListItem.Duration]</value>
	</variable>
	<variable name="PosterVar">
		<value condition="Container.Content(episodes) + !IsEmpty(ListItem.Art(season.poster))">$INFO[ListItem.Art(season.poster)]</value>
		<value condition="Container.Content(episodes) + !IsEmpty(ListItem.Art(tvshow.poster))">$INFO[ListItem.Art(tvshow.poster)]</value>
		<value condition="!IsEmpty(ListItem.Art(poster))">$INFO[ListItem.Art(poster)]</value>
		<value>$INFO[ListItem.Icon]</value>
	</variable>
	<variable name="RatingAndVotesVar">
		<value condition="IsEmpty(ListItem.Votes)">$LOCALIZE[563]</value>
		<value>$INFO[ListItem.Votes,, $LOCALIZE[20350]]</value>
	</variable>
	<variable name="DurationVar">
		<value condition="Container.Content(tvshows) + !IsEmpty(Window(Home).Property(NextAired.Runtime))">$INFO[Window(Home).Property(NextAired.Runtime)]</value>
		<value condition="!IsEmpty(ListItem.Duration)">$INFO[ListItem.Duration]</value>
		<value>?</value>
	</variable>
	<variable name="OneOrMoreSeasonsVar">
		<value condition="StringCompare(ListItem.Property(TotalSeasons),1)">$LOCALIZE[20373]</value>
		<value>$LOCALIZE[33054]</value>
	</variable>
	<variable name="OneOrMoreEpisodesVar">
		<value condition="StringCompare(ListItem.Property(TotalEpisodes),1)">$LOCALIZE[20359]</value>
		<value>$LOCALIZE[20360]</value>
	</variable>
	<variable name="VideoPlotVar">
		<value condition="Container.Content(seasons)">$INFO[Container.ShowPlot]</value>
		<value condition="!IsEmpty(Window(home).Property(Set.Movies.ExtendedPlot))">$INFO[Window(home).Property(Set.Movies.ExtendedPlot)]</value>
		<value condition="!IsEmpty(ListItem.PlotOutline) + !Skin.HasSetting(VideoInfoPlotToggle)">$INFO[ListItem.Tagline,[COLOR labelheader],[/COLOR] - ]$INFO[ListItem.PlotOutline]</value>
		<value condition="System.GetBool(videolibrary.showunwatchedplots)">$INFO[ListItem.Tagline,[COLOR labelheader],[/COLOR] - ]$INFO[ListItem.Plot]</value>
		<value>$INFO[ListItem.Plot]</value>
	</variable>
	<variable name="OtherPlotVar">
		<value condition="Container.Content(albums) + !IsEmpty(ListItem.Property(Album_Description))">$INFO[ListItem.Property(Album_Description)]</value>
		<value condition="Container.Content(albums)">$LOCALIZE[414]</value>
		<value condition="Container.Content(artists) + !IsEmpty(ListItem.Property(Artist_Description))">$INFO[ListItem.Property(Artist_Description)]</value>
		<value condition="Container.Content(artists)">$LOCALIZE[547]</value>
	</variable>
	<variable name="MusicPlotVar">
		<value condition="!IsEmpty(ListItem.Property(Album_Description))">$INFO[ListItem.Property(Album_Description)]</value>
		<value condition="!IsEmpty(ListItem.Property(Artist_Description))">$INFO[ListItem.Property(Artist_Description)]</value>
		<value condition="!IsEmpty(ListItem.Property(Addon.Description))">$INFO[ListItem.Property(Addon.Description)]$INFO[ListItem.Property(Addon.Disclaimer), -- [COLOR labelheader],[/COLOR]]</value>
		<value condition="!IsEmpty(ListItem.Comment)">$INFO[ListItem.Comment]</value>
		<value>$INFO[ListItem.Plot]</value>
	</variable>
	<variable name="VideoPlotLocalizeVar">
		<value condition="Skin.HasSetting(VideoInfoPlotToggle)">$LOCALIZE[31045]</value>
		<value>$LOCALIZE[31044]</value>
	</variable>
	<variable name="SourceFlagVar">
		<value condition="[SubString(ListItem.filename,PDTV) | SubString(ListItem.filename,sdtv) | SubString(ListItem.filename,sd tv)]">sdtv</value>
		<value condition="[SubString(ListItem.Filename,hdtv) | SubString(ListItem.Filename,hd tv)]">hdtv</value>
		<value condition="[SubString(ListItem.Filename,hddvd) | SubString(ListItem.Filename,hd-dvd)]">hddvd</value>
		<value condition="ListItem.IsStereoscopic">bluray3d</value>
		<value condition="[SubString(ListItem.Filename,bluray) | SubString(ListItem.Filename,blu-ray) | SubString(ListItem.Filename,bdrip) | SubString(ListItem.Filename,brrip)]">bluray</value>
		<value condition="SubString(ListItem.Filename,dvb)">dvb</value>
		<value condition="SubString(ListItem.Filename,web-dl)">web-dl</value>
		<value condition="SubString(ListItem.Filename,dvd) | StringCompare(ListItem.FileExtension,iso) | StringCompare(ListItem.FileExtension,ifo)">dvd</value>
		<value>$INFO[ListItem.VideoCodec]</value>
	</variable>
	<variable name="VideoSourceFlagVar">
		<value condition="[SubString(Player.Filenameandpath,PDTV) | SubString(Player.Filenameandpath,sdtv)]">sdtv</value>
		<value condition="SubString(Player.Filenameandpath,hdtv)">hdtv</value>
		<value condition="[SubString(Player.Filenameandpath,hddvd) | SubString(Player.Filenameandpath,hd-dvd)]">hddvd</value>
		<value condition="VideoPlayer.IsStereoscopic">bluray3d</value>
		<value condition="[SubString(Player.Filenameandpath,bluray) | SubString(Player.Filenameandpath,blu-ray) | SubString(Player.Filenameandpath,bdrip) | SubString(Player.Filenameandpath,brrip)]">bluray</value>
		<value condition="SubString(Player.Filenameandpath,dvb)">dvb</value>
		<value condition="SubString(Player.Filenameandpath,web-dl)">web-dl</value>
		<value condition="SubString(Player.Filenameandpath,dvd) | SubString(Player.Filenameandpath,.iso,Right) | SubString(Player.Filenameandpath,.ifo,Right)">dvd</value>
		<value>$INFO[VideoPlayer.VideoCodec]</value>
	</variable>
	<!-- InfoPanel -->
	<variable name="VideoInfoPanelVar">
		<value condition="Control.IsVisible(53) + Container.Content(movies)">$INFO[Skin.String(53.Movies.InfoPanel)]</value>
		<value condition="Control.IsVisible(53) + Container.Content(tvshows)">$INFO[Skin.String(53.TVShows.InfoPanel)]</value>
		<value condition="Control.IsVisible(53) + Container.Content(seasons)">$INFO[Skin.String(53.Seasons.InfoPanel)]</value>
		<value condition="Control.IsVisible(53) + Container.Content(sets)">$INFO[Skin.String(53.Sets.InfoPanel)]</value>
		<value condition="Control.IsVisible(52) + Container.Content(movies)">$INFO[Skin.String(52.Movies.InfoPanel)]</value>
		<value condition="Control.IsVisible(52) + Container.Content(tvshows)">$INFO[Skin.String(52.TVShows.InfoPanel)]</value>
		<value condition="Control.IsVisible(52) + Container.Content(seasons)">$INFO[Skin.String(52.Seasons.InfoPanel)]</value>
		<value condition="Control.IsVisible(52) + Container.Content(episodes)">$INFO[Skin.String(52.Episodes.InfoPanel)]</value>
		<value condition="Control.IsVisible(52) + Container.Content(sets)">$INFO[Skin.String(52.Sets.InfoPanel)]</value>
	</variable>
	<variable name="MusicInfoPanelVar">
		<value condition="Control.IsVisible(54) + Container.Content(albums)">$INFO[Skin.String(54.Albums.InfoPanel)]</value>
		<value condition="Control.IsVisible(54) + Container.Content(artists)">$INFO[Skin.String(54.Artists.InfoPanel)]</value>
		<value condition="Control.IsVisible(52) + Container.Content(artists)">$INFO[Skin.String(52.Artists.InfoPanel)]</value>
	</variable>
	<variable name="52VideoInfoPanelVar">
		<value condition="Container.Content(movies) + IsEmpty(Skin.String(52.Movies.InfoPanel))">Skin.SetString(52.Movies.InfoPanel,1)</value>
		<value condition="Container.Content(movies) + StringCompare(Skin.String(52.Movies.InfoPanel),1)">Skin.SetString(52.Movies.InfoPanel,2)</value>
		<value condition="Container.Content(movies) + StringCompare(Skin.String(52.Movies.InfoPanel),2)">Skin.Reset(52.Movies.InfoPanel)</value>
		<value condition="Container.Content(tvshows) + IsEmpty(Skin.String(52.TVShows.InfoPanel))">Skin.SetString(52.TVShows.InfoPanel,1)</value>
		<value condition="Container.Content(tvshows) + StringCompare(Skin.String(52.TVShows.InfoPanel),1)">Skin.SetString(52.TVShows.InfoPanel,2)</value>
		<value condition="Container.Content(tvshows) + StringCompare(Skin.String(52.TVShows.InfoPanel),2)">Skin.Reset(52.TVShows.InfoPanel)</value>
		<value condition="Container.Content(seasons) + IsEmpty(Skin.String(52.Seasons.InfoPanel))">Skin.SetString(52.Seasons.InfoPanel,1)</value>
		<value condition="Container.Content(seasons) + StringCompare(Skin.String(52.Seasons.InfoPanel),1)">Skin.SetString(52.Seasons.InfoPanel,2)</value>
		<value condition="Container.Content(seasons) + StringCompare(Skin.String(52.Seasons.InfoPanel),2)">Skin.Reset(52.Seasons.InfoPanel)</value>
		<value condition="Container.Content(episodes) + IsEmpty(Skin.String(52.Episodes.InfoPanel))">Skin.SetString(52.Episodes.InfoPanel,1)</value>
		<value condition="Container.Content(episodes) + StringCompare(Skin.String(52.Episodes.InfoPanel),1)">Skin.SetString(52.Episodes.InfoPanel,2)</value>
		<value condition="Container.Content(episodes) + StringCompare(Skin.String(52.Episodes.InfoPanel),2)">Skin.Reset(52.Episodes.InfoPanel)</value>
		<value condition="Container.Content(sets) + IsEmpty(Skin.String(52.Sets.InfoPanel))">Skin.SetString(52.Sets.InfoPanel,1)</value>
		<value condition="Container.Content(sets) + StringCompare(Skin.String(52.Sets.InfoPanel),1)">Skin.SetString(52.Sets.InfoPanel,2)</value>
		<value condition="Container.Content(sets) + StringCompare(Skin.String(52.Sets.InfoPanel),2)">Skin.Reset(52.Sets.InfoPanel)</value>
	</variable>
	<variable name="53VideoInfoPanelVar">
		<value condition="Container.Content(movies) + IsEmpty(Skin.String(53.Movies.InfoPanel))">Skin.SetString(53.Movies.InfoPanel,1)</value>
		<value condition="Container.Content(movies) + StringCompare(Skin.String(53.Movies.InfoPanel),1)">Skin.SetString(53.Movies.InfoPanel,2)</value>
		<value condition="Container.Content(movies) + StringCompare(Skin.String(53.Movies.InfoPanel),2)">Skin.Reset(53.Movies.InfoPanel)</value>
		<value condition="Container.Content(tvshows) + IsEmpty(Skin.String(53.TVShows.InfoPanel))">Skin.SetString(53.TVShows.InfoPanel,1)</value>
		<value condition="Container.Content(tvshows) + StringCompare(Skin.String(53.TVShows.InfoPanel),1)">Skin.SetString(53.TVShows.InfoPanel,2)</value>
		<value condition="Container.Content(tvshows) + StringCompare(Skin.String(53.TVShows.InfoPanel),2)">Skin.Reset(53.TVShows.InfoPanel)</value>
		<value condition="Container.Content(seasons) + IsEmpty(Skin.String(53.Seasons.InfoPanel))">Skin.SetString(53.Seasons.InfoPanel,1)</value>
		<value condition="Container.Content(seasons) + StringCompare(Skin.String(53.Seasons.InfoPanel),1)">Skin.SetString(53.Seasons.InfoPanel,2)</value>
		<value condition="Container.Content(seasons) + StringCompare(Skin.String(53.Seasons.InfoPanel),2)">Skin.Reset(53.Seasons.InfoPanel)</value>
		<value condition="Container.Content(sets) + IsEmpty(Skin.String(53.Sets.InfoPanel))">Skin.SetString(53.Sets.InfoPanel,1)</value>
		<value condition="Container.Content(sets) + StringCompare(Skin.String(53.Sets.InfoPanel),1)">Skin.SetString(53.Sets.InfoPanel,2)</value>
		<value condition="Container.Content(sets) + StringCompare(Skin.String(53.Sets.InfoPanel),2)">Skin.Reset(53.Sets.InfoPanel)</value>
	</variable>
	<variable name="52MusicInfoPanelVar">
		<value condition="Container.Content(artists) + IsEmpty(Skin.String(52.Artists.InfoPanel))">Skin.SetString(52.Artists.InfoPanel,2)</value>
		<!-- <value condition="Container.Content(artists) + StringCompare(Skin.String(52.Artists.InfoPanel),1)">Skin.SetString(52.Artists.InfoPanel,2)</value> -->
		<value condition="Container.Content(artists) + StringCompare(Skin.String(52.Artists.InfoPanel),2)">Skin.Reset(52.Artists.InfoPanel)</value>
	</variable>
	<variable name="54MusicInfoPanelVar">
		<value condition="Container.Content(albums) + IsEmpty(Skin.String(54.Albums.InfoPanel))">Skin.SetString(54.Albums.InfoPanel,1)</value>
		<value condition="Container.Content(albums) + StringCompare(Skin.String(54.Albums.InfoPanel),1)">Skin.Reset(54.Albums.InfoPanel)</value>
		<value condition="Container.Content(artists) + IsEmpty(Skin.String(54.Artists.InfoPanel))">Skin.SetString(54.Artists.InfoPanel,1)</value>
		<value condition="Container.Content(artists) + StringCompare(Skin.String(54.Artists.InfoPanel),1)">Skin.Reset(54.Artists.InfoPanel)</value>
		<!-- <value condition="Container.Content(albums) + StringCompare(Skin.String(54.Albums.InfoPanel),2)">Skin.Reset(54.Albums.InfoPanel)</value> -->
	</variable>
	<variable name="InfoPanelLabelVar">
		<value condition="StringCompare(Control.GetLabel(4420),1)">$LOCALIZE[20445]</value>
		<value condition="StringCompare(Control.GetLabel(4420),2)">$LOCALIZE[31086]</value>
		<value>$LOCALIZE[351]</value>
	</variable>
	<variable name="InfoPanelDelayOnClickVar">
		<value condition="IsEmpty(Skin.String(InfoPanel.Delay))">Skin.SetString(InfoPanel.Delay,2)</value>
		<value condition="StringCompare(Skin.String(InfoPanel.Delay),2)">Skin.SetString(InfoPanel.Delay,3)</value>
		<value condition="StringCompare(Skin.String(InfoPanel.Delay),3)">Skin.SetString(InfoPanel.Delay,4)</value>
		<value condition="StringCompare(Skin.String(InfoPanel.Delay),4)">Skin.SetString(InfoPanel.Delay,5)</value>
		<value condition="StringCompare(Skin.String(InfoPanel.Delay),5)">Skin.Reset(InfoPanel.Delay)</value>
	</variable>
	<variable name="InfoPanelDelayLocalizeVar">
		<value condition="!IsEmpty(Skin.String(InfoPanel.Delay))">$INFO[Skin.String(InfoPanel.Delay),, $LOCALIZE[31090]]</value>
		<value>$LOCALIZE[351]</value>
	</variable>
	<variable name="InfoPanelLabel1Var">
		<value condition="[Container.Content(movies) | Container.Content(episodes) | Container.Content(sets)] + !IsEmpty(Window(home).Property(Set.Movies.Director))">[COLOR labelheader]$LOCALIZE[31000]:[/COLOR][CR]$INFO[Window(home).Property(Set.Movies.Director)]</value>
		<value condition="[Container.Content(movies) | Container.Content(episodes) | Container.Content(sets)]">[COLOR labelheader]$LOCALIZE[31000]:[/COLOR][CR]$INFO[ListItem.Director]</value>
		<value condition="[Container.Content(tvshows) | Container.Content(seasons)] + !IsEmpty(Window(Home).Property(NextAired.Status))">[COLOR labelheader]$LOCALIZE[126]:[/COLOR][CR]$INFO[Window(Home).Property(NextAired.Status)]</value>
		<value condition="[Container.Content(tvshows) | Container.Content(seasons)]">[COLOR labelheader]$LOCALIZE[515]:[/COLOR][CR]$INFO[ListItem.Genre]</value>
	</variable>
	<variable name="InfoPanelLabel2Var">
		<value condition="[Container.Content(movies) | Container.Content(episodes) | Container.Content(sets)] + !IsEmpty(Window(home).Property(Set.Movies.Writer))">[COLOR labelheader]$LOCALIZE[31001]:[/COLOR][CR]$INFO[Window(home).Property(Set.Movies.Writer)]</value>
		<value condition="[Container.Content(movies) | Container.Content(episodes) | Container.Content(sets)]">[COLOR labelheader]$LOCALIZE[31001]:[/COLOR][CR]$INFO[ListItem.Writer]</value>
		<value condition="[Container.Content(tvshows) | Container.Content(seasons)] + !IsEmpty(Window(Home).Property(NextAired.NextDate))">[COLOR labelheader]$LOCALIZE[31010]:[/COLOR][CR]$INFO[Window(Home).Property(NextAired.NextDate),,: ]$INFO[Window(Home).Property(NextAired.NextTitle)]</value>
		<value condition="[Container.Content(tvshows) | Container.Content(seasons)] + !IsEmpty(Window(Home).Property(NextAired.LatestDate))">[COLOR labelheader]$LOCALIZE[31011]:[/COLOR][CR]$INFO[Window(Home).Property(NextAired.LatestNumber),, - ]$INFO[Window(Home).Property(NextAired.LatestTitle)]</value>
		<value condition="[Container.Content(tvshows) | Container.Content(seasons)]">[COLOR labelheader]$LOCALIZE[31019]:[/COLOR][CR]$INFO[ListItem.Studio]</value>
	</variable>
	<variable name="InfoPanelLabel3Var">
		<value condition="[Container.Content(movies) | Container.Content(episodes) | Container.Content(sets)]">[COLOR labelheader]$LOCALIZE[563]:[/COLOR][CR]$INFO[ListItem.RatingAndVotes]$INFO[ListItem.Top250, / $LOCALIZE[13409] #]</value>
		<value condition="Container.Content(tvshows) + !IsEmpty(Window(Home).Property(NextAired.Status))">[COLOR labelheader]$INFO[ListItem.Property(TotalSeasons)]$VAR[OneOrMoreSeasonsVar, , / ]$INFO[ListItem.Property(TotalEpisodes),, ]$VAR[OneOrMoreEpisodesVar]:[/COLOR][CR]$INFO[ListItem.Property(UnWatchedEpisodes),, $LOCALIZE[16101]]</value>
		<value condition="Container.Content(tvshows)">[COLOR labelheader]$LOCALIZE[20360]:[/COLOR][CR]$INFO[ListItem.Property(TotalEpisodes)]$INFO[ListItem.Property(UnWatchedEpisodes), (,[LOWERCASE] $LOCALIZE[16101][/LOWERCASE])]</value>
		<value condition="Container.Content(seasons)">[COLOR labelheader]$LOCALIZE[20360]:[/COLOR][CR]$INFO[ListItem.Property(TotalEpisodes)]</value>
	</variable>
	<variable name="InfoPanelLabel4Var">
		<value condition="[Container.Content(movies) | Container.Content(episodes) | Container.Content(sets)] + !IsEmpty(Window(home).Property(Set.Movies.Runtime))">[COLOR labelheader]$LOCALIZE[2050]:[/COLOR][CR]$INFO[Window(home).Property(Set.Movies.Runtime),, $LOCALIZE[12391]]</value>
		<value condition="[Container.Content(movies) | Container.Content(episodes) | Container.Content(sets)]">[COLOR labelheader]$LOCALIZE[2050]:[/COLOR][CR]$INFO[ListItem.Duration,, $LOCALIZE[12391]]</value>
		<value condition="Container.Content(tvshows) + !IsEmpty(Window(Home).Property(NextAired.Runtime))">[COLOR labelheader]$LOCALIZE[2050]:[/COLOR][CR]$VAR[DurationVar,, $LOCALIZE[12391]]</value>
		<value condition="Container.Content(tvshows)">[COLOR labelheader]$LOCALIZE[33054]:[/COLOR][CR]$INFO[ListItem.Property(TotalSeasons)]</value>
		<value condition="Container.Content(seasons)">[COLOR labelheader]$LOCALIZE[16101]:[/COLOR][CR]$INFO[ListItem.Property(UnWatchedEpisodes)]</value>
	</variable>
	<variable name="InfoPanelLabel5Var">
		<value condition="[Container.Content(movies) | Container.Content(sets)] + !IsEmpty(Window(home).Property(Set.Movies.Years))">[COLOR labelheader]$LOCALIZE[345]:[/COLOR][CR]$INFO[Window(home).Property(Set.Movies.Years)]</value>
		<value condition="[Container.Content(movies) | Container.Content(sets)]">[COLOR labelheader]$LOCALIZE[345]:[/COLOR][CR]$INFO[ListItem.Year]</value>
		<value condition="Container.Content(tvshows) | Container.Content(episodes) | Container.Content(seasons)">[COLOR labelheader]$LOCALIZE[20416]:[/COLOR][CR]$INFO[ListItem.Premiered]</value>
	</variable>
	<variable name="PosterThumbVar">
		<value condition="!IsEmpty(Container.Art(season.poster))">$INFO[Container.Art(season.poster)]</value>
		<value condition="!IsEmpty(ListItem.Art(tvshow.poster)) + !Container.COntent(seasons)">$INFO[ListItem.Art(tvshow.poster)]</value>
		<value condition="!IsEmpty(ListItem.Art(poster))">$INFO[ListItem.Art(poster)]</value>
		<value condition="Container.Content(genres)">$INFO[ListItem.Label,special://skin/extras/moviegenres/,.jpg]</value>
		<value>$INFO[ListItem.Icon]</value>
	</variable>
	<variable name="FloorLabelVar">
		<value condition="Container.Content(episodes) + SubString(Container.FolderPath,/recentlyaddedepisodes)">$INFO[ListItem.Season,,x]$INFO[ListItem.Episode,,. ]$INFO[ListItem.Title]</value>
		<value>$INFO[ListItem.Label]</value>
	</variable>
	<variable name="FloorSubLabelVar">
		<value condition="Container.Content(episodes)">$INFO[ListItem.TvShowTitle]</value>
		<value condition="Container.Content(addons)">$INFO[ListItem.Property(Addon.Summary)]</value>
		<value condition="Container.Content(musicvideos)">$INFO[ListItem.Artist]</value>
		<value condition="IsEmpty(ListItem.Genre)">$INFO[Window(Home).Property(Set.Movies.Genre)]</value>
		<value>$INFO[ListItem.Genre]</value>
	</variable>
	<variable name="FloorLabel2Var">
		<value condition="Container.Content(artists)">$INFO[ListItem.Property(Artist_Genre)]</value>
		<value condition="Container.Content(songs)">$INFO[ListItem.Duration,, | ]$INFO[ListItem.Album]</value>
		<value condition="Container.Content(addons)">$INFO[ListItem.Property(Addon.Summary)]</value>
		<value condition="Container.Content()">$INFO[ListItem.Comment]</value>
		<value>$INFO[ListItem.Label2]</value>
	</variable>
	<variable name="SeekLabelVar">
		<value condition="Player.Playing + !Player.Seeking + !Player.DisplayAfterSeek | [Player.Paused + !Player.Caching] | [Player.ShowTime + !Player.Seeking]">$INFO[System.Time]$INFO[player.FinishTime, [,]]</value>
		<value condition="[Player.Paused + Player.Caching] + !Player.Seeking + !Player.DisplayAfterSeek">$INFO[Player.CacheLevel,$LOCALIZE[15107] ,%]</value>
		<value condition="Player.Seeking">$INFO[Player.SeekStepSize]</value>
		<value condition="Player.DisplayAfterSeek + ![player.forwarding | player.rewinding]">$INFO[Player.SeekOffset,$LOCALIZE[31046][COLOR=themecolor] ,[/COLOR]]</value>
	</variable>
	<variable name="OSDRightLabelVar">
		<value condition="Player.ShowTime + !VideoPlayer.Content(livetv)">$INFO[Player.Time]$INFO[Player.TimeRemaining, / ]</value>
		<value condition="!VideoPlayer.Content(livetv)">$INFO[Player.Time]$INFO[Player.Duration, / ]</value>
		<value condition="VideoPlayer.Content(livetv)">$INFO[VideoPlayer.NextTitle,$LOCALIZE[19031]: ]</value>
	</variable>
	<variable name="VideoPlayerForwardRewindVar">
		<value condition="Player.Forwarding2x | Player.Rewinding2x">2x</value>
		<value condition="Player.Forwarding4x | Player.Rewinding4x">4x</value>
		<value condition="Player.Forwarding8x | Player.Rewinding8x">8x</value>
		<value condition="Player.Forwarding16x | Player.Rewinding16x">16x</value>
		<value condition="Player.Forwarding32x | Player.Rewinding32x">32x</value>
	</variable>
	<variable name="PlayerArtworkVar">
		<value condition="VideoPlayer.Content(episodes) + !IsEmpty(Player.Art(tvshow.clearart))">$INFO[Player.Art(tvshow.clearart)]</value>
		<value condition="VideoPlayer.Content(episodes)">$INFO[Player.Art(tvshow.clearlogo)]</value>
		<value condition="!IsEmpty(Player.Art(clearart))">$INFO[Player.Art(clearart)]</value>
		<value>$INFO[Player.Art(clearlogo)]</value>
	</variable>
	<variable name="PlayerTitleLabelVar">
		<value condition="Player.ChapterCount">$INFO[Player.Title]$INFO[player.chapter, • $LOCALIZE[21396] ]$INFO[player.chaptercount, / ,]</value>
		<value>$INFO[Player.Title]</value>
	</variable>
	<variable name="SkinSettingsDescriptionVar">
		<value condition="Control.HasFocus(100)">$LOCALIZE[31912]</value>
		<value condition="Control.HasFocus(101)">$LOCALIZE[31914]</value>
		<value condition="Control.HasFocus(102)">$LOCALIZE[31920]</value>
		<value condition="Control.HasFocus(103)">$LOCALIZE[31921]</value>
		<value condition="Control.HasFocus(104)">$LOCALIZE[31929]</value>
		<value condition="Control.HasFocus(106)">$LOCALIZE[31937]</value>
		<value condition="Control.HasFocus(200)">$LOCALIZE[31917]</value>
		<value condition="Control.HasFocus(201)">$LOCALIZE[31918]</value>
		<value condition="Control.HasFocus(202)">$LOCALIZE[31919]</value>
		<value condition="Control.HasFocus(204)">$LOCALIZE[31932]</value>
		<value condition="Control.HasFocus(300)">$LOCALIZE[31922]</value>
		<value condition="Control.HasFocus(301)">$LOCALIZE[31924]</value>
		<value condition="Control.HasFocus(304)">$LOCALIZE[31122]</value>
		<value condition="Control.HasFocus(305)">$LOCALIZE[31938]</value>
		<value condition="Control.HasFocus(306)">$LOCALIZE[31151]</value>
		<value condition="Control.HasFocus(401)">$LOCALIZE[31940]</value>
		<value condition="Control.HasFocus(402)">$LOCALIZE[31942]</value>
		<value condition="Control.HasFocus(403)">$LOCALIZE[31916]</value>
		<value condition="Control.HasFocus(404)">$LOCALIZE[31944]</value>
		<value condition="Control.HasFocus(405)">$LOCALIZE[31945]</value>
		<value condition="Control.HasFocus(406)">$LOCALIZE[31962]</value>
		<value condition="Control.HasFocus(90000) + IsEmpty(Container(90000).ListItem.Property(Path))">$LOCALIZE[31923]</value>
		<value condition="Control.HasFocus(90012)">$LOCALIZE[31925]</value>
		<value condition="Control.HasFocus(90013) | Control.HasFocus(90021)">$LOCALIZE[31926]</value>
		<value condition="Control.HasFocus(90014)">$LOCALIZE[31930]</value>
		<value condition="Control.HasFocus(90016)">$LOCALIZE[31933]</value>
		<value condition="Control.HasFocus(90017)">$LOCALIZE[31935]</value>
		<value condition="Control.HasFocus(90020)">$LOCALIZE[31927]</value>
	</variable>
	<variable name="lowermainmenuVar">
		<value condition="Skin.HasSetting(lowermainmenu)">$LOCALIZE[418]</value>
		<value>$LOCALIZE[571]</value>
	</variable>
	<variable name="HorizontalListNavVar">
		<value condition="Skin.HasSetting(HorizontalListNav)">$LOCALIZE[31005]</value>
		<value>$LOCALIZE[571]</value>
	</variable>
	<variable name="SlimListSettingVar">
		<value condition="Skin.HasSetting(Enable.SlimList)">$LOCALIZE[31095]</value>
		<value>$LOCALIZE[571]</value>
	</variable>
	<variable name="WidgetListContent">
		<value condition="StringCompare(Container(9000).ListItem.Property(Widget),2)">plugin://service.library.data.provider?type=randommovies&amp;reload=$INFO[Window.Property(randommovies)]</value>
		<value condition="StringCompare(Container(9000).ListItem.Property(Widget),5)">plugin://service.library.data.provider?type=randomepisodes&amp;reload=$INFO[Window.Property(randomepisodes)]</value>
		<value condition="StringCompare(Container(9000).ListItem.Property(Widget),6)">plugin://service.library.data.provider?type=recommendedepisodes&amp;reload=$INFO[Window.Property(recommendedepisodes)]</value>
		<value condition="StringCompare(Container(9000).ListItem.Property(Widget),7)">plugin://service.library.data.provider?type=randomsongs&amp;reload=$INFO[Window.Property(randomsongs)]</value>
		<value condition="StringCompare(Container(9000).ListItem.Property(Widget),8)">plugin://service.library.data.provider?type=randomalbums&amp;reload=$INFO[Window.Property(randomalbums)]</value>
		<value condition="StringCompare(Container(9000).ListItem.Property(Widget),9)">plugin://service.library.data.provider?type=recentalbums&amp;reload=$INFO[Window.Property(recentalbums)]</value>
		<value condition="StringCompare(Container(9000).ListItem.Property(Widget),10)">plugin://service.library.data.provider?type=recommendedalbums&amp;reload=$INFO[Window.Property(recommendedalbums)]</value>
		<value condition="!IsEmpty(Container(9000).ListItem.Property(Widget))">$INFO[Container(9000).ListItem.Property(Widget)]</value>
	</variable>
	<variable name="WidgetLabelVar">
		<value condition="StringCompare(Window(Home).Property(HomeWidget),1)">$LOCALIZE[31152]</value>
		<value condition="StringCompare(Window(Home).Property(HomeWidget),2)">$LOCALIZE[31031]</value>
		<value condition="StringCompare(Window(Home).Property(HomeWidget),3)">$LOCALIZE[31153]</value>
		<value condition="StringCompare(Window(Home).Property(HomeWidget),4)">$LOCALIZE[31154]</value>
		<value condition="StringCompare(Window(Home).Property(HomeWidget),5)">$LOCALIZE[31155]</value>
		<value condition="StringCompare(Window(Home).Property(HomeWidget),6)">$LOCALIZE[31156]</value>
		<value condition="StringCompare(Window(Home).Property(HomeWidget),7)">$LOCALIZE[31158]</value>
		<value>$LOCALIZE[20386]</value>
	</variable>
	<variable name="InfoLineLabelVar">
		<value condition="StringCompare(Container(90000).ListItem.Property(InfoLine),1)">$LOCALIZE[31052]</value>
		<value condition="StringCompare(Container(90000).ListItem.Property(InfoLine),2)">$LOCALIZE[31053]</value>
		<value condition="StringCompare(Container(90000).ListItem.Property(InfoLine),3)">$LOCALIZE[31054]</value>
		<value condition="StringCompare(Container(90000).ListItem.Property(InfoLine),4)">$LOCALIZE[31058]</value>
		<value condition="StringCompare(Container(90000).ListItem.Property(InfoLine),5)">$LOCALIZE[20088]</value>
		<value condition="StringCompare(Container(90000).ListItem.Property(InfoLine),6)">$LOCALIZE[31061]</value>
		<value condition="StringCompare(Container(90000).ListItem.Property(InfoLine),7)">$LOCALIZE[31085]</value>
		<value condition="StringCompare(Container(90000).ListItem.Property(InfoLine),8)">$LOCALIZE[130]</value>
		<value condition="StringCompare(Container(90000).ListItem.Property(InfoLine),9)">$LOCALIZE[31097]</value>
		<value condition="StringCompare(Container(90000).ListItem.Property(InfoLine),10)">$LOCALIZE[31098]</value>
		<value condition="StringCompare(Container(90000).ListItem.Property(InfoLine),11)">$LOCALIZE[31099]</value>
	</variable>
	<variable name="BackgroundLabel2Var">
		<value condition="StringCompare(Container(90000).ListItem.Thumb,1)">$LOCALIZE[31062]</value>
		<value condition="StringCompare(Container(90000).ListItem.Thumb,2)">$LOCALIZE[31063]</value>
		<value condition="StringCompare(Container(90000).ListItem.Thumb,3)">$LOCALIZE[31064]</value>
		<value condition="StringCompare(Container(90000).ListItem.Thumb,4)">$LOCALIZE[31065]</value>
		<value condition="StringCompare(Container(90000).ListItem.Thumb,5)">$LOCALIZE[31066]</value>
		<value condition="StringCompare(Container(90000).ListItem.Thumb,6)">$LOCALIZE[31084]</value>
		<value condition="StringCompare(Container(90000).ListItem.Thumb,7)">$LOCALIZE[31028]: $LOCALIZE[31029]</value>
		<value condition="StringCompare(Container(90000).ListItem.Thumb,8)">$LOCALIZE[31028]: $LOCALIZE[31030]</value>
		<value condition="StringCompare(Container(90000).ListItem.Thumb,9)">$LOCALIZE[31028]: $LOCALIZE[31035]</value>
		<value condition="StringCompare(Container(90000).ListItem.Thumb,10)">$LOCALIZE[31028]: $LOCALIZE[31036]</value>
		<value condition="StringCompare(Container(90000).ListItem.Property(BGType),4) | StringCompare(Container(90000).ListItem.Property(BGType),5)">$INFO[Container(90000).ListItem.Thumb,$LOCALIZE[31028]: ]</value>
		<value condition="StringCompare(Container(90000).ListItem.Property(BGType),7)">$INFO[Container(90000).ListItem.Thumb,$LOCALIZE[20012]: ]</value>
		<value>$INFO[Container(90000).ListItem.Thumb]</value>
	</variable>
	<variable name="WidgetListIconVar">
		<value condition="!IsEmpty(Container(8000).ListItem.Art(tvshow.landscape))">$INFO[Container(8000).ListItem.Art(tvshow.landscape)]</value>
		<value condition="!IsEmpty(Container(8000).ListItem.Art(fanart)) + StringCompare(Container(9000).ListItem.Property(WidgetType),1)">$INFO[Container(8000).ListItem.Art(fanart)]</value>
		<value>$INFO[Container(8000).ListItem.Icon]</value>
	</variable>
	<variable name="WidgetPosterVar">
		<value condition="!IsEmpty(Container(8000).ListItem.Art(poster))">$INFO[Container(8000).ListItem.Art(poster)]</value>
		<value condition="!IsEmpty(Container(8000).ListItem.Art(tvshow.poster))">$INFO[Container(8000).ListItem.Art(tvshow.poster)]</value>
		<value>$INFO[Container(8000).ListItem.Icon]</value>
	</variable>
	<variable name="MainMenuLayoutVar">
		<value condition="Skin.HasSetting(mainmenuicons)">$LOCALIZE[536]</value>
		<value condition="Skin.HasSetting(biggergap)">3 $LOCALIZE[31025]</value>
		<value>5 $LOCALIZE[31025]</value>
	</variable>
	<variable name="RatingFlagVar">
		<value condition="SubString(ListItem.mpaa,US:G) | SubString(ListItem.mpaa,USA:G) | SubString(ListItem.mpaa,Rated G)">flags/mpaa/G.png</value>
		<value condition="SubString(ListItem.mpaa,PG-13)">flags/mpaa/PG-13.png</value>
		<value condition="Substring(ListItem.mpaa,Rated PG) | StringCompare(ListItem.Mpaa,PG)">flags/mpaa/PG.png</value>
		<value condition="SubString(ListItem.mpaa,US:R) | SubString(ListItem.mpaa,USA:R) | SubString(ListItem.mpaa,Rated R) | StringCompare(ListItem.mpaa,R)">flags/mpaa/R.png</value>
		<value condition="SubString(ListItem.mpaa,US:NC-17)| SubString(ListItem.mpaa,USA:NC-17)| SubString(ListItem.mpaa,Rated NC-17)">flags/mpaa/NC-17.png</value>
		<value condition="SubString(ListItem.mpaa,UK:U)">flags/mpaa/BBFC_U_Certificate_UK.png</value>
		<value condition="SubString(ListItem.mpaa,UK:PG)">flags/mpaa/BBFC_PG_Certificate_UK.png</value>
		<value condition="SubString(ListItem.mpaa,UK:12A)">flags/mpaa/BBFC_12A_Certificate_UK.png</value>
		<value condition="SubString(ListItem.mpaa,UK:12)">flags/mpaa/BBFC_12_Certificate_UK.png</value>
		<value condition="SubString(ListItem.mpaa,UK:15)">flags/mpaa/BBFC_15_Certificate_UK.png</value>
		<value condition="SubString(ListItem.mpaa,UK:18)">flags/mpaa/BBFC_18_Certificate_UK.png</value>
		<value condition="SubString(ListItem.mpaa,Germany:16) | SubString(ListItem.mpaa,ab 16) | StringCompare(ListItem.mpaa,16) | Substring(ListItem.mpaa,FSK 16) | SubString(ListItem.mpaa,Rated 16)">flags/mpaa/FSK-16.png</value>
		<value condition="SubString(ListItem.mpaa,Germany:6)| SubString(ListItem.mpaa,ab 6) | StringCompare(ListItem.mpaa,6) | Substring(ListItem.mpaa,FSK 16) | SubString(ListItem.mpaa,Rated 6)">flags/mpaa/FSK-6.png</value>
		<value condition="SubString(ListItem.mpaa,Germany:12) | SubString(ListItem.mpaa,ab 12) | StringCompare(ListItem.mpaa,12) | Substring(ListItem.mpaa,FSK 12) | SubString(ListItem.mpaa,Rated 12)">flags/mpaa/FSK-12.png</value>
		<value condition="SubString(ListItem.mpaa,Germany:18) | SubString(ListItem.mpaa,ab 18) | StringCompare(ListItem.mpaa,18) | Substring(ListItem.mpaa,FSK 18) | SubString(ListItem.mpaa,Rated 18)">flags/mpaa/FSK-18.png</value>
		<value condition="SubString(ListItem.mpaa,Germany)|SubString(ListItem.mpaa,FSK)| SubString(ListItem.mpaa,o.A)| SubString(ListItem.mpaa,Rated 0)">flags/mpaa/FSK-0.png</value>
		<value condition="SubString(ListItem.mpaa,besorolás alatt)">flags/mpaa/HU_BA.png</value>
		<value condition="SubString(ListItem.mpaa,korhatárra való tekintett nélkül megtekintetheto)">flags/mpaa/HU_KN.png</value>
		<value condition="SubString(ListItem.mpaa,12 éven aluliak számára a megtekintése nagykorú felügyelete mellett ajánlott)">flags/mpaa/HU_12.png</value>
		<value condition="SubString(ListItem.mpaa,16 éven aluliak számára nem ajánlott)">flags/mpaa/HU_16.png</value>
		<value condition="SubString(ListItem.mpaa,18 éven aluliak számára nem ajánlott)">flags/mpaa/HU_18.png</value>
		<value condition="substring(ListItem.mpaa,France:U) | Substring(ListItem.mpaa,partir de 3 ans) | Substring(ListItem.mpaa,partir de 6 ans)">flags/mpaa/csaU.png</value>
		<value condition="substring(ListItem.mpaa,France:-10) | Substring(ListItem.mpaa,Interdit aux moins de 10 ans) | Substring(ListItem.mpaa,des propos ou des images peuvent heurter)">flags/mpaa/csa10.png</value>
		<value condition="substring(ListItem.mpaa,France:-12) | Substring(ListItem.mpaa,Interdit aux moins de 12 ans)">flags/mpaa/csa12.png</value>
		<value condition="substring(ListItem.mpaa,France:-16) | Substring(ListItem.mpaa,Interdit aux moins de 16 ans)">flags/mpaa/csa16.png</value>
		<value condition="substring(ListItem.mpaa,France:-18) | Substring(ListItem.mpaa,Interdit aux moins de 18 ans)">flags/mpaa/csa18.png</value>
		<value condition="substring(ListItem.mpaa,전체)">flags/mpaa/KR_Certificate_All.png</value>
		<value condition="substring(ListItem.mpaa,12세)">flags/mpaa/KR_Certificate_12.png</value>
		<value condition="substring(ListItem.mpaa,15세)">flags/mpaa/KR_Certificate_15.png</value>
		<value condition="substring(ListItem.mpaa,불가)">flags/mpaa/KR_Certificate_18.png</value>
		<value condition="substring(ListItem.mpaa,제한)">flags/mpaa/KR_Certificate_R.png</value>
		<value condition="substring(ListItem.mpaa,Brazil:Livre) | substring(ListItem.mpaa,Livre)">flags/mpaa/MPAA_Brazil_Livre.png</value>
		<value condition="substring(ListItem.mpaa,Brazil:10) | substring(ListItem.mpaa,10 anos)">flags/mpaa/MPAA_Brazil_10.png</value>
		<value condition="substring(ListItem.mpaa,Brazil:12) | substring(ListItem.mpaa,12 anos)">flags/mpaa/MPAA_Brazil_12.png</value>
		<value condition="substring(ListItem.mpaa,Brazil:14) | substring(ListItem.mpaa,14 anos)">flags/mpaa/MPAA_Brazil_14.png</value>
		<value condition="substring(ListItem.mpaa,Brazil:16) | substring(ListItem.mpaa,16 anos)">flags/mpaa/MPAA_Brazil_16.png</value>
		<value condition="substring(ListItem.mpaa,Brazil:18) | substring(ListItem.mpaa,18 anos)">flags/mpaa/MPAA_Brazil_18.png</value>
		<value condition="substring(ListItem.mpaa,Australia:)">$INFO[ListItem.MPAA,flags/mpaa/australia_,.png]</value>
		<value>$INFO[ListItem.MPAA,flags/mpaa/,.png]</value>
	</variable>
	<variable name="VideoRatingFlagVar">
		<value condition="SubString(VideoPlayer.mpaa,US:G) | SubString(VideoPlayer.mpaa,USA:G) | SubString(VideoPlayer.mpaa,Rated G)">flags/mpaa/G.png</value>
		<value condition="SubString(VideoPlayer.mpaa,PG-13)">flags/mpaa/PG-13.png</value>
		<value condition="Substring(VideoPlayer.mpaa,Rated PG) | StringCompare(VideoPlayer.Mpaa,PG)">flags/mpaa/PG.png</value>
		<value condition="SubString(VideoPlayer.mpaa,US:R) | SubString(VideoPlayer.mpaa,USA:R) | SubString(VideoPlayer.mpaa,Rated R) | StringCompare(VideoPlayer.mpaa,R)">flags/mpaa/R.png</value>
		<value condition="SubString(VideoPlayer.mpaa,US:NC-17)| SubString(VideoPlayer.mpaa,USA:NC-17)| SubString(VideoPlayer.mpaa,Rated NC-17)">flags/mpaa/NC-17.png</value>
		<value condition="SubString(VideoPlayer.mpaa,UK:U)">flags/mpaa/BBFC_U_Certificate_UK.png</value>
		<value condition="SubString(VideoPlayer.mpaa,UK:PG)">flags/mpaa/BBFC_PG_Certificate_UK.png</value>
		<value condition="SubString(VideoPlayer.mpaa,UK:12A)">flags/mpaa/BBFC_12A_Certificate_UK.png</value>
		<value condition="SubString(VideoPlayer.mpaa,UK:12)">flags/mpaa/BBFC_12_Certificate_UK.png</value>
		<value condition="SubString(VideoPlayer.mpaa,UK:15)">flags/mpaa/BBFC_15_Certificate_UK.png</value>
		<value condition="SubString(VideoPlayer.mpaa,UK:18)">flags/mpaa/BBFC_18_Certificate_UK.png</value>
		<value condition="SubString(VideoPlayer.mpaa,Germany:16) | SubString(VideoPlayer.mpaa,ab 16) | StringCompare(VideoPlayer.mpaa,16) | Substring(VideoPlayer.mpaa,FSK 16) | SubString(VideoPlayer.mpaa,Rated 16)">flags/mpaa/FSK-16.png</value>
		<value condition="SubString(VideoPlayer.mpaa,Germany:6)| SubString(VideoPlayer.mpaa,ab 6) | StringCompare(VideoPlayer.mpaa,6) | Substring(VideoPlayer.mpaa,FSK 16) | SubString(VideoPlayer.mpaa,Rated 6)">flags/mpaa/FSK-6.png</value>
		<value condition="SubString(VideoPlayer.mpaa,Germany:12) | SubString(VideoPlayer.mpaa,ab 12) | StringCompare(VideoPlayer.mpaa,12) | Substring(VideoPlayer.mpaa,FSK 12) | SubString(VideoPlayer.mpaa,Rated 12)">flags/mpaa/FSK-12.png</value>
		<value condition="SubString(VideoPlayer.mpaa,Germany:18) | SubString(VideoPlayer.mpaa,ab 18) | StringCompare(VideoPlayer.mpaa,18) | Substring(VideoPlayer.mpaa,FSK 18) | SubString(VideoPlayer.mpaa,Rated 18)">flags/mpaa/FSK-18.png</value>
		<value condition="SubString(VideoPlayer.mpaa,Germany)|SubString(VideoPlayer.mpaa,FSK)| SubString(VideoPlayer.mpaa,o.A)| SubString(VideoPlayer.mpaa,Rated 0)">flags/mpaa/FSK-0</value>
		<value condition="SubString(VideoPlayer.mpaa,besorolás alatt)">flags/mpaa/HU_BA.png</value>
		<value condition="SubString(VideoPlayer.mpaa,korhatárra való tekintett nélkül megtekintetheto)">flags/mpaa/HU_KN.png</value>
		<value condition="SubString(VideoPlayer.mpaa,12 éven aluliak számára a megtekintése nagykorú felügyelete mellett ajánlott)">flags/mpaa/HU_12.png</value>
		<value condition="SubString(VideoPlayer.mpaa,16 éven aluliak számára nem ajánlott)">flags/mpaa/HU_16.png</value>
		<value condition="SubString(VideoPlayer.mpaa,18 éven aluliak számára nem ajánlott)">flags/mpaa/HU_18.png</value>
		<value condition="substring(VideoPlayer.mpaa,France:U) | Substring(VideoPlayer.mpaa,partir de 3 ans) | Substring(VideoPlayer.mpaa,partir de 6 ans)">flags/mpaa/csaU.png</value>
		<value condition="substring(VideoPlayer.mpaa,France:-10) | Substring(VideoPlayer.mpaa,Interdit aux moins de 10 ans) | Substring(VideoPlayer.mpaa,des propos ou des images peuvent heurter)">flags/mpaa/csa10.png</value>
		<value condition="substring(VideoPlayer.mpaa,France:-12) | Substring(VideoPlayer.mpaa,Interdit aux moins de 12 ans)">flags/mpaa/csa12.png</value>
		<value condition="substring(VideoPlayer.mpaa,France:-16) | Substring(VideoPlayer.mpaa,Interdit aux moins de 16 ans)">flags/mpaa/csa16.png</value>
		<value condition="substring(VideoPlayer.mpaa,France:-18) | Substring(VideoPlayer.mpaa,Interdit aux moins de 18 ans)">flags/mpaa/csa18.png</value>
		<value condition="substring(VideoPlayer.mpaa,전체)">flags/mpaa/KR_Certificate_All.png</value>
		<value condition="substring(VideoPlayer.mpaa,12세)">flags/mpaa/KR_Certificate_12.png</value>
		<value condition="substring(VideoPlayer.mpaa,15세)">flags/mpaa/KR_Certificate_15.png</value>
		<value condition="substring(VideoPlayer.mpaa,불가)">flags/mpaa/KR_Certificate_18.png</value>
		<value condition="substring(VideoPlayer.mpaa,제한)">flags/mpaa/KR_Certificate_R.png</value>
		<value condition="substring(VideoPlayer.mpaa,Brazil:Livre) | substring(VideoPlayer.mpaa,Livre)">flags/mpaa/MPAA_Brazil_Livre.png</value>
		<value condition="substring(VideoPlayer.mpaa,Brazil:10) | substring(VideoPlayer.mpaa,10 anos)">flags/mpaa/MPAA_Brazil_10.png</value>
		<value condition="substring(VideoPlayer.mpaa,Brazil:12) | substring(VideoPlayer.mpaa,12 anos)">flags/mpaa/MPAA_Brazil_12.png</value>
		<value condition="substring(VideoPlayer.mpaa,Brazil:14) | substring(VideoPlayer.mpaa,14 anos)">flags/mpaa/MPAA_Brazil_14.png</value>
		<value condition="substring(VideoPlayer.mpaa,Brazil:16) | substring(VideoPlayer.mpaa,16 anos)">flags/mpaa/MPAA_Brazil_16.png</value>
		<value condition="substring(VideoPlayer.mpaa,Brazil:18) | substring(VideoPlayer.mpaa,18 anos)">flags/mpaa/MPAA_Brazil_18.png</value>
		<value>$INFO[VideoPlayer.MPAA,flags/mpaa/,.png]</value>
	</variable>
	<variable name="UnFocusHDIndicator">
		<value condition="ListItem.IsStereoscopic">overlays/list/3d.png</value>
		<value>$INFO[ListItem.VideoResolution,overlays/list/,.png]</value>
	</variable>
	<variable name="VizArtistInfoVar">
		<value condition="Skin.HasSetting(Enable.VizInfo)">$LOCALIZE[31106]</value>
		<value condition="Skin.HasSetting(Enable.VizPersistent)">$LOCALIZE[31107]</value>
		<value>$LOCALIZE[1223]</value>
	</variable>
	<variable name="VideoSubLabelVar">
		<value condition="Container.Content(tvshows)">$INFO[ListItem.Property(TotalEpisodes),[COLOR labelheader]$LOCALIZE[20360]: [/COLOR]]$INFO[ListItem.Property(UnWatchedEpisodes), (,[LOWERCASE] $LOCALIZE[16101][/LOWERCASE])]</value>
		<value>$INFO[ListItem.Year,, • ]$INFO[ListItem.RatingAndVotes,, • ]$INFO[ListItem.Duration,, $LOCALIZE[12391]]</value>
	</variable>
	<variable name="WidgetListTargetVar">
		<value condition="StringCompare(Container(9000).ListItem.Property(WidgetType),1)">video</value>
		<value condition="StringCompare(Container(9000).ListItem.Property(WidgetType),2)">music</value>
		<value condition="StringCompare(Container(9000).ListItem.Property(WidgetType),4)">programs</value>
		<value condition="StringCompare(Container(9000).ListItem.Property(WidgetType),5)">pictures</value>
		<value condition="StringCompare(Container(9000).ListItem.Property(WidgetType),12)">live tv</value>
	</variable>
	<variable name="PlaylistStatsContentVar">
		<value condition="StringCompare(Container(9000).ListItem.Property(InfoLine),9)">plugin://service.library.data.provider?type=playliststats&amp;id=$INFO[Container(9000).ListItem.Property(Path)]</value>
		<value condition="StringCompare(Container(9000).ListItem.Property(InfoLine),10)">plugin://service.library.data.provider?type=playliststats&amp;id=$INFO[Container(9000).ListItem.Property(Path)]</value>
		<value condition="StringCompare(Container(9000).ListItem.Property(InfoLine),11)">plugin://service.library.data.provider?type=playliststats&amp;id=$INFO[Container(9000).ListItem.Property(Path)]</value>
		<value>special://skin/extras/playlists/recentmovies.xsp</value>
	</variable>
	<variable name="AudioChannelVar">
		<value condition="IntegerGreaterThan(VideoPlayer.AudioChannels,7)">7.1</value>
		<value condition="IntegerGreaterThan(VideoPlayer.AudioChannels,6)">6.1</value>
		<value condition="IntegerGreaterThan(VideoPlayer.AudioChannels,5)">5.1</value>
		<value condition="IntegerGreaterThan(VideoPlayer.AudioChannels,4)">5.0</value>
		<value condition="IntegerGreaterThan(VideoPlayer.AudioChannels,3)">4.0</value>
		<value condition="IntegerGreaterThan(VideoPlayer.AudioChannels,2)">2.1</value>
		<value condition="IntegerGreaterThan(VideoPlayer.AudioChannels,1)">2.0</value>
		<value condition="IntegerGreaterThan(VideoPlayer.AudioChannels,0)">1.0</value>
	</variable>
	<!-- 
	     Studio flags
	 -->
	<variable name="StudioFlagColorVar">
		<value condition="[IsEmpty(Skin.String(StudioLogos.path)) | StringCompare(Skin.String(StudioLogos.path),resource://resource.images.studios.white/)] + Window.IsActive(fullscreeninfo)">grey2</value>
		<value condition="[IsEmpty(Skin.String(StudioLogos.path)) | StringCompare(Skin.String(StudioLogos.path),resource://resource.images.studios.white/)]">grey</value>
		<value>white</value>
	</variable>
	<variable name="StudioFlagPathVar">
		<value condition="!IsEmpty(Skin.String(StudioLogos.path))">$INFO[Skin.String(StudioLogos.path)]</value>
		<value>resource://resource.images.studios.white/</value>
	</variable>
	<variable name="StudioIconVar">
		<value condition="!IsEmpty(ListItem.Studio)">$INFO[ListItem.Studio,resource://resource.images.studios.white/,.png]</value>
		<value condition="!SubString(ListItem.Icon,Default,left)">$INFO[ListItem.Icon]</value>
		<value>$INFO[ListItem.Icon,views/list/]</value>
	</variable>
	<variable name="StarRatingDiffuseVar">
		<value condition="ListItem.IsSelected | ListItem.IsPlaying">selected</value>
		<value condition="!StringCompare(ListItem.StarRating,rating0.png)">themecolor</value>
		<value>white</value>
	</variable>
	<variable name="HomeNowPlayingThumbVar">
		<value condition="[VideoPlayer.Content(movies) | VideoPlayer.Content(musicvideos)] + !IsEmpty(Player.Art(poster))">$INFO[Player.Art(poster)]</value>
		<value condition="VideoPlayer.Content(episodes) + !IsEmpty(Player.Art(tvshow.poster))">$INFO[Player.Art(tvshow.poster)]</value>
		<value condition="VideoPlayer.Content(livetv) + !IsEmpty(VideoPlayer.Cover)">$INFO[VideoPlayer.Cover]</value>
		<value>$INFO[Player.Art(thumb)]</value>
	</variable>
	<variable name="BigListInfoVar">
		<value condition="Container.Content(movies) | Container.Content(tvshows)">$INFO[ListItem.Genre]</value>
		<value condition="Container.Content(episodes)">$INFO[ListItem.Premiered,[COLOR=themecolor]$LOCALIZE[20416]: [/COLOR],]</value>
		<value condition="Container.Content(artists)">$INFO[ListItem.Property(Artist_Genre),[COLOR=themecolor],[/COLOR]]</value>
		<value condition="Container.Content(albums)">$INFO[ListItem.Artist,[COLOR=themecolor],[/COLOR]]</value>
	</variable>
	<variable name="BigListInfoVar2">
		<value condition="Container.Content(movies) + !SubString(ListItem.Path,videodb://Movies/sets)">$INFO[ListItem.Year,,[COLOR=themecolor] | [/COLOR]]$INFO[ListItem.Rating,,[COLOR=themecolor] | [/COLOR]]$INFO[ListItem.Duration,, $LOCALIZE[12391]]</value>
		<value condition="Container.Content(tvshows)">$INFO[ListItem.Property(TotalEpisodes),[COLOR=themecolor]$LOCALIZE[20360]: [/COLOR],]$INFO[ListItem.Property(UnWatchedEpisodes), ($LOCALIZE[16101]:,)]</value>
		<value condition="Container.Content(episodes)">$INFO[ListItem.Rating,,[COLOR=themecolor] | [/COLOR]]$INFO[ListItem.Duration,, $LOCALIZE[12391]]</value>
		<value condition="Container.Content(albums)">$INFO[ListItem.Genre]</value>
	</variable>
	<variable name="BigListPlotVar">
		<value condition="Container.Content(movies) + !IsEmpty(ListItem.PlotOutline)">$INFO[ListItem.Tagline,[COLOR labelheader],[/COLOR] - ]$INFO[ListItem.PlotOutline]</value>
		<value condition="Container.Content(movies) + IsEmpty(ListItem.PlotOutline)">$INFO[ListItem.Tagline,[COLOR labelheader],[/COLOR] - ]$INFO[ListItem.Plot]</value>
		<value>$INFO[ListItem.Plot]</value>
	</variable>
	<!-- 
	     DialogVideoInfo
	 -->
	<variable name="VideoInfoDetailsLabelVar">
		<value condition="Control.HasFocus(900171)">$LOCALIZE[207]</value>
		<value condition="ControlGroup(9001).HasFocus(50)">$LOCALIZE[206]$INFO[Container(50).NumItems, [COLOR grey3](,)[/COLOR]]</value>
		<value condition="ControlGroup(9001).HasFocus(90019)">$LOCALIZE[206]$INFO[Container(90019).NumItems, [COLOR grey3](,)[/COLOR]]</value>
		<value condition="ControlGroup(9001).HasFocus(90011)">$LOCALIZE[31111]$INFO[Container(90011).NumItems, [COLOR grey3](,)[/COLOR]]</value>
		<value condition="ControlGroup(9001).HasFocus(90012)">$INFO[ListItem.Director,$LOCALIZE[31112] ]$INFO[Container(90012).NumItems, [COLOR grey3](,)[/COLOR]]</value>
		<value condition="ControlGroup(9001).HasFocus(90013)">$INFO[ListItem.Writer,$LOCALIZE[31113] ]$INFO[Container(90013).NumItems, [COLOR grey3](,)[/COLOR]]</value>
		<value condition="ControlGroup(9001).HasFocus(90014)">$INFO[ListItem.Studio,$LOCALIZE[31114] ]$INFO[Container(90014).NumItems, [COLOR grey3](,)[/COLOR]]</value>
		<value condition="ControlGroup(9001).HasFocus(90015)">$LOCALIZE[31115]$INFO[Container(90015).NumItems, [COLOR grey3](,)[/COLOR]]</value>
		<value condition="ControlGroup(9001).HasFocus(90016)">$LOCALIZE[33054]$INFO[Container(90016).NumItems, [COLOR grey3](,)[/COLOR]]</value>
	</variable>
	<!-- 
	     DialogAlbumInfo
	 -->
	<variable name="MusicInfoHeader">
		<value condition="Container.Content(Artists)">$LOCALIZE[21891]</value>
		<value condition="Container.Content(Albums)">$LOCALIZE[10523]</value>
		<value condition="Container.Content(Songs)">$LOCALIZE[658]</value>
	</variable>
	<!-- 
	     Extendend Info
	 -->
	<variable name="ExtendedInfo.FavLabelVar">
		<value condition="!IsEmpty(Window.Property(favorite))"></value>
		<value></value>
	</variable>
	<variable name="ExtendedInfo.DetailsLabelVar">
		<value condition="ControlGroup(9001).HasFocus(132)">$LOCALIZE[207]</value>
		<value condition="ControlGroup(9001).HasFocus(1000)">$LOCALIZE[206]$INFO[Container(1000).NumItems, [COLOR grey3](,)[/COLOR]]</value>
		<value condition="ControlGroup(9001).HasFocus(150)">$ADDON[script.extendedinfo 32116]$INFO[Container(150).NumItems, [COLOR grey3](,)[/COLOR]]</value>
		<value condition="ControlGroup(9001).HasFocus(750)">$ADDON[script.extendedinfo 32115]$INFO[Container(750).NumItems, [COLOR grey3](,)[/COLOR]]</value>
		<value condition="ControlGroup(9001).HasFocus(250) + IsEmpty(Window.Property(set.label))">$LOCALIZE[33054]$INFO[Container(250).NumItems, [COLOR grey3](,)[/COLOR]]</value>
		<value condition="ControlGroup(9001).HasFocus(250)">$INFO[Window.Property(set.label)]$INFO[Container(250).NumItems, [COLOR grey3](,)[/COLOR]]</value>
		<value condition="ControlGroup(9001).HasFocus(1150)">$ADDON[script.extendedinfo 32117]$INFO[Container(1150).NumItems, [COLOR grey3](,)[/COLOR]]</value>
		<value condition="ControlGroup(9001).HasFocus(350)">$ADDON[script.extendedinfo 32118]$INFO[Container(350).NumItems, [COLOR grey3](,)[/COLOR]]</value>
		<value condition="ControlGroup(9001).HasFocus(1250)">$ADDON[script.extendedinfo 32119]$INFO[Container(1250).NumItems, [COLOR grey3](,)[/COLOR]]</value>
		<value condition="ControlGroup(9001).HasFocus(1350)">$LOCALIZE[20445]$INFO[Container(1350).NumItems, [COLOR grey3](,)[/COLOR]]</value>
	</variable>
	<variable name="ExtendedInfo.ActorDetailsLabelVar">
		<value condition="ControlGroup(9001).HasFocus(132)">$LOCALIZE[21887]</value>
		<value condition="ControlGroup(9001).HasFocus(150)">$ADDON[script.extendedinfo 32120]$INFO[Container(150).NumItems, [COLOR grey3](,)[/COLOR]]</value>
		<value condition="ControlGroup(9001).HasFocus(250)">$ADDON[script.extendedinfo 32121]$INFO[Container(250).NumItems, [COLOR grey3](,)[/COLOR]]</value>
		<value condition="ControlGroup(9001).HasFocus(350)">$ADDON[script.extendedinfo 32118]$INFO[Container(350).NumItems, [COLOR grey3](,)[/COLOR]]</value>
		<value condition="ControlGroup(9001).HasFocus(450)">$ADDON[script.extendedinfo 32119]$INFO[Container(450).NumItems, [COLOR grey3](,)[/COLOR]]</value>
		<value condition="ControlGroup(9001).HasFocus(550)">$ADDON[script.extendedinfo 32122]$INFO[Container(550).NumItems, [COLOR grey3](,)[/COLOR]]</value>
		<value condition="ControlGroup(9001).HasFocus(650)">$ADDON[script.extendedinfo 32123]$INFO[Container(650).NumItems, [COLOR grey3](,)[/COLOR]]</value>
		<value condition="ControlGroup(9001).HasFocus(750)">$LOCALIZE[20445]$INFO[Container(750).NumItems, [COLOR grey3](,)[/COLOR]]</value>
	</variable>
	<!-- 
	     Select dialog
	 -->
	<variable name="DialogSelectLabel2Var">
		<value condition="StringCompare(Control.GetLabel(1),$LOCALIZE[25006])">$INFO[ListItem.Duration,, [LOWERCASE]$LOCALIZE[12391][/LOWERCASE]]</value>
		<value>$INFO[ListItem.Property(Addon.Version)]</value>
	</variable>
	<!-- Weather -->
	<variable name="WeatherBackgroundTypeVar">
		<value condition="Skin.HasSetting(weatherfanart.multi)">/</value>
		<value>$INFO[Skin.String(weatherfanart.ext)]</value>
	</variable>
	<variable name="WeatherIconsPathVar">
		<value condition="!IsEmpty(Skin.String(weathericons.path))">$INFO[Skin.String(weathericons.path)]</value>
		<value>resource://resource.images.weathericons.default/</value>
	</variable>
	<variable name="WeatherIconsExtVar">
		<value condition="!IsEmpty(Skin.String(weathericons.ext))">$INFO[Skin.String(weathericons.ext)]</value>
		<value>.png</value>
	</variable>
</includes>