<?xml version="1.0" encoding="UTF-8"?>
<window>
  <defaultcontrol always="true">301</defaultcontrol>
  <allowoverlay>yes</allowoverlay>
  <controls>
    <control type="multiimage">
      <left>0</left>
      <top>0</top>
      <width>1280</width>
      <height>720</height>
      <include>switch_horizontal_fanart</include>
      <timeperimage>7000</timeperimage>
      <randomize>true</randomize>
      <fadetime>400</fadetime>
      <animation effect="zoom" start="110" end="130" center="auto" time="16000" tween="cubic" easing="inout" pulse="true" condition="Skin.HasSetting(animation_bg)">Conditional</animation>
      <animation effect="slide" start="-10,-10" end="20,20" time="8000" tween="cubic" easing="inout" pulse="true" condition="Skin.HasSetting(animation_bg)">Conditional</animation>
      <include>Animation_CommonFadeNoHide</include>
    </control>
    <include>TVGuide</include>
    <include>CommonMediaPlayingBackground</include>
    <control type="image">
      <left>0</left>
      <top>445</top>
      <height>200</height>
      <colordiffuse>mainblue</colordiffuse>
      <include>Dimensions_Fullscreen</include>
      <texture>mainmenu/home_bottom_back.png</texture>
      <include>Animation_CommonFadeNoHideBack-Home</include>
      <visible>Skin.HasSetting(horizontal_bottom_align) + ControlGroup(9001).HasFocus()</visible>
      <animation effect="slide" start="0,0" end="0,40" time="300" condition="ControlGroup(9001).HasFocus()">conditional</animation>
    </control>
    <control type="image">
      <left>0</left>
      <top>445</top>
      <height>200</height>
      <include>Dimensions_Fullscreen</include>
      <texture>mainmenu/home_bottom_align.png</texture>
      <include>Animation_CommonFadeNoHide</include>
      <visible>Skin.HasSetting(horizontal_bottom_align) + ControlGroup(9001).HasFocus()</visible>
      <animation effect="slide" start="0,0" end="0,40" time="300" condition="ControlGroup(9001).HasFocus()">conditional</animation>
    </control>
    <control type="image">
      <left>0</left>
      <top>445</top>
      <height>200</height>
      <include>Dimensions_Fullscreen</include>
      <colordiffuse>mainblue</colordiffuse>
      <texture>mainmenu/home_bottom_back.png</texture>
      <include>Animation_CommonFadeNoHideBack-Home</include>
      <animation effect="slide" start="0,40" end="0,0" time="300" condition="!ControlGroup(9001).HasFocus()">conditional</animation>
    </control>
    <control type="image">
      <left>0</left>
      <top>445</top>
      <height>200</height>
      <include>Dimensions_Fullscreen</include>
      <texture>mainmenu/home_bottom_align.png</texture>
      <include>Animation_CommonFadeNoHide</include>
      <animation effect="slide" start="0,40" end="0,0" time="300" condition="!ControlGroup(9001).HasFocus()">conditional</animation>
    </control>
    <control type="image">
      <left>0</left>
      <top>445</top>
      <height>200</height>
      <include>Dimensions_Fullscreen</include>
      <colordiffuse>mainblue</colordiffuse>
      <texture>mainmenu/home_bottom_back.png</texture>
      <include>Animation_CommonFadeNoHideBack-Home</include>
    </control>
    <control type="image">
      <left>0</left>
      <top>445</top>
      <height>200</height>
      <include>Dimensions_Fullscreen</include>
      <texture>mainmenu/home_bottom_align.png</texture>
      <include>Animation_CommonFadeNoHide</include>
    </control>
    <include condition="Skin.HasSetting(homepageHideRecentlyAdded)">NewRecentlyAdded</include>
    <include condition="Skin.HasSetting(HomepageWeatherWidget)">HomepageWeatherWidget_2</include>
    <include>HorizontalHomeBottom</include>
    <!-- stoli - new home animation - 030511 -->
    <control type="image">
      <left>1400</left>
      <top>565</top>
      <width>211</width>
      <height>23</height>
      <texture>sweep2.png</texture>
      <include>Animation_Bartowski_Context_Zoom</include>
      <animation type="Conditional" reversible="false" condition="true" loop="true">
        <effect type="fade" start="0" end="100" time="3000" delay="2000" />
        <effect type="slide" start="0,0" end="-1600,0" time="10000" loop="false" />
        <effect type="fade" start="100" end="0" time="4500" delay="6000" />
        <effect type="slide" start="0,0" end="0,0" time="10000" delay="10000" loop="false" />
      </animation>
    </control>
    <control type="image">
      <left>1500</left>
      <top>628</top>
      <width>211</width>
      <height>23</height>
      <texture flipy="true">sweep2.png</texture>
      <include>Animation_Bartowski_Context_Zoom</include>
      <animation type="Conditional" reversible="false" condition="true" loop="true">
        <effect type="fade" start="0" end="100" time="3000" delay="2000" />
        <effect type="slide" start="0,0" end="-1600,0" time="10000" loop="false" />
        <effect type="fade" start="100" end="0" time="4500" delay="6000" />
        <effect type="slide" start="0,0" end="0,0" time="10000" delay="10000" loop="false" />
      </animation>
    </control>
    <control type="button" id="8999">
      <description>Don't run Recently added</description>
      <left>-20</left>
      <top>-20</top>
      <width>1</width>
      <height>1</height>
      <label>-</label>
      <font>-</font>
      <onfocus>Skin.Reset(LibraryUpdated)</onfocus>
      <include>switch_horizontal_home</include>
      <texturenofocus>-</texturenofocus>
      <texturefocus>-</texturefocus>
      <visible>!Skin.HasSetting(homepageHideRecentlyAdded) + Skin.HasSetting(LibraryUpdated)</visible>
    </control>
    <!-- Now Playing Video Window -->
    <control type="group">
      <visible>Skin.HasSetting(ShowBackgroundVideo)</visible>
      <animation effect="zoom" start="0" end="50" time="0" delay="0" condition="Player.HasVideo">Conditional</animation>
      <animation effect="fade" start="0" end="100" time="400" delay="800" condition="Player.HasVideo">Conditional</animation>
      <animation effect="slide" start="0,0" end="0,-200" time="0" condition="Skin.HasSetting(horizontal_bottom_align)">Conditional</animation>
      <left>0</left>
      <top>840</top>
      <control type="image">
        <description>trailer background</description>
        <left>30</left>
        <top>-20</top>
        <width>540</width>
        <height>305</height>
        <texture>tv-episodes/context-back.png</texture>
      </control>
      <control type="videowindow" id="8">
        <left>30</left>
        <top>-20</top>
        <width>540</width>
        <height>305</height>
      </control>
      <control type="image">
        <description>trailer image</description>
        <left>6</left>
        <top>-45</top>
        <width>590</width>
        <height>351</height>
        <colordiffuse>black</colordiffuse>
        <texture>episodeframe.png</texture>
      </control>
    </control>
    <include>Global_RSS</include>
    <include>Time</include>
    <include>Date</include>
    <include>BottomLine_RSS</include>
    <include>Music_Global_Home</include>
  </controls>
</window>