<?xml version="1.0" encoding="UTF-8"?>
<window>
  <defaultcontrol>5</defaultcontrol>
  <coordinates>
    <system>1</system>
    <left>0</left>
    <top>75</top>
    <origin x="240" y="75">!Window.IsVisible(FullscreenInfo) | Window.IsVisible(FullscreenInfo)</origin>
  </coordinates>
  <controls>
    <control type="group">
      <animation effect="fade" start="100" end="0" time="400" condition="Window.IsVisible(SliderDialog) | Window.IsVisible(FileBrowser)">Conditional</animation>
      <control type="image">
        <description>background image</description>
        <left>-240</left>
        <top>-75</top>
        <width>1280</width>
        <height>720</height>
        <texture border="40">osd/videoOSD_settings_back1.png</texture>
      </control>
      <control type="label" id="2">
        <description>header label</description>
        <left>20</left>
        <top>18</top>
        <width>760</width>
        <height>30</height>
        <font>font24caps_title</font>
        <label>-</label>
        <align>center</align>
        <aligny>center</aligny>
        <textcolor>white</textcolor>
      </control>
      <control type="grouplist" id="5">
        <description>control area</description>
        <left>40</left>
        <top>65</top>
        <width>720</width>
        <height>395</height>
        <itemgap>-1</itemgap>
        <pagecontrol>60</pagecontrol>
        <onleft>60</onleft>
        <onright>60</onright>
        <onup>5</onup>
        <ondown>5</ondown>
      </control>
      <control type="scrollbar" id="60">
        <left>760</left>
        <top>65</top>
        <width>25</width>
        <height>390</height>
        <texturesliderbackground border="0,14,0,14">ScrollBarV.png</texturesliderbackground>
        <texturesliderbar border="0,14,0,14">ScrollBarV_bar.png</texturesliderbar>
        <texturesliderbarfocus border="0,14,0,14" colordiffuse="mainblue">ScrollBarV_bar_focus.png</texturesliderbarfocus>
        <textureslidernib>ScrollBarNib.png</textureslidernib>
        <textureslidernibfocus>ScrollBarNib.png</textureslidernibfocus>
        <onleft>5</onleft>
        <onright>5</onright>
        <ondown>61</ondown>
        <onup>61</onup>
        <showonepage>false</showonepage>
        <orientation>vertical</orientation>
      </control>
    </control>
    <control type="sliderex" id="13">
      <description>Default Slider</description>
      <height>40</height>
      <textoffsetx>20</textoffsetx>
      <colordiffuse>mainblue</colordiffuse>
      <texturefocus>MenuItemFOR.png</texturefocus>
      <font>Font_Neon_25</font>
      <textcolor>white</textcolor>
      <focusedcolor>white</focusedcolor>
    </control>
    <control type="button" id="7">
      <description>Default Button</description>
      <textoffsetx>20</textoffsetx>
      <left>0</left>
      <top>0</top>
      <height>40</height>
      <font>Font_Neon_25</font>
      <textcolor>white</textcolor>
      <focusedcolor>white</focusedcolor>
      <colordiffuse>mainblue</colordiffuse>
      <texturefocus>MenuItemFOR.png</texturefocus>
    </control>
    <control type="radiobutton" id="8">
      <description>Default RadioButton</description>
      <textoffsetx>20</textoffsetx>
      <left>0</left>
      <top>0</top>
      <height>40</height>
      <font>Font_Neon_25</font>
      <textcolor>white</textcolor>
      <focusedcolor>white</focusedcolor>
      <colordiffuse>mainblue</colordiffuse>
      <texturefocus>MenuItemFOR.png</texturefocus>
    </control>
    <control type="spincontrolex" id="9">
      <description>Default SpinControlex</description>
      <textoffsetx>20</textoffsetx>
      <left>0</left>
      <top>0</top>
      <height>40</height>
      <font>Font_Neon_25</font>
      <textcolor>white</textcolor>
      <focusedcolor>white</focusedcolor>
      <colordiffuse>mainblue</colordiffuse>
      <texturefocus>MenuItemFOR.png</texturefocus>
      <aligny>center</aligny>
      <reverse>yes</reverse>
    </control>
    <!--<control type="image" id="11">
      <description>separator image</description>
      <height>2</height>
      <texture>confluence/separator2.png</texture>
    </control>-->
  </controls>
</window>
