<?xml version="1.0" encoding="UTF-8"?>
<includes>
  <include name="Viewtype_PanelLandscape">
    <control type="image">
      <!-- 1st overlay -->
      <visible>Control.IsVisible(57)</visible>
      <left>0</left>
      <top>0</top>
      <width>1280</width>
      <height>720</height>
      <texture>panel/panel-back.png</texture>
    </control>
    <control type="image">
      <visible>Control.IsVisible(57) + Container.Content(tvshows) + !Player.HasVideo</visible>
      <left>0</left>
      <top>0</top>
      <width>570</width>
      <height>318</height>
      <texture background="true" diffuse="Showcase/showcase-diffuse.png">$INFO[Container(57).listitem.property(fanart_image)]</texture>
      <fadetime>400</fadetime>
      <aspectratio>stretch</aspectratio>
      <include>Animation_HiddenByInfo</include>
      <include>Animation_Viewtype_Panel_Fanart</include>
    </control>
    <control type="image">
      <visible>Control.IsVisible(57) + Container.Content(episodes) + !Player.HasVideo</visible>
      <left>0</left>
      <top>0</top>
      <width>570</width>
      <height>318</height>
      <!--<texture diffuse="Showcase/showcase-diffuse.png">$INFO[Container(57).listitem.property(fanart_image)]</texture>-->
      <texture background="true" diffuse="Showcase/showcase-diffuse.png">$INFO[Container(57).listitem.Icon]</texture>
      <fadetime>400</fadetime>
      <aspectratio>stretch</aspectratio>
      <include>Animation_HiddenByInfo</include>
      <include>Animation_Viewtype_Panel_Fanart</include>
    </control>
    <control type="panel" id="57">
      <visible>!Skin.HasSetting(no_LandPanel) + [[Container.Content(tvshows) + !Skin.HasSetting(TVPosters) + !Skin.HasSetting(TVBanners)] | Container.Content(episodes)]</visible>
      <left>560</left>
      <top>-126</top>
      <!-- -105 -->
      <width>800</width>
      <height>885</height>
      <!-- 1570  1280 -->
      <scrolltime>300</scrolltime>
      <orientation>vertical</orientation>
      <viewtype label="$LOCALIZE[31054]">Wall</viewtype>
      <onleft>7000</onleft>
      <onright>67</onright>
      <onup>57</onup>
      <ondown>57</ondown>
      <preloaditems>2</preloaditems>
      <pagecontrol>67</pagecontrol>
      <include>Animation_Viewtype_Panel_FocusArea</include>
      <include>Animation_HiddenByInfo</include>
      <itemlayout width="320" height="180">
        <control type="group">
          <left>60</left>
          <top>0</top>
          <control type="image">
            <left>1</left>
            <top>131</top>
            <width>300</width>
            <height>168</height>
            <texture>tv-landscape/landscapematteFO.png</texture>
          </control>
          <control type="image">
            <left>1</left>
            <top>131</top>
            <width>300</width>
            <height>168</height>
            <texture background="true" diffuse="tv-landscape/landscapematteFO.png">$INFO[ListItem.Icon]</texture>
            <fadetime>200</fadetime>
            <aspectratio scalediffuse="false">stretch</aspectratio>
            <visible>Container.Content(episodes)</visible>
          </control>
          <control type="image">
            <left>1</left>
            <top>131</top>
            <width>300</width>
            <height>168</height>
            <texture background="true" diffuse="tv-landscape/landscapematteFO.png">$INFO[ListItem.Property(fanart_image)]</texture>
            <fadetime>200</fadetime>
            <aspectratio scalediffuse="false">stretch</aspectratio>
            <visible>Container.Content(tvshows)</visible>
          </control>
          <control type="image">
            <left>0</left>
            <top>260</top>
            <width>300</width>
            <height>39</height>
            <texture>tv-episodes/epi-black.png</texture>
            <include>Animation_HiddenByInfo</include>
            <visible>Container.Content(episodes) + !IsEmpty(ListItem.Title)</visible>
          </control>
          <control type="label">
            <left>11</left>
            <top>266</top>
            <width>298</width>
            <label>$INFO[ListItem.Label]</label>
            <align>center</align>
            <font>Font_Neon_18</font>
            <textcolor>ffffffff</textcolor>
            <include>Animation_HiddenByInfo</include>
            <visible>Container.Content(episodes) + !IsEmpty(ListItem.Title)</visible>
          </control>
          <control type="image">
            <visible>Container.Content(episodes) + !Skin.HasSetting(DisableTvOverlays) + !IsEmpty(ListItem.Overlay)</visible>
            <left>10</left>
            <top>278</top>
            <width>285</width>
            <height>3</height>
            <info>ListItem.Overlay</info>
            <aspectratio scalediffuse="false">stretch</aspectratio>
            <include>Animation_HiddenByInfo</include>
          </control>
          <control type="image">
            <left>230</left>
            <top>250</top>
            <width>100</width>
            <height>76</height>
            <texture>dialogs/movies/$INFO[ListItem.Overlay]</texture>
            <visible>!Skin.HasSetting(DisableTvOverlays) + !Container.Content(episodes) + !IsEmpty(ListItem.Overlay)</visible>
          </control>
          <control type="image">
            <left>1</left>
            <top>131</top>
            <width>300</width>
            <height>168</height>
            <texture>tv-landscape/landscapematteFO.png</texture>
            <colordiffuse>black</colordiffuse>
            <animation effect="fade" start="10" end="70" time="0" condition="true">Conditional</animation>
          </control>
          <control type="image">
            <left>-12</left>
            <top>120</top>
            <width>326</width>
            <height>190</height>
            <texture>tv-landscape/landscapeframeFO.png</texture>
            <colordiffuse>39FFFFFF</colordiffuse>
          </control>
        </control>
      </itemlayout>
      <focusedlayout width="300" height="184">
        <control type="group">
          <left>60</left>
          <top>0</top>
          <control type="image">
            <left>-80</left>
            <top>48</top>
            <width>467</width>
            <height>337</height>
            <texture>tv-landscape/panel_glow.png</texture>
            <animation type="Focus" reversible="false">
              <effect type="zoom" center="145,202" start="51" end="100" time="600" tween="back" easing="out" />
              <effect type="fade" start="0" end="100" time="800" />
            </animation>
          </control>
          <control type="image">
            <left>1</left>
            <top>131</top>
            <width>300</width>
            <height>168</height>
            <texture background="true" diffuse="tv-landscape/landscapematteFO.png">$INFO[ListItem.Icon]</texture>
            <fadetime>200</fadetime>
            <aspectratio scalediffuse="false">stretch</aspectratio>
            <animation type="Focus" reversible="false">
              <effect type="zoom" center="145,202" start="51" end="100" time="600" tween="back" easing="out" />
            </animation>
            <visible>Container.Content(episodes)</visible>
          </control>
          <control type="image">
            <left>1</left>
            <top>131</top>
            <width>300</width>
            <height>168</height>
            <texture background="true" diffuse="tv-landscape/landscapematteFO.png">$INFO[ListItem.Property(fanart_image)]</texture>
            <fadetime>200</fadetime>
            <aspectratio scalediffuse="false">stretch</aspectratio>
            <animation type="Focus" reversible="false">
              <effect type="zoom" center="145,202" start="51" end="100" time="600" tween="back" easing="out" />
            </animation>
            <visible>Container.Content(tvshows)</visible>
          </control>
          <control type="image">
            <left>0</left>
            <top>260</top>
            <width>300</width>
            <height>39</height>
            <texture>tv-episodes/epi-black.png</texture>
            <include>Animation_HiddenByInfo</include>
            <animation type="Focus" reversible="false">
              <effect type="zoom" center="145,202" start="51" end="100" time="600" tween="back" easing="out" />
            </animation>
            <visible>Container.Content(episodes) + !IsEmpty(ListItem.Title)</visible>
          </control>
          <control type="label">
            <left>2</left>
            <top>266</top>
            <width>298</width>
            <label>$INFO[ListItem.Label]</label>
            <align>center</align>
            <font>Font_Neon_18</font>
            <textcolor>ffffffff</textcolor>
            <include>Animation_HiddenByInfo</include>
            <animation type="Focus" reversible="false">
              <effect type="zoom" center="145,202" start="51" end="100" time="600" tween="back" easing="out" />
            </animation>
            <visible>Container.Content(episodes) + !IsEmpty(ListItem.Title)</visible>
          </control>
          <control type="image">
            <visible>Container.Content(episodes) + !Skin.HasSetting(DisableTvOverlays) + !IsEmpty(ListItem.Overlay)</visible>
            <left>10</left>
            <top>278</top>
            <width>285</width>
            <height>3</height>
            <info>ListItem.Overlay</info>
            <aspectratio scalediffuse="false">stretch</aspectratio>
            <include>Animation_HiddenByInfo</include>
            <animation type="Focus" reversible="false">
              <effect type="zoom" center="145,202" start="51" end="100" time="600" tween="back" easing="out" />
            </animation>
          </control>
          <control type="image">
            <left>230</left>
            <top>250</top>
            <width>100</width>
            <height>76</height>
            <texture>dialogs/movies/$INFO[ListItem.Overlay]</texture>
            <animation type="Focus" reversible="false">
              <effect type="zoom" center="145,202" start="51" end="100" time="600" tween="back" easing="out" />
            </animation>
            <visible>!Skin.HasSetting(DisableTvOverlays) + !Container.Content(episodes) + !IsEmpty(ListItem.Overlay)</visible>
          </control>
          <control type="image">
            <left>-12</left>
            <top>120</top>
            <width>326</width>
            <height>190</height>
            <texture>tv-landscape/landscapeframeFO.png</texture>
            <animation type="Focus" reversible="false">
              <effect type="zoom" center="145,202" start="51" end="100" time="600" tween="back" easing="out" />
            </animation>
          </control>
        </control>
      </focusedlayout>
    </control>
    <!-- Browser label and flags -->
    <control type="group">
      <include>Animation_Viewtype_Panel_Title</include>
      <include>Animation_HiddenByInfo</include>
      <visible>Control.IsVisible(57)</visible>
      <control type="image" id="7037">
        <visible></visible>
        <left>160</left>
        <top>300</top>
        <width>230</width>
        <height>89</height>
        <texture background="true">$INFO[ListItem.Art(clearlogo)]</texture>
        <fadetime>100</fadetime>
        <aspectratio scalediffuse="false">stretch</aspectratio>
        <animation effect="slide" start="0,0" end="14,0" time="0" tween="cubic" easing="inout" condition="Container.Content(episodes)">Conditional</animation>
      </control>
      <control type="image" id="9037">
        <visible></visible>
        <left>160</left>
        <top>300</top>
        <width>230</width>
        <height>89</height>
        <texture background="true">$INFO[ListItem.path]../logo.png</texture>
        <fadetime>100</fadetime>
        <aspectratio scalediffuse="false">stretch</aspectratio>
        <animation effect="slide" start="0,0" end="14,0" time="0" tween="cubic" easing="inout" condition="Container.Content(episodes)">Conditional</animation>
      </control>
      <control type="label">
        <visible>IsEmpty(Control.GetLabel(7037)) + IsEmpty(Control.GetLabel(9037))</visible>
        <left>15</left>
        <top>320</top>
        <width>555</width>
        <height>50</height>
        <align>center</align>
        <font>Font_InfoYear2</font>
        <textcolor>mainblue</textcolor>
        <label>$INFO[ListItem.Label]</label>
      </control>
      <control type="label">
        <visible>Container.Content(tvshows) + IsEmpty(Control.GetLabel(7037)) + IsEmpty(Control.GetLabel(9037))</visible>
        <left>15</left>
        <top>358</top>
        <width>555</width>
        <height>50</height>
        <align>center</align>
        <font>Font_Bartowski_Showcase_runtime_year</font>
        <textcolor>ffffffff</textcolor>
        <label>$INFO[ListItem.Genre]</label>
      </control>
      <control type="label">
        <visible>Container.Content(episodes) + !IsEmpty(ListItem.Title)</visible>
        <left>15</left>
        <top>394</top>
        <width>555</width>
        <height>50</height>
        <align>center</align>
        <font>Font_Bartowski_Smaller_MenuValue</font>
        <textcolor>mainblue</textcolor>
        <label>"$INFO[ListItem.Title]"</label>
      </control>
      <control type="label">
        <visible>Container.Content(episodes) + !IsEmpty(ListItem.Title)</visible>
        <left>15</left>
        <top>426</top>
        <width>555</width>
        <height>50</height>
        <align>center</align>
        <font>Font_Bartowski_Showcase_runtime_year</font>
        <textcolor>ListTrackF</textcolor>
        <label>$LOCALIZE[20373] $INFO[ListItem.Season]/$LOCALIZE[20359] $INFO[ListItem.Episode]</label>
      </control>
      <control type="label">
        <visible>Container.Content(movies)</visible>
        <left>15</left>
        <top>356</top>
        <width>555</width>
        <height>50</height>
        <align>center</align>
        <font>Font_Bartowski_Showcase_runtime_year</font>
        <textcolor>ffffffff</textcolor>
        <label>$INFO[ListItem.Duration]</label>
      </control>
    </control>
    <control type="group">
      <visible>Control.IsVisible(57) + Container.Content(episodes)</visible>
      <include>Animation_HiddenByInfo</include>
      <control type="textbox">
        <!--TV Plot-->
        <visible>!Player.HasAudio</visible>
        <left>15</left>
        <top>452</top>
        <width>555</width>
        <height>238</height>
        <font>Font_Bartowski_Showcase_plot</font>
        <textcolor>ffffffff</textcolor>
        <label>$INFO[ListItem.Plot]</label>
        <align>justify</align>
        <autoscroll time="3000" delay="5000" repeat="5000">Skin.HasSetting(autoscroll)</autoscroll>
        <include>Animation_Viewtype_Panel_BottomArea</include>
      </control>
      <control type="textbox">
        <!--TV Plot-->
        <visible>Player.HasAudio</visible>
        <left>15</left>
        <top>452</top>
        <width>555</width>
        <height>142</height>
        <font>Font_Bartowski_Showcase_plot</font>
        <textcolor>ffffffff</textcolor>
        <label>$INFO[ListItem.Plot]</label>
        <align>justify</align>
        <autoscroll time="3000" delay="5000" repeat="5000">Skin.HasSetting(autoscroll)</autoscroll>
        <include>Animation_Viewtype_Panel_BottomArea</include>
      </control>
    </control>
    <control type="group">
      <visible>Control.IsVisible(57) + !Container.Content(episodes)</visible>
      <include>Animation_HiddenByInfo</include>
      <control type="textbox">
        <!--TV Plot-->
        <visible>!Player.HasAudio</visible>
        <left>15</left>
        <top>412</top>
        <width>555</width>
        <height>262</height>
        <font>Font_Bartowski_Showcase_plot</font>
        <textcolor>ffffffff</textcolor>
        <label>$INFO[ListItem.Plot]</label>
        <align>justify</align>
        <autoscroll time="3000" delay="5000" repeat="5000">Skin.HasSetting(autoscroll)</autoscroll>
        <include>Animation_Viewtype_Panel_BottomArea</include>
      </control>
      <control type="textbox">
        <!--TV Plot-->
        <visible>Player.HasAudio</visible>
        <left>15</left>
        <top>412</top>
        <width>555</width>
        <height>142</height>
        <font>Font_Bartowski_Showcase_plot</font>
        <textcolor>ffffffff</textcolor>
        <label>$INFO[ListItem.Plot]</label>
        <align>justify</align>
        <autoscroll time="3000" delay="5000" repeat="5000">Skin.HasSetting(autoscroll)</autoscroll>
        <include>Animation_Viewtype_Panel_BottomArea</include>
      </control>
    </control>
    <control type="image">
      <!-- last overlay -->
      <left>0</left>
      <top>0</top>
      <width>1280</width>
      <height>720</height>
      <texture>panel/last-overlay.png</texture>
      <visible>Control.IsVisible(57)</visible>
    </control>
    <control type="grouplist">
      <visible>Control.IsVisible(57) + Container.Content(episodes) + !Skin.HasSetting(no_media_flags) + !Player.HasAudio + Skin.HasSetting(no_global_clock)</visible>
      <description>Media Codec Flagging Images</description>
      <left>20</left>
      <top>680</top>
      <width>540</width>
      <align>center</align>
      <itemgap>0</itemgap>
      <orientation>horizontal</orientation>
      <include>StudioFlags</include>
      <include>VideoTypeHackFlaggingConditions</include>
      <include>VideoCodecFlaggingConditions</include>
      <include>AspectCodecFlaggingConditions</include>
      <include>AudioCodecFlaggingConditions</include>
      <include>AudioChannelsFlaggingConditions</include>
      <include>VideoMPAAFlaggingConditions</include>
      <include>Animation_HiddenByInfo</include>
      <include>Animation_Viewtype_Panel_BottomArea</include>
    </control>
    <control type="scrollbar" id="67">
      <include>Animation_ZoomInZoomOut</include>
      <left>1280</left>
      <top>100</top>
      <width>25</width>
      <height>460</height>
      <visible allowhiddenfocus="true">Control.IsVisible(57) + Control.HasFocus(67)</visible>
      <texturesliderbackground border="0,14,0,14">ScrollBarV.png</texturesliderbackground>
      <textureslidernibfocus>ScrollBarV_Nib_Focus.png</textureslidernibfocus>
      <onleft>57</onleft>
      <onright>57</onright>
      <showonepage>true</showonepage>
      <orientation>vertical</orientation>
      <include>Animation_CommonFade</include>
      <animation effect="slide" start="0,0" end="-40,0" time="400" tween="cubic" easing="inout" condition="Control.HasFocus(67)">Conditional</animation>
    </control>
  </include>
</includes>