<?xml version="1.0" encoding="utf-8"?>
<window id="20">
    <defaultcontrol always="true">51</defaultcontrol>
	<onload>Skin.Reset(showViewOptions)</onload>
	<onunload>Skin.Reset(showViewOptions)</onunload>
	<onunload condition="!Skin.String(FirstSkinRun) + !Skin.HasSetting(EnableHomeMenu1)">Skin.ToggleSetting(EnableHomeMenu1)</onunload>
	<onunload condition="!Skin.String(FirstSkinRun) + !Skin.HasSetting(EnableHomeMenu2)">Skin.ToggleSetting(EnableHomeMenu2)</onunload>
	<onunload condition="!Skin.String(FirstSkinRun) + !Skin.HasSetting(EnableHomeMenu3)">Skin.ToggleSetting(EnableHomeMenu3)</onunload>	
	<onload condition="!Skin.String(FirstSkinRun)">Skin.SetString(SubMenu1Tile1.Type,Movies)</onload>
	<onload condition="!Skin.String(FirstSkinRun)">Skin.SetString(SubMenu1Tile2.Type,MovieLibrary)</onload>
	<onload condition="!Skin.String(FirstSkinRun)">Skin.SetString(SubMenu1Tile3.Type,RecentylAddedMovies)</onload>
	<onload condition="!Skin.String(FirstSkinRun)">Skin.SetString(SubMenu1Tile4.Type,VideoLibrary)</onload>
	<onload condition="!Skin.String(FirstSkinRun)">Skin.SetString(SubMenu1Tile5.Type,VideoAddons)</onload>
	<onload condition="!Skin.String(FirstSkinRun)">Skin.SetString(SubMenu2Tile1.Type,TvShows)</onload>
	<onload condition="!Skin.String(FirstSkinRun)">Skin.SetString(SubMenu2Tile2.Type,TVShowLibrary)</onload>
	<onload condition="!Skin.String(FirstSkinRun)">Skin.SetString(SubMenu2Tile3.Type,RecentylAddedEpisodes) </onload>
	<onload condition="!Skin.String(FirstSkinRun)">Skin.SetString(SubMenu2Tile4.Type,VideoLibrary)  </onload>
	<onload condition="!Skin.String(FirstSkinRun)">Skin.SetString(SubMenu2Tile5.Type,VideoAddons)</onload>
	<onload condition="!Skin.String(FirstSkinRun)">Skin.SetString(SubMenu3Tile1.Type,Albums)</onload>
	<onload condition="!Skin.String(FirstSkinRun)">Skin.SetString(SubMenu3Tile2.Type,MusicLibrary)</onload>
	<onload condition="!Skin.String(FirstSkinRun)">Skin.SetString(SubMenu3Tile3.Type,Artists)</onload>
	<onload condition="!Skin.String(FirstSkinRun)">Skin.SetString(SubMenu3Tile4.Type,MusicFiles)</onload>
	<onload condition="!Skin.String(FirstSkinRun)">Skin.SetString(SubMenu3Tile5.Type,MusicAddons)</onload>
	<onload condition="!Skin.String(FirstSkinRun)">Skin.SetString(SubMenu4Tile1.Type,TvChannels)</onload>
	<onload condition="!Skin.String(FirstSkinRun)">Skin.SetString(SubMenu4Tile2.Type,EPG)</onload>
	<onload condition="!Skin.String(FirstSkinRun)">Skin.SetString(SubMenu4Tile3.Type,RadioChannels)</onload>
	<onload condition="!Skin.String(FirstSkinRun)">Skin.SetString(SubMenu4Tile4.Type,Recordings)</onload>
	<onload condition="!Skin.String(FirstSkinRun)">Skin.SetString(SubMenu4Tile5.Type,Timers)</onload>	
	<onload condition="!Skin.String(FirstSkinRun)">Skin.SetString(HomeWidget1.Type,RecentMovies)</onload>
	<onload condition="!Skin.String(FirstSkinRun)">Skin.SetString(HomeWidget2.Type,RecentEpisodesThumbs)</onload>
	<onload condition="!Skin.String(FirstSkinRun)">Skin.SetString(HomeWidget3.Type,RecentAlbums)</onload>
	<onload condition="!Skin.String(FirstSkinRun)">Skin.SetString(HomeWidget1.Layout,Poster)</onload>
	<onload condition="!Skin.String(FirstSkinRun)">Skin.SetString(HomeWidget2.Layout,Thumb)</onload>
	<onload condition="!Skin.String(FirstSkinRun)">Skin.SetString(HomeWidget3.Layout,Cover)</onload>
	<onload condition="!Skin.String(FirstSkinRun)">Skin.SetString(HomeMenu1.Label,Movies)</onload>
	<onload condition="!Skin.String(FirstSkinRun)">Skin.SetString(HomeMenu2.Label,Tv Shows)</onload>
	<onload condition="!Skin.String(FirstSkinRun)">Skin.SetString(HomeMenu3.Label,Music)</onload>
	<onload condition="!Skin.String(FirstSkinRun)">Skin.SetString(HomeMenu4.Label,Live TV)</onload>
	<onload condition="!Skin.String(FirstSkinRun)">Skin.SetString(HomeMenu1.Image,HomeIcons/Movies.png)</onload>
	<onload condition="!Skin.String(FirstSkinRun)">Skin.SetString(HomeMenu2.Image,HomeIcons/TvShows.png)</onload>
	<onload condition="!Skin.String(FirstSkinRun)">Skin.SetString(HomeMenu3.Image,HomeIcons/Music.png)</onload>
	<onload condition="!Skin.String(FirstSkinRun)">Skin.SetString(HomeMenu4.Image,HomeIcons/LiveTv.png)</onload>
	<onunload condition="!Skin.String(FirstSkinRun)">Skin.SetString(SideMenuTile1.Type,Weather)</onunload>
	<onunload condition="!Skin.String(FirstSkinRun)">Skin.SetString(SideMenuTile2.Type,Pictures)</onunload>
	<onunload condition="!Skin.String(FirstSkinRun)">Skin.SetString(SideMenuTile3.Type,Programs)</onunload>
	<onunload condition="!Skin.String(FirstSkinRun)">Skin.SetString(SideMenuTile4.Type,Favourites)</onunload>
	<onunload condition="!Skin.String(FirstSkinRun)">Skin.SetString(SideMenuTile5.Type,Settings)</onunload>
	<onunload condition="!Skin.String(FirstSkinRun)">Skin.SetString(SideMenuTile6.Type,Shutdown)</onunload>
	<onunload condition="!Skin.String(FirstSkinRun)">Skin.SetString(FirstSkinRun,Configured)</onunload>	
	<views>530,51</views>
    <controls>
        <include>SkinFanart</include>
        <include>BarClock</include>
				
		<control type="group">
			<include>ViewOptionsAnimation</include>
			<include>View_51_List</include>
			<include>Viewtype_Panel_Wide</include>
		</control>
        <!-- Dark Overlay when left menu is displayed -->
		<control type="image">
            <animation type="Conditional" condition="!Skin.HasSetting(showViewOptions)">
                <effect type="fade" time="300" start="100" end="0" />
            </animation>
            <left>0</left>
            <top>0</top>
            <width>1280</width>
            <height>720</height>
            <texture border="2">other_textures/black-back.png</texture>
        </control>
		<!-- This Control shows the background of the left settings menu -->
		<control type="group">
		 	<animation type="Conditional" condition="!Skin.HasSetting(showViewOptions)">
                <effect type="slide" start="0,0" end="-320,0" time="300" easing="inout" tween="cubic" />
            </animation>
			<include>LeftMenuBackground</include>
			<control type="label">
                <description>Menu Title</description>
                <include>LeftMenuTitle</include>
                <label>$LOCALIZE[14018]</label>
            </control>
		</control>
		<control type="radiobutton" id="19">
            <description>Filter (hidden)</description>
            <include>HiddenButton</include>
        </control>
        <control type="grouplist" id="9000">
            <left>20</left>
            <top>70</top>
            <width>280</width>
            <height>305</height>
            <itemgap>0</itemgap>
			<onright>Skin.Reset(showViewOptions)</onright>
            <onright>51</onright>
            <onup></onup>
            <ondown></ondown>
            <orientation>vertical</orientation>
			<animation type="Conditional" condition="!Skin.HasSetting(showViewOptions)">
                <effect type="slide" start="0,0" end="-320,0" time="300" easing="inout" tween="cubic" />
            </animation>
			<control type="button" id="2">
                <description>View</description>
                <width>280</width>
				<textoffsetx>10</textoffsetx>
				<align>left</align>
				<font>List_Left_Menu</font>
            </control>
			<control type="button" id="3">
                <description>Sort</description>
                <width>280</width>
				<textoffsetx>10</textoffsetx>
                <align>left</align>
                <font>List_Left_Menu</font>
            </control>
            <control type="togglebutton" id="4">
                <description>Ascending</description>
                <width>280</width>
				<textoffsetx>10</textoffsetx>
                <align>left</align>
                <label>584</label>
                <altlabel>585</altlabel>
                <font>List_Left_Menu</font>
            </control>
			 <control type="button" id="5">
                <description>View</description>
                <width>280</width>
				<textoffsetx>10</textoffsetx>
				<align>left</align>
				<font>List_Left_Menu</font>
            </control>
			 <control type="radiobutton" id="6">
                <description>Addon Notifications</description>
                <height>40</height>
                <width>280</width>
                <textoffsetx>10</textoffsetx>
                <textwidth>200</textwidth>
                <align>left</align>
				<font>List_Left_Menu</font>
                <pulseonselect>false</pulseonselect>
				<label>25000</label>
            </control>
			 <control type="radiobutton" id="7">
                <description>Language Filter</description>
                <height>40</height>
                <width>280</width>
                <textoffsetx>10</textoffsetx>
                <textwidth>200</textwidth>
                <align>left</align>
				<font>List_Left_Menu</font>
                <pulseonselect>false</pulseonselect>
				<label>25001</label>
             </control>
			 <control type="button" id="9">
+				<description>Check for Updates</description>
                <width>280</width>
				<textoffsetx>10</textoffsetx>
				<align>left</align>
				<font>List_Left_Menu</font>
+				<label>24034</label>
+				</control>
        </control>
		<!-- Close Button for Options Menu	-->
		<control type="button" id="9876">
			<top>-5</top>
			<left>270</left>
			<width>50</width>
			<height>50</height>
			<onclick>Skin.Reset(showViewOptions)</onclick>
			<onclick>right</onclick>
			<onright>51</onright>
			<texturefocus>down_arrow.png</texturefocus>
			<texturenofocus>down_arrow.png</texturenofocus>
			<animation type="Conditional" condition="!Skin.HasSetting(showViewOptions)">
                <effect type="slide" start="0,0" end="-320,0" time="300" easing="inout" tween="cubic" />
            </animation>
			<animation effect="rotate" end="90" center="295,20" time="0" condition="true" reversible="false">Conditional</animation>
			<visible>[System.Platform.IOS | System.Platform.Android | System.getbool(input.enablemouse)]</visible>
		</control>		
	<!-- Open Button for View Options Menu-->
	<control type="group">
		<animation effect="slide" end="-55" time="300">WindowClose</animation>
        <animation effect="slide" start="-55" time="300">WindowOpen</animation>
		<control type="group">
			<top>400</top>		
			<animation effect="slide" start="-55" end="0" time="200" delay="300">Visible</animation>
			<visible>!Skin.HasSetting(showViewOptions) + [System.Platform.IOS | System.Platform.Android | System.getbool(input.enablemouse)]</visible>
			<control type="button" id="6789">
				<left>0</left>
				<width>50</width>
				<height>95</height>
				<onclick>Skin.ToggleSetting(showViewOptions)</onclick>
				<onclick>SetFocus(9000)</onclick>
				<texturefocus></texturefocus>
			</control>
			<control type="image">
				<left>0</left>
				<top>25</top>
				<width>25</width>
				<height>45</height>
				<texture>tile.png</texture>
			</control>
			<control type="image">
				<left>-15</left>
				<top>20</top>
				<width>55</width>
				<height>55</height>
				<texture flipx="true">icons/music.png</texture>
			</control>
		</control>

	</control>	
   </controls>
</window>