<?xml version="1.0" encoding="utf-8"?>
<window id="10140">
    <defaultcontrol always="true">9</defaultcontrol>
     
    <controls>
        <control type="group">
            <left>0</left>
            <top>0</top>
            <animation type="WindowClose">
                <effect type="fade" time="300" />
                <effect type="slide" end="+1500,0" time="300" />
            </animation>
            <animation type="WindowOpen">
                <effect type="fade" time="300" delay="400" />
                <effect type="slide" start="+1500,0" time="300" delay="400" />
            </animation>
			<control type="image">
                <description>background image</description>
                <left>50</left>
                <top>290</top>
                <width>290</width>
                <height>360</height>
                <aspectratio>scale</aspectratio>
                <texture>tile.png</texture>
            </control>			
			 <control type="image">
                <description>background image</description>
                <left>345</left>
                <top>290</top>
                <width>750</width>
                <height>360</height>
                <aspectratio>scale</aspectratio>
                <texture>tile.png</texture>
            </control>
            <control type="label">
                <label>$LOCALIZE[5]</label>
                <left>50</left>
                <top>215</top>
                <height>30</height>
                <width>250</width>
                <font>Panel_Title</font>
                <align>left</align>
				<aligny>top</aligny>
            </control>
            <control type="label">
                <label>[COLOR Accent]$INFO[Window.Property(addon)][/COLOR]</label>
                <left>345</left>
                <top>215</top>
                <height>30</height>
                <width>750</width>
                <font>Panel_Title</font>
                <align>left</align>
				<aligny>top</aligny>
            </control>
            <control type="grouplist" id="9">
                <description>button area</description>
                <left>50</left>
                <top>290</top>
                <width>290</width>
                <height>370</height>
                <itemgap>2</itemgap>
                <onleft>10</onleft>
                <onright>2</onright>
                <onup>9</onup>
                <ondown>9</ondown>
            </control>
            <control type="grouplist" id="2">
                <description>control area</description>
                <left>345</left>
                <top>290</top>
                <width>750</width>
                <height>360</height>
                <itemgap>0</itemgap>
                <onup>2</onup>
                <ondown>10</ondown>
                <onleft>9</onleft>
                <onright>10</onright>
            </control>
            <control type="button" id="13">
                <description>Default Category Button</description>
                <align>right</align>
				<font>List_Unfocused</font>
                <focusedcolor>Accent</focusedcolor>
            </control>
            <control type="button" id="3">
                <description>Default Button</description>
                <align>left</align>
				<font>List_Settings</font>
                <focusedcolor>Accent</focusedcolor>
            </control>
            <control type="radiobutton" id="4">
                <description>Default RadioButton</description>
                <align>left</align>
				<font>List_Settings</font>
                <focusedcolor>Accent</focusedcolor>
            </control>
            <control type="spincontrolex" id="5">
                <description>Default spincontrolex</description>
                <align>left</align>
				<font>List_Settings</font>
                <focusedcolor>Accent</focusedcolor>
                <textureup>other_textures/arrowupfo.png</textureup>
                <texturedown>other_textures/arrowdownfo.png</texturedown>
                <textureupfocus>other_textures/arrowupg.png</textureupfocus>
                <texturedownfocus>other_textures/arrowdowng.png</texturedownfocus>
                <reverse>yes</reverse>
            </control>
            <control type="label" id="7">
				<height>45</height>
				<font>List_Settings_Title</font>
				<textcolor>Accent</textcolor>
				<textoffsetx>10</textoffsetx>
				<align>left</align>
			</control>
            <control type="image" id="6">
                <description>Default Seperator</description>
                <height>0</height>
                <texture>-</texture>
            </control>
            <control type="sliderex" id="8">
                <description>Default Slider</description>
                <focusedcolor>Accent</focusedcolor>
				<font>List_Settings</font>
                <width>646</width>
			</control>
            <control type="grouplist" id="9001">
                <left>1100</left>
                <top>290</top>
                <itemgap>4</itemgap>
                <orientation>vertical</orientation>
                <control type="button" id="10">
                    <description>OK Button</description>
                    <width>145</width>
                    <label>186</label>
                    <onleft>2</onleft>
                    <onright>9</onright>
                    <onup>2</onup>
                    <ondown>11</ondown>
					<focusedcolor>White</focusedcolor>
					<font>Panel_Hint</font>
					<align>center</align>
					<texturefocus>button.png</texturefocus>
					<texturenofocus>tile.png</texturenofocus>
                </control>
                <control type="button" id="11">
                    <description>Cancel Button</description>
                    <width>145</width>
                    <label>222</label>
                    <onleft>2</onleft>
                    <onright>9</onright>
                    <onup>10</onup>
                    <ondown>12</ondown>
					<focusedcolor>White</focusedcolor>
					<font>Panel_Hint</font>
					<align>center</align>
					<texturefocus>button.png</texturefocus>
					<texturenofocus>tile.png</texturenofocus>
                </control>
                <control type="button" id="12">
                    <description>Defaults Button</description>
                    <width>145</width>
                    <label>409</label>
                    <onleft>2</onleft>
                    <onright>9</onright>
                    <onup>11</onup>
                    <ondown>2</ondown>
					<focusedcolor>White</focusedcolor>
					<font>Panel_Hint</font>
					<align>center</align>
					<texturefocus>button.png</texturefocus>
					<texturenofocus>tile.png</texturenofocus>
                </control>
            </control>
        </control>
    </controls>
</window>