<?xml version="1.0" encoding="utf-8"?>
<window id="3">
	<defaultcontrol always="true">20</defaultcontrol>
	 
	<controls>
		<include>SkinFanart</include>
		<include>BarClock</include>
		<control type="group">
			<animation type="WindowClose">
				<effect type="fade" time="300" />
				<effect type="slide" end="+1500,0" time="300" />
			</animation>
			<animation type="WindowOpen">
				<effect type="fade" time="300" />
				<effect type="slide" start="+1500,0" time="300" />
			</animation>
			<control type="label">
				<include>ViewMainTitle</include>
				<label>$LOCALIZE[7]</label>
			</control>
			<control type="group">
				<description>Left panel</description>
				<left>50</left>
				<top>290</top>
				<control type="image">
					<width>580</width>
					<height>315</height>
					<texture>tile.png</texture>
				</control>
				<control type="label" id="101">
					<description>Header Label</description>
					<left>10</left>
					<width>560</width>
					<align>left</align>
					<font>Panel_Hint</font>
				</control>
				<control type="list" id="20">
					<description>Left File List</description>
					<left>0</left>
					<top>45</top>
					<width>580</width>
					<height>270</height>
					<onleft>21</onleft>
					<onright>21</onright>
					<onup>20</onup>
					<ondown>20</ondown>
					<pagecontrol>2000</pagecontrol>
					<itemlayout height="45" width="580">
						<control type="image">
							<width>580</width>
							<height>45</height>
							<texture>other_textures/buttonnf.png</texture>
						</control>
						<control type="label">
							<left>20</left>
							<width>440</width>
							<align>left</align>
							<info>ListItem.Label</info>
							<font>Panel_Description</font>
						</control>
						<control type="label">
							<left>560</left>
							<width>100</width>
							<align>right</align>
							<info>ListItem.Label2</info>
							<font>Panel_Description</font>
						</control>
					</itemlayout>
					<focusedlayout height="45" width="580">
						<control type="image">
							<width>580</width>
							<height>45</height>
							<texture border="5">other_textures/buttonfo.png</texture>
							<animation effect="fade" start="100" end="50" condition="!Control.HasFocus(20)">Conditional</animation>
						</control>
						<control type="label">
							<left>20</left>
							<width>440</width>
							<align>left</align>
							<info>ListItem.Label</info>
							<font>Panel_Description</font>
							<textcolor>Accent</textcolor>
						</control>
						<control type="label">
							<left>560</left>
							<width>100</width>
							<align>right</align>
							<info>ListItem.Label2</info>
							<font>Panel_Description</font>
							<textcolor>Accent</textcolor>
						</control>
					</focusedlayout>
				</control>
				<control type="label" id="12">
					<description>Header Label</description>
					<left>20</left>
					<top>588</top>
					<width>320</width>
					<align>left</align>
				</control>
				<control type="scrollbar" id="2000">
					<left>585</left>
					<top>0</top>
					<width>6</width>
					<height>315</height>
					<texturesliderbackground></texturesliderbackground>
					<textureslidernib>bar.png</textureslidernib>
					<textureslidernibfocus>scroll_nib.png</textureslidernibfocus>
					<texturesliderbar></texturesliderbar>
					<texturesliderbarfocus></texturesliderbarfocus>
					<showonepage>true</showonepage>
					<orientation>vertical</orientation>
					<animation effect="fade" time="200" tween="square">Visible</animation>
				</control>
			</control>
			<control type="group">
				<description>Right panel</description>
				<left>650</left>
				<top>290</top>
				<control type="image">
					<width>580</width>
					<height>315</height>
					<texture>tile.png</texture>
				</control>
				<control type="label" id="102">
					<description>Header Label</description>
					<left>10</left>
					<width>560</width>
					<align>left</align>
					<font>Panel_Hint</font>
				</control>
				<control type="list" id="21">
					<description>Right File List</description>
					<left>0</left>
					<top>45</top>
					<width>580</width>
					<height>270</height>
					<onleft>20</onleft>
					<onright>20</onright>
					<onup>21</onup>
					<ondown>21</ondown>
					<pagecontrol>2100</pagecontrol>
					<itemlayout height="45" width="580">
						<control type="image">
							<width>580</width>
							<height>45</height>
							<texture>other_textures/buttonnf.png</texture>
						</control>
						<control type="label">
							<left>20</left>
							<width>440</width>
							<align>left</align>
							<font>Panel_Description</font>
							<info>ListItem.Label</info>
						</control>
						<control type="label">
							<left>560</left>
							<width>100</width>
							<align>right</align>
							<font>Panel_Description</font>
							<info>ListItem.Label2</info>
						</control>
					</itemlayout>
					<focusedlayout height="45" width="580">
						<control type="image">
							<width>580</width>
							<height>45</height>
							<texture border="5">other_textures/buttonfo.png</texture>
							<animation effect="fade" start="100" end="50" condition="!Control.HasFocus(21)">Conditional</animation>
						</control>
						<control type="label">
							<left>20</left>
							<width>440</width>
							<align>left</align>
							<info>ListItem.Label</info>
							<font>Panel_Description</font>
							<textcolor>Accent</textcolor>
						</control>
						<control type="label">
							<left>560</left>
							<width>100</width>
							<align>right</align>
							<font>Panel_Description</font>
							<info>ListItem.Label2</info>
							<textcolor>Accent</textcolor>
						</control>
					</focusedlayout>
				</control>
				<control type="label" id="13">
					<description>Header Label</description>
					<left>20</left>
					<top>588</top>
					<width>320</width>
					<align>left</align>
				</control>
				<control type="scrollbar" id="2100">
					<left>585</left>
					<top>0</top>
					<width>6</width>
					<height>315</height>
					<texturesliderbackground></texturesliderbackground>
					<textureslidernib>bar.png</textureslidernib>
					<textureslidernibfocus>scroll_nib.png</textureslidernibfocus>
					<texturesliderbar></texturesliderbar>
					<texturesliderbarfocus></texturesliderbarfocus>
					<showonepage>true</showonepage>
					<orientation>vertical</orientation>
					<animation effect="fade" time="200" tween="square">Visible</animation>
				</control>
			</control>
		</control>
	</controls>
</window>