<?xml version="1.0" encoding="utf-8"?>
<fonts>

    <fontset id="default" idloc="571">
		<font>
            <name>Clock</name>
            <filename>MC360.ttf</filename>
            <aspect>0.8</aspect>
            <style>bold uppercase</style>
            <size>60</size>
        </font>
		<font>
            <name>Clock_Footer</name>
            <filename>MC360.ttf</filename>
            <aspect>0.8</aspect>
            <style>bold uppercase</style>
            <size>24</size>
        </font>
		<font>
            <name>Panel_Hint</name>
            <filename>MC360.ttf</filename>
            <aspect>0.8</aspect>
            <style>bold uppercase</style>
            <size>24</size>
        </font>
		<font>
            <name>Panel_Button_Title</name>
            <filename>MC360.ttf</filename>
            <aspect>0.8</aspect>
            <style>bold uppercase</style>
            <size>22</size>
        </font>
		<font>
            <name>Panel_Title</name>
            <filename>MC360.ttf</filename>
            <aspect>0.7</aspect>
            <style>bold uppercase</style>
            <size>56</size>
        </font>
		<font>
            <name>Panel_Title2</name>
            <filename>MC360.ttf</filename>
            <aspect>0.7</aspect>
            <style>bold uppercase</style>
            <size>40</size>
        </font>
		<font>
            <name>Panel_Title_Footer</name>
            <filename>MC360.ttf</filename>
            <aspect>0.8</aspect>
			<style>bold uppercase</style>
            <size>26</size>
        </font>
		<font>
            <name>Panel_Description_Title</name>
            <filename>MC360.ttf</filename>
			<style>bold uppercase</style>
            <aspect>0.8</aspect>
			<linespacing>1.0</linespacing>
            <size>32</size>
        </font>
		<font>
            <name>Panel_Description</name>
            <filename>MC360.ttf</filename>
            <aspect>1</aspect>
            <size>22</size>
		</font>
		<font>
            <name>Panel_Info</name>
            <linespacing>0.7</linespacing>
            <filename>MC360.ttf</filename>
            <size>22</size>
        </font>
		<font>
            <name>Panel_Description_Footer</name>
            <filename>MC360.ttf</filename>
            <aspect>0.8</aspect>
			<style>bold uppercase</style>
            <size>22</size>
        </font>
		<font>
            <name>Panel_Description_Header</name>
            <filename>MC360.ttf</filename>
            <aspect>0.8</aspect>
			<style>bold uppercase</style>
            <size>22</size>
        </font>
		<font>
            <name>List_Right_Menu</name>
            <linespacing>0.7</linespacing>
            <filename>MC360.ttf</filename>
            <size>22</size>
        </font>
		<font>
            <name>List_Left_Menu</name>
            <linespacing>0.7</linespacing>
            <filename>MC360.ttf</filename>
            <size>22</size>
        </font>
		<font>
			<name>List_Hint</name>
            <filename>MC360.ttf</filename>
            <aspect>0.8</aspect>
			<style>bold uppercase</style>
            <size>20</size>
        </font>
		<font>
			<name>Panel_ItemChooser</name>
            <filename>MC360.ttf</filename>
            <aspect>0.8</aspect>
			<style>bold uppercase</style>
            <size>14</size>
        </font>
		<font>
		 <name>Panel_Scroll_Label</name>
            <filename>MC360.ttf</filename>
            <aspect>0.8</aspect>
			<size>20</size>
        </font>
		<font>
			<name>List_Unfocused</name>
            <filename>MC360.ttf</filename>
            <aspect>0.8</aspect>
            <size>24</size>
        </font>
		<font>
			<name>List_Focused</name>
            <filename>MC360.ttf</filename>
            <aspect>0.8</aspect>
			<style>bold</style>
            <size>24</size>
        </font>
		<font>
			<name>List_Settings</name>
            <filename>MC360.ttf</filename>
            <aspect>0.8</aspect>
			<size>24</size>
        </font>
		<font>
			<name>List_Settings_Title</name>
            <filename>MC360.ttf</filename>
            <aspect>0.8</aspect>
			<size>24</size>
			<style>bold uppercase</style>
        </font>
		<font>
			<name>List_PVR</name>
            <filename>MC360.ttf</filename>
            <aspect>0.8</aspect>
			<size>24</size>
        </font>
		<font>
            <name>Music_Vis_Title</name>
            <filename>MC360.ttf</filename>
            <aspect>0.67</aspect>
            <style>bold uppercase</style>
            <size>65</size>
        </font>
		<font>
            <name>Music_Vis_Title2</name>
            <filename>MC360.ttf</filename>
            <aspect>0.67</aspect>
            <style>bold uppercase</style>
            <size>50</size>
        </font>
		<font>
            <name>Music_Vis_Title3</name>
            <filename>MC360.ttf</filename>
            <aspect>0.67</aspect>
            <style>bold uppercase</style>
            <size>45</size>
        </font>
		<font>
            <name>Music_Vis_Title4</name>
            <filename>MC360.ttf</filename>
            <aspect>0.67</aspect>
            <style>bold uppercase</style>
            <size>35</size>
        </font>
		<font>
            <name>SeekBarState</name>
            <filename>MC360.ttf</filename>
            <aspect>0.67</aspect>
            <style>bold uppercase</style>
            <size>200</size>
        </font>
		<font>
            <name>UserLogin</name>
            <filename>MC360.ttf</filename>
			<style>uppercase</style>
            <aspect>0.67</aspect>
            <size>140</size>
        </font>
		<font>
            <name>UserLoginSubtitle</name>
            <filename>MC360.ttf</filename>
            <aspect>0.67</aspect>
            <size>50</size>
        </font>
		<font>
            <name>ScrollText</name>
            <filename>MC360.ttf</filename>
            <aspect>0.67</aspect>
            <size>350</size>
        </font>
		<font>
            <name>ScrollText1</name>
            <filename>MC360.ttf</filename>
            <aspect>0.67</aspect>
            <size>240</size>
        </font>
		<font>
            <name>ScrollText2</name>
            <filename>MC360.ttf</filename>
            <aspect>0.67</aspect>
            <size>120</size>
        </font>
		<font>
            <name>ScrollText3</name>
            <filename>MC360.ttf</filename>
            <aspect>0.67</aspect>
            <size>60</size>
        </font>
		<font>
            <name>WeatherDay</name>
            <filename>MC360.ttf</filename>
            <aspect>0.67</aspect>
			<style>bold uppercase</style>
            <size>30</size>
        </font>
		<font>
            <name>WeatherExtrema</name>
            <filename>MC360.ttf</filename>
            <aspect>0.8</aspect>
			<style>bold uppercase</style>
            <size>20</size>
        </font>
		<font>
            <name>WeatherOutlook</name>
            <filename>MC360.ttf</filename>
            <aspect>0.7</aspect>
			<style>bold</style>
			<size>20</size>
			<linespacing>0.65</linespacing>
        </font>
		<font>
            <name>WeatherCurrentTemperature</name>
            <filename>MC360.ttf</filename>
            <aspect>0.8</aspect>
			<style>bold</style>
			<size>60</size>
        </font>
		<font>
            <name>WeatherInfo</name>
            <filename>MC360.ttf</filename>
            <aspect>0.67</aspect>
			<style>bold uppercase</style>
            <size>20</size>
        </font>
		<font>
            <name>Left_Menu_Title</name>
            <filename>MC360.ttf</filename>
			<style>bold uppercase</style>
            <aspect>0.8</aspect>
			<linespacing>1.0</linespacing>
            <size>32</size>
        </font>
		<font>
            <name>Small</name>
            <filename>GeosansLight.ttf</filename>
            <size>20</size>
        </font>
        <!-- Required for system -->
        <font>
            <name>font13</name>
            <filename>MC360.ttf</filename>
            <size>20</size>
        </font>
        <font>
            <name>Large_Letter_Music</name>
            <filename>GeosansLight.ttf</filename>
            <size>220</size>
        </font>
		<font>
            <name>ScreensaverClock</name>
           <filename>MC360.ttf</filename>
           <aspect>0.8</aspect>
           <size>100</size>
       </font>
       <font>
           <name>NUnextup</name>
           <filename>MC360.ttf</filename>
           <aspect>0.8</aspect>
       	<style>bold</style>
           <size>46</size>
       </font>
       <font>
           <name>NUtitle</name>
           <filename>MC360.ttf</filename>
           <aspect>0.8</aspect>
       	<style>bold</style>
           <size>34</size>
       </font>
       <font>
           <name>NUseasonepisode</name>
           <filename>MC360.ttf</filename>
           <aspect>0.8</aspect>
           <size>27</size>
       </font>
       <font>
           <name>NUplot</name>
           <filename>MC360.ttf</filename>
           <aspect>0.8</aspect>
           <size>22</size>
       </font>
       <font>
           <name>NUcountdown</name>
           <filename>MC360.ttf</filename>
           <aspect>0.8</aspect>
           <style>bold</style>
           <size>80</size>
       </font>        
       <font>
           <name>NUplaycancel</name>
           <filename>MC360.ttf</filename>
           <aspect>0.8</aspect>
           <style>bold</style>
           <size>28</size>
       </font>	   
    </fontset>
	<fontset id="lowercase" idloc="31029">
		<font>
            <name>Clock</name>
            <filename>MC360.ttf</filename>
            <aspect>0.8</aspect>
            <style>bold</style>
            <size>60</size>
        </font>
		<font>
            <name>Clock_Footer</name>
            <filename>MC360.ttf</filename>
            <aspect>0.8</aspect>
            <style>bold</style>
            <size>24</size>
        </font>
		<font>
            <name>Panel_Hint</name>
            <filename>MC360.ttf</filename>
            <aspect>0.8</aspect>
            <style>bold</style>
            <size>24</size>
        </font>
		<font>
            <name>Panel_Button_Title</name>
            <filename>MC360.ttf</filename>
            <aspect>0.8</aspect>
            <style>bold</style>
            <size>22</size>
        </font>
		<font>
            <name>Panel_Title</name>
            <filename>MC360.ttf</filename>
            <aspect>0.7</aspect>
            <style>bold</style>
            <size>56</size>
        </font>
		<font>
            <name>Panel_Title2</name>
            <filename>MC360.ttf</filename>
            <aspect>0.7</aspect>
            <style>bold</style>
            <size>40</size>
        </font>
		<font>
            <name>Panel_Title_Footer</name>
            <filename>MC360.ttf</filename>
            <aspect>0.8</aspect>
			<style>bold</style>
            <size>26</size>
        </font>
		<font>
            <name>Panel_Description_Title</name>
            <filename>MC360.ttf</filename>
			<style>bold</style>
            <aspect>0.8</aspect>
			<linespacing>1.0</linespacing>
            <size>32</size>
        </font>
		<font>
            <name>Panel_Description</name>
            <filename>MC360.ttf</filename>
            <aspect>1</aspect>
            <size>22</size>
		</font>
		<font>
            <name>Panel_Info</name>
            <linespacing>0.7</linespacing>
            <filename>MC360.ttf</filename>
            <size>22</size>
        </font>
		<font>
            <name>Panel_Description_Footer</name>
            <filename>MC360.ttf</filename>
            <aspect>0.8</aspect>
			<style>bold</style>
            <size>22</size>
        </font>
		<font>
            <name>Panel_Description_Header</name>
            <filename>MC360.ttf</filename>
            <aspect>0.8</aspect>
			<style>bold</style>
            <size>22</size>
        </font>
		<font>
            <name>List_Right_Menu</name>
            <linespacing>0.7</linespacing>
            <filename>MC360.ttf</filename>
            <size>22</size>
        </font>
		<font>
            <name>List_Left_Menu</name>
            <linespacing>0.7</linespacing>
            <filename>MC360.ttf</filename>
            <size>22</size>
        </font>
		<font>
			<name>List_Hint</name>
            <filename>MC360.ttf</filename>
            <aspect>0.8</aspect>
			<style>bold</style>
            <size>20</size>
        </font>
		<font>
			<name>Panel_ItemChooser</name>
            <filename>MC360.ttf</filename>
            <aspect>0.8</aspect>
			<style>bold</style>
            <size>14</size>
        </font>
		<font>
		 <name>Panel_Scroll_Label</name>
            <filename>MC360.ttf</filename>
            <aspect>0.8</aspect>
			<size>20</size>
        </font>
		<font>
			<name>List_Unfocused</name>
            <filename>MC360.ttf</filename>
            <aspect>0.8</aspect>
            <size>24</size>
        </font>
		<font>
			<name>List_Focused</name>
            <filename>MC360.ttf</filename>
            <aspect>0.8</aspect>
			<style>bold</style>
            <size>24</size>
        </font>
		<font>
			<name>List_Settings</name>
            <filename>MC360.ttf</filename>
            <aspect>0.8</aspect>
			<size>24</size>
        </font>
		<font>
			<name>List_Settings_Title</name>
            <filename>MC360.ttf</filename>
            <aspect>0.8</aspect>
			<size>24</size>
			<style>bold</style>
        </font>
		<font>
			<name>List_PVR</name>
            <filename>MC360.ttf</filename>
            <aspect>0.8</aspect>
			<size>24</size>
        </font>
		<font>
            <name>Music_Vis_Title</name>
            <filename>MC360.ttf</filename>
            <aspect>0.67</aspect>
            <style>bold</style>
            <size>65</size>
        </font>
		<font>
            <name>Music_Vis_Title2</name>
            <filename>MC360.ttf</filename>
            <aspect>0.67</aspect>
            <style>bold</style>
            <size>50</size>
        </font>
		<font>
            <name>Music_Vis_Title3</name>
            <filename>MC360.ttf</filename>
            <aspect>0.67</aspect>
            <style>bold</style>
            <size>45</size>
        </font>
		<font>
            <name>Music_Vis_Title4</name>
            <filename>MC360.ttf</filename>
            <aspect>0.67</aspect>
            <style>bold</style>
            <size>35</size>
        </font>
		<font>
            <name>SeekBarState</name>
            <filename>MC360.ttf</filename>
            <aspect>0.67</aspect>
            <style>bold</style>
            <size>200</size>
        </font>
		<font>
            <name>UserLogin</name>
            <filename>MC360.ttf</filename>
            <aspect>0.67</aspect>
            <size>140</size>
        </font>
		<font>
            <name>UserLoginSubtitle</name>
            <filename>MC360.ttf</filename>
            <aspect>0.67</aspect>
            <size>50</size>
        </font>
		<font>
            <name>ScrollText</name>
            <filename>MC360.ttf</filename>
            <aspect>0.67</aspect>
            <size>350</size>
        </font>
		<font>
            <name>ScrollText1</name>
            <filename>MC360.ttf</filename>
            <aspect>0.67</aspect>
            <size>240</size>
        </font>
		<font>
            <name>ScrollText2</name>
            <filename>MC360.ttf</filename>
            <aspect>0.67</aspect>
            <size>120</size>
        </font>
		<font>
            <name>ScrollText3</name>
            <filename>MC360.ttf</filename>
            <aspect>0.67</aspect>
            <size>60</size>
        </font>
		<font>
            <name>WeatherDay</name>
            <filename>MC360.ttf</filename>
            <aspect>0.67</aspect>
			<style>bold</style>
            <size>30</size>
        </font>
		<font>
            <name>WeatherExtrema</name>
            <filename>MC360.ttf</filename>
            <aspect>0.8</aspect>
			<style>bold</style>
            <size>20</size>
        </font>
		<font>
            <name>WeatherOutlook</name>
            <filename>MC360.ttf</filename>
            <aspect>0.7</aspect>
			<style>bold</style>
			<size>20</size>
			<linespacing>0.65</linespacing>
        </font>
		<font>
            <name>WeatherCurrentTemperature</name>
            <filename>MC360.ttf</filename>
            <aspect>0.8</aspect>
			<style>bold</style>
			<size>60</size>
        </font>
		<font>
            <name>WeatherInfo</name>
            <filename>MC360.ttf</filename>
            <aspect>0.67</aspect>
			<style>bold</style>
            <size>20</size>
        </font>
		<font>
            <name>Left_Menu_Title</name>
            <filename>MC360.ttf</filename>
			<style>bold</style>
            <aspect>0.8</aspect>
			<linespacing>1.0</linespacing>
            <size>32</size>
        </font>
		<font>
            <name>Small</name>
            <filename>GeosansLight.ttf</filename>
            <size>20</size>
        </font>
        <!-- Required for system -->
        <font>
            <name>font13</name>
            <filename>GeosansLight.ttf</filename>
            <size>20</size>
        </font>
        <font>
            <name>Large_Letter_Music</name>
            <filename>GeosansLight.ttf</filename>
            <size>220</size>
        </font>
    </fontset>
</fonts>