<?xml version="1.0" encoding="utf-8"?>
<window id="1">
    <defaultcontrol always="true">50</defaultcontrol>
	<onload>Skin.Reset(showViewOptions)</onload>
	<onunload>Skin.Reset(showViewOptions)</onunload>	
     
    <views>50,51</views>
    <controls>
        <include>SkinFanart</include>
		<include>BarClock</include>
		<control type="group">
			<include>ViewOptionsAnimation</include>
			<include>View_50_List</include>
			<include>View_51_List</include>
		</control>
        <control type="image">
            <animation type="Conditional" condition="!Skin.HasSetting(showViewOptions)">
                <effect type="fade" time="300" start="100" end="0" />
            </animation>
            <left>0</left>
            <top>0</top>
            <width>1280</width>
            <height>720</height>
            <texture border="2">other_textures/black-back.png</texture>
        </control>
		<!-- This Control shows the background of the left settings menu -->
		<control type="group">
		 	<animation type="Conditional" condition="!Skin.HasSetting(showViewOptions)">
                <effect type="slide" start="0,0" end="-320,0" time="300" easing="inout" tween="cubic" />
            </animation>
			<include>LeftMenuBackground</include>
			<control type="label">
                <description>Menu Title</description>
                <include>LeftMenuTitle</include>
                <label>$LOCALIZE[14018]</label>
            </control>
		</control>
        <control type="grouplist" id="9000">
            <left>20</left>
            <top>70</top>
            <width>280</width>
            <height>500</height>
            <itemgap>0</itemgap>
			<onright>Skin.Reset(showViewOptions)</onright>
            <onright>50</onright>
            <onup></onup>
            <ondown></ondown>
            <orientation>vertical</orientation>
            <animation type="Conditional" condition="!Skin.HasSetting(showViewOptions)">
                <effect type="slide" start="0,0" end="-320,0" time="300" easing="inout" tween="cubic" />
            </animation>
            <control type="button" id="2">
                <description>View</description>
                <width>280</width>
                <align>left</align>
				<font>List_Left_Menu</font>
            </control>
            <control type="button" id="3">
                <description>Sort</description>
                <width>280</width>
                <align>left</align>
				<font>List_Left_Menu</font>
            </control>
            <control type="togglebutton" id="4">
                <description>Ascending</description>
                <width>280</width>
                <align>left</align>
                <label>584</label>
                <altlabel>585</altlabel>
				<font>List_Left_Menu</font>
            </control>
        </control>
		<!-- Close Button for Options Menu	-->
		<control type="button" id="9876">
			<top>-5</top>
			<left>270</left>
			<width>50</width>
			<height>50</height>
			<onclick>Skin.Reset(showViewOptions)</onclick>
			<onclick>right</onclick>
			<onright>50</onright>
			<texturefocus>down_arrow.png</texturefocus>
			<texturenofocus>down_arrow.png</texturenofocus>
			<animation type="Conditional" condition="!Skin.HasSetting(showViewOptions)">
                <effect type="slide" start="0,0" end="-320,0" time="300" easing="inout" tween="cubic" />
            </animation>
			<animation effect="rotate" end="90" center="295,20" time="0" condition="true" reversible="false">Conditional</animation>
			<visible>[System.Platform.IOS | System.Platform.Android | System.getbool(input.enablemouse)]</visible>
		</control>		
	<!-- Open Button for View Options Menu-->
	<control type="group">
		<animation effect="slide" end="-55" time="300">WindowClose</animation>
        <animation effect="slide" start="-55" time="300">WindowOpen</animation>
		<control type="group">
			<top>400</top>		
			<animation effect="slide" start="-55" end="0" time="200" delay="300">Visible</animation>
			<visible>!Skin.HasSetting(showViewOptions) + [System.Platform.IOS | System.Platform.Android | System.getbool(input.enablemouse)]</visible>
			<control type="button" id="6789">
				<left>0</left>
				<width>50</width>
				<height>95</height>
				<onclick>Skin.ToggleSetting(showViewOptions)</onclick>
				<onclick>SetFocus(9000)</onclick>
				<texturefocus></texturefocus>
			</control>
			<control type="image">
				<left>0</left>
				<top>25</top>
				<width>25</width>
				<height>45</height>
				<texture>tile.png</texture>
			</control>
			<control type="image">
				<left>-15</left>
				<top>20</top>
				<width>55</width>
				<height>55</height>
				<texture flipx="true">icons/music.png</texture>
			</control>
		</control>

	</control>	
	
    </controls>
</window>