<?xml version="1.0" encoding="utf-8"?>
<window id="601">
     <defaultcontrol>50</defaultcontrol>
	<onload>Skin.Reset(showViewOptions)</onload>
	<onunload>Skin.Reset(showViewOptions)</onunload>	
     
	<views>50</views>
    <controls>
        <include>SkinFanart</include>
        <include>BarClock</include>
        <control type="group">
            <animation type="TYPE" condition="Window.IsVisible(DialogPVRInfo.xml) | Window.IsVisible(DialogPVRGuideSearch.xml) | Window.IsVisible(DialogPVRGroupManager.xml)" reversible="false">
                <effect type="slide" end="-1500,0" time="200" />
            </animation>
            <animation type="TYPE" condition="!Window.IsVisible(DialogPVRInfo.xml) + !Window.IsVisible(DialogPVRGuideSearch.xml) + !Window.IsVisible(DialogPVRGroupManager.xml)" reversible="false">
                <effect type="slide" start="-1500,0" time="200" />
            </animation>
            <animation type="WindowClose">
                <effect type="fade" time="300" />
                <effect type="slide" end="+1500,0" time="300" />
            </animation>
            <animation type="WindowOpen">
                <effect type="fade" time="300" />
                <effect type="slide" start="+1500,0" time="300" />
            </animation>
			<include>ViewOptionsAnimation</include>

			<control type="label">
                <include>ViewMainTitle</include>
                <label>$LOCALIZE[20007]</label>
		   </control>
            <control type="image">
                <include>PanelCoordinates</include>
                <width>750</width>
                <height>315</height>
                <texture>music_fanart_diffuse.png</texture>
            </control>
            <control type="list" id="50">
                <include>PanelCoordinates</include>
                <width>800</width>
                <height>315</height>
                <onleft>9000</onleft>
				<onleft>Skin.ToggleSetting(showViewOptions)</onleft>
                <onup>50</onup>
                <ondown>50</ondown>
                <viewtype label="535">list</viewtype>
                <pagecontrol>72</pagecontrol>
                <scrolltime>200</scrolltime>
                <itemlayout height="45">
                    <control type="label">
                        <left>10</left>
                        <top>0</top>
                        <width>605</width>
						<font>List_Settings</font>
                        <label>$INFO[ListItem.Label]</label>
                    </control>
                    <control type="label">
                        <left>740</left>
                        <top>0</top>
                        <width>500</width>
                        <align>right</align>
						<font>List_Hint</font>
                        <label>$INFO[ListItem.Date]</label>
                    </control>
                </itemlayout>
                <focusedlayout height="45">
 					<control type="image">
						<width>750</width>
						<height>45</height>
						<texture>button.png</texture>
					</control>
                    <control type="label">
                        <left>10</left>
                        <top>0</top>
                        <width>605</width>
						<font>List_Settings</font>
                        <label>[B]$INFO[ListItem.Label][/B]</label>
                    </control>
                    <control type="label">
                        <left>740</left>
                        <top>0</top>
                        <width>500</width>
                        <align>right</align>
						<font>List_Hint</font>
                        <label>$INFO[ListItem.Date]</label>
                    </control>
                </focusedlayout>
            </control>
			<!-- Recording Description Elements-->
			<control type="group">
                <left>815</left>
                <top>290</top>
				<control type="image">
                    <left>0</left>
                    <top>0</top>
                    <width>435</width>
                    <height>315</height>
                    <texture>music_fanart_diffuse.png</texture>
                    <fadetime>200</fadetime>
                    <aspectratio scalediffuse="false">stretch</aspectratio>
                </control>
				<control type="label">
                    <left>10</left>
                    <top>10</top>
                    <width>415</width>
                    <height>50</height>
					<wrapmultiline>true</wrapmultiline>
					<font>Panel_Description_Title</font>
                    <label>$LOCALIZE[21821]</label>
                </control>
                <control type="textbox">
                    <left>10</left>
                    <top>70</top>
                    <width>415</width>
                    <height>220</height>
                    <align>justify</align>
                    <autoscroll time="3000" delay="6000" repeat="8000"></autoscroll>
                    <font>Panel_Description</font>
                    <label>$INFO[Container(13).ListItem.Plot]</label>
                </control>
				 <control type="textbox">
                    <left>10</left>
                    <top>70</top>
                    <width>415</width>
                    <height>185</height>
                    <align>justify</align>
                    <autoscroll time="3000" delay="6000" repeat="8000"></autoscroll>
                    <font>Panel_Description</font>
                    <label>$LOCALIZE[31003]</label>
					<visible>IsEmpty(Container(13).ListItem.Plot)</visible>
                </control>

            </control>
			<control type="scrollbar" id="72">
                <left>805</left>
                <top>290</top>
                <width>5</width>
                <height>315</height>
                <texturesliderbackground></texturesliderbackground>
                <textureslidernib>bar.png</textureslidernib>
                <textureslidernibfocus>scroll_nib.png</textureslidernibfocus>
                <texturesliderbar></texturesliderbar>
                <texturesliderbarfocus></texturesliderbarfocus>
                <showonepage>true</showonepage>
                <orientation>vertical</orientation>
            </control>
        </control>
  
   		<!--This Control Adds the Left Options Menu -->
		<include>PVRSideMenu</include>
  
  </controls>
</window>