﻿<?xml version="1.0" encoding="UTF-8"?>
<includes>
	<include name="WeatherMainMenu">
		<item id="7">	
			<label fallback="31950">$INFO[Skin.String(WeatherHomeItem.Label)]</label>
			<onclick>Skin.SetString(BackGroundActif,$INFO[Skin.String(WeatherHomeItem.BackGround)])</onclick>
			<icon fallback="DefaultAddonWeather.png">$INFO[Skin.String(WeatherHomeItem.Icon)]</icon>
			<thumb>$INFO[Skin.String(WeatherHomeItem.MultiFanart)]</thumb>
			<property name="Path" fallback="ActivateWindow(Weather)">$INFO[Skin.String(WeatherHomeItem.Path)]</property>
			<property name="Item">Weather</property>
			<property name="BackGround">$INFO[Skin.String(WeatherHomeItem.BackGround)]</property>
			<property name="Disable">$INFO[Skin.String(WeatherHomeItem.Disable)]</property>
			<visible>!Skin.HasSetting(HomeMenuNoWeatherButton) + !IsEmpty(Weather.Plugin) | !IsEmpty(skin.string(WeatherHomeItem.Path))| Window.IsActive(1121)</visible>
			<property name="SubMenu1.Label" fallback="Custom">$INFO[Skin.String(WeatherHomeItem.SubMenu1.Label)]</property>	
			<property name="SubMenu1.Path">$INFO[Skin.String(WeatherHomeItem.SubMenu1.Path)]</property>		
			<property name="SubMenu1.Visible" fallback="Ok">Ok</property>
			<property name="SubMenu1.Disable">$INFO[Skin.String(WeatherHomeItem.SubMenu1.Disable)]</property>
			<property name="SubMenu2.Label" fallback="Custom">$INFO[Skin.String(WeatherHomeItem.SubMenu2.Label)]</property>	
			<property name="SubMenu2.Path">$INFO[Skin.String(WeatherHomeItem.SubMenu2.Path)]</property>
			<property name="SubMenu2.Visible" fallback="Ok">Ok</property>
			<property name="SubMenu2.Disable">$INFO[Skin.String(WeatherHomeItem.SubMenu2.Disable)]</property>
			<property name="SubMenu3.Label" fallback="Custom">$INFO[Skin.String(WeatherHomeItem.SubMenu3.Label)]</property>	
			<property name="SubMenu3.Path">$INFO[Skin.String(WeatherHomeItem.SubMenu3.Path)]</property>
			<property name="SubMenu3.Visible" fallback="Ok">Ok</property>
			<property name="SubMenu3.Disable">$INFO[Skin.String(WeatherHomeItem.SubMenu3.Disable)]</property>
			<property name="SubMenu4.Label" fallback="Custom">$INFO[Skin.String(WeatherHomeItem.SubMenu4.Label)]</property>	
			<property name="SubMenu4.Path">$INFO[Skin.String(WeatherHomeItem.SubMenu4.Path)]</property>
			<property name="SubMenu4.Visible" fallback="Ok">Ok</property>
			<property name="SubMenu4.Disable">$INFO[Skin.String(WeatherHomeItem.SubMenu4.Disable)]</property>
			<property name="SubMenu5.Label" fallback="Custom">$INFO[Skin.String(WeatherHomeItem.SubMenu5.Label)]</property>	
			<property name="SubMenu5.Path">$INFO[Skin.String(WeatherHomeItem.SubMenu5.Path)]</property>
			<property name="SubMenu5.Visible" fallback="Ok">Ok</property>
			<property name="SubMenu5.Disable">$INFO[Skin.String(WeatherHomeItem.SubMenu5.Disable)]</property>
			<property name="SubMenu6.Label" fallback="Custom">$INFO[Skin.String(WeatherHomeItem.SubMenu6.Label)]</property>	
			<property name="SubMenu6.Path">$INFO[Skin.String(WeatherHomeItem.SubMenu6.Path)]</property>				
			<property name="SubMenu6.Visible" fallback="Ok">Ok</property>
			<property name="SubMenu6.Disable">$INFO[Skin.String(WeatherHomeItem.SubMenu6.Disable)]</property>
			<onclick>$INFO[Container(9000).ListItem.Property(Path)]</onclick>
		</item>
	</include>
	<include name="PicturesMainMenu">
		<item id="4">
			<label fallback="31951">$INFO[Skin.String(PicturesHomeItem.Label)]</label>
			<onclick>Skin.SetString(BackGroundActif,$INFO[Skin.String(PicturesHomeItem.BackGround)])</onclick>
			<icon fallback="DefaultPicture.png">$INFO[Skin.String(PicturesHomeItem.Icon)]</icon>
			<thumb>$INFO[Skin.String(PicturesHomeItem.MultiFanart)]</thumb>
			<visible>!Skin.HasSetting(HomeMenuNoPicturesButton)| !IsEmpty(skin.string(PicturesHomeItem.Path)) | Window.IsActive(1121)</visible>
			<property name="Path" fallback="ActivateWindow(Pictures)">$INFO[Skin.String(PicturesHomeItem.Path)]</property>
			<property name="Item">Pictures</property>
			<property name="BackGround">$INFO[Skin.String(PicturesHomeItem.BackGround)]</property>
			<property name="Disable">$INFO[Skin.String(PicturesHomeItem.Disable)]</property>
			<property name="SubMenu1.Label" fallback="24001">$INFO[Skin.String(PicturesHomeItem.SubMenu1.Label)]</property>	
			<property name="SubMenu1.Path" fallback="ActivateWindow(Pictures,Addons,return)">$INFO[Skin.String(PicturesHomeItem.SubMenu1.Path)]</property>
			<property name="SubMenu1.Visible" fallback="Ok">Ok</property>
			<property name="SubMenu1.Disable">$INFO[Skin.String(PicturesHomeItem.SubMenu1.Disable)]</property>
			<property name="SubMenu2.Label" fallback="Custom">$INFO[Skin.String(PicturesHomeItem.SubMenu2.Label)]</property>	
			<property name="SubMenu2.Path">$INFO[Skin.String(PicturesHomeItem.SubMenu2.Path)]</property>
			<property name="SubMenu2.Visible" fallback="Ok">Ok</property>
			<property name="SubMenu2.Disable">$INFO[Skin.String(PicturesHomeItem.SubMenu2.Disable)]</property>
			<property name="SubMenu3.Label" fallback="Custom">$INFO[Skin.String(PicturesHomeItem.SubMenu3.Label)]</property>	
			<property name="SubMenu3.Path">$INFO[Skin.String(PicturesHomeItem.SubMenu3.Path)]</property>
			<property name="SubMenu3.Visible" fallback="Ok">Ok</property>
			<property name="SubMenu3.Disable">$INFO[Skin.String(PicturesHomeItem.SubMenu3.Disable)]</property>
			<property name="SubMenu4.Label" fallback="Custom">$INFO[Skin.String(PicturesHomeItem.SubMenu4.Label)]</property>	
			<property name="SubMenu4.Path">$INFO[Skin.String(PicturesHomeItem.SubMenu4.Path)]</property>
			<property name="SubMenu4.Visible" fallback="Ok">Ok</property>
			<property name="SubMenu4.Disable">$INFO[Skin.String(PicturesHomeItem.SubMenu4.Disable)]</property>
			<property name="SubMenu5.Label" fallback="Custom">$INFO[Skin.String(PicturesHomeItem.SubMenu5.Label)]</property>	
			<property name="SubMenu5.Path">$INFO[Skin.String(PicturesHomeItem.SubMenu5.Path)]</property>
			<property name="SubMenu5.Visible" fallback="Ok">Ok</property>
			<property name="SubMenu5.Disable">$INFO[Skin.String(PicturesHomeItem.SubMenu5.Disable)]</property>
			<property name="SubMenu6.Label" fallback="Custom">$INFO[Skin.String(PicturesHomeItem.SubMenu6.Label)]</property>	
			<property name="SubMenu6.Path">$INFO[Skin.String(PicturesHomeItem.SubMenu6.Path)]</property>				
			<property name="SubMenu6.Visible" fallback="Ok">Ok</property>
			<property name="SubMenu6.Disable">$INFO[Skin.String(PicturesHomeItem.SubMenu6.Disable)]</property>
			<onclick>$INFO[Container(9000).ListItem.Property(Path)]</onclick>	
		</item>	
	</include>
	<include name="RadioMainMenu">
		<item id="13">
			<visible>PVR.HasRadioChannels| !IsEmpty(skin.string(RadioHomeItem.Path)) | Window.IsActive(1121)</visible>
			<label fallback="31960">$INFO[Skin.String(RadioHomeItem.Label)]</label>
			<onclick>Skin.SetString(BackGroundActif,$INFO[Skin.String(RadioHomeItem.BackGround)])</onclick>
			<icon fallback="DefaultPicture.png">$INFO[Skin.String(RadioHomeItem.Icon)]</icon>
			<thumb>$INFO[Skin.String(RadioHomeItem.MultiFanart)]</thumb>
			<property name="Path" fallback="ActivateWindow(RadioChannels)">$INFO[Skin.String(RadioHomeItem.Path)]</property>
			<property name="Item">Radio</property>
			<property name="BackGround">$INFO[Skin.String(RadioHomeItem.BackGround)]</property>
			<property name="Disable">$INFO[Skin.String(RadioHomeItem.Disable)]</property>	
			<property name="SubMenu1.Label" fallback="19019">$INFO[Skin.String(RadioHomeItem.SubMenu1.Label)]</property>	
			<property name="SubMenu1.Path" fallback="ActivateWindow(RadioChannels">$INFO[Skin.String(RadioHomeItem.SubMenu1.Path)]</property>
			<property name="SubMenu1.Visible" fallback="Ok">Ok</property>
			<property name="SubMenu1.Disable">$INFO[Skin.String(RadioHomeItem.SubMenu1.Disable)]</property>
			<property name="SubMenu2.Label" fallback="22020">$INFO[Skin.String(RadioHomeItem.SubMenu2.Label)]</property>	
			<property name="SubMenu2.Path" fallback="ActivateWindow(RadioGuide)">$INFO[Skin.String(RadioHomeItem.SubMenu2.Path)]</property>
			<property name="SubMenu2.Visible" fallback="Ok">Ok</property>
			<property name="SubMenu2.Disable">$INFO[Skin.String(RadioHomeItem.SubMenu2.Disable)]</property>
			<property name="SubMenu3.Label" fallback="19163">$INFO[Skin.String(RadioHomeItem.SubMenu3.Label)]</property>	
			<property name="SubMenu3.Path" fallback="ActivateWindow(RadioRecordings)">$INFO[Skin.String(RadioHomeItem.SubMenu3.Path)]</property>
			<property name="SubMenu3.Visible" fallback="Ok">Ok</property>
			<property name="SubMenu3.Disable">$INFO[Skin.String(RadioHomeItem.SubMenu3.Disable)]</property>
			<property name="SubMenu4.Label" fallback="19040">$INFO[Skin.String(RadioHomeItem.SubMenu4.Label)]</property>	
			<property name="SubMenu4.Path" fallback="ActivateWindow(RadioTimers)">$INFO[Skin.String(RadioHomeItem.SubMenu4.Path)]</property>
			<property name="SubMenu4.Visible" fallback="Ok">Ok</property>
			<property name="SubMenu4.Disable">$INFO[Skin.String(RadioHomeItem.SubMenu4.Disable)]</property>
			<property name="SubMenu5.Label" fallback="Custom">$INFO[Skin.String(RadioHomeItem.SubMenu5.Label)]</property>	
			<property name="SubMenu5.Path">$INFO[Skin.String(RadioHomeItem.SubMenu5.Path)]</property>
			<property name="SubMenu5.Visible" fallback="Ok">Ok</property>
			<property name="SubMenu5.Disable">$INFO[Skin.String(RadioHomeItem.SubMenu5.Disable)]</property>
			<property name="SubMenu6.Label" fallback="Custom">$INFO[Skin.String(RadioHomeItem.SubMenu6.Label)]</property>	
			<property name="SubMenu6.Path">$INFO[Skin.String(RadioHomeItem.SubMenu6.Path)]</property>				
			<property name="SubMenu6.Visible" fallback="Ok">Ok</property>
			<property name="SubMenu6.Disable">$INFO[Skin.String(RadioHomeItem.SubMenu6.Disable)]</property>
			<onclick>$INFO[Container(9000).ListItem.Property(Path)]</onclick>			
		</item>
	</include>	
	<include name="TVMainMenu">
		<item id="12">
			<visible>PVR.HasTVChannels | !IsEmpty(skin.string(LiveTVHomeItem.Path)) | Window.IsActive(1121)</visible>
			<label fallback="31952">$INFO[Skin.String(LiveTVHomeItem.Label)]</label>
			<onclick>Skin.SetString(BackGroundActif,$INFO[Skin.String(LiveTVHomeItem.BackGround)])</onclick>
			<icon fallback="DefaultAddonPVRClient.png">$INFO[Skin.String(LiveTVHomeItem.Icon)]</icon>
			<thumb>$INFO[Skin.String(LiveTVHomeItem.MultiFanart)]</thumb>
			<property name="Path" fallback="ActivateWindow(TVChannels)">$INFO[Skin.String(LiveTVHomeItem.Path)]</property>
			<property name="Item">LiveTV</property>
			<property name="BackGround">$INFO[Skin.String(LiveTVHomeItem.BackGround)]</property>
			<property name="Disable">$INFO[Skin.String(LiveTVHomeItem.Disable)]</property>
			<property name="SubMenu1.Label" fallback="19019">$INFO[Skin.String(LiveTVHomeItem.SubMenu1.Label)]</property>	
			<property name="SubMenu1.Path" fallback="ActivateWindow(TVChannels)">$INFO[Skin.String(LiveTVHomeItem.SubMenu1.Path)]</property>
			<property name="SubMenu1.Visible" fallback="Ok">Ok</property>
			<property name="SubMenu1.Disable">$INFO[Skin.String(LiveTVHomeItem.SubMenu1.Disable)]</property>
			<property name="SubMenu2.Label" fallback="22020">$INFO[Skin.String(LiveTVHomeItem.SubMenu2.Label)]</property>	
			<property name="SubMenu2.Path" fallback="ActivateWindow(TVGuide)">$INFO[Skin.String(LiveTVHomeItem.SubMenu2.Path)]</property>
			<property name="SubMenu2.Visible" fallback="Ok">Ok</property>
			<property name="SubMenu2.Disable">$INFO[Skin.String(LiveTVHomeItem.SubMenu2.Disable)]</property>
			<property name="SubMenu3.Label" fallback="19163">$INFO[Skin.String(LiveTVHomeItem.SubMenu3.Label)]</property>	
			<property name="SubMenu3.Path" fallback="ActivateWindow(TVRecordings)">$INFO[Skin.String(LiveTVHomeItem.SubMenu3.Path)]</property>
			<property name="SubMenu3.Visible" fallback="Ok">Ok</property>
			<property name="SubMenu3.Disable">$INFO[Skin.String(LiveTVHomeItem.SubMenu3.Disable)]</property>
			<property name="SubMenu4.Label" fallback="19040">$INFO[Skin.String(LiveTVHomeItem.SubMenu4.Label)]</property>	
			<property name="SubMenu4.Path" fallback="ActivateWindow(TVTimers)">$INFO[Skin.String(LiveTVHomeItem.SubMenu4.Path)]</property>
			<property name="SubMenu4.Visible" fallback="Ok">Ok</property>
			<property name="SubMenu4.Disable">$INFO[Skin.String(LiveTVHomeItem.SubMenu4.Disable)]</property>
			<property name="SubMenu5.Label" fallback="137">$INFO[Skin.String(LiveTVHomeItem.SubMenu5.Label)]</property>	
			<property name="SubMenu5.Path" fallback="ActivateWindow(TVSearch)">$INFO[Skin.String(LiveTVHomeItem.SubMenu5.Path)]</property>
			<property name="SubMenu5.Visible" fallback="Ok">Ok</property>
			<property name="SubMenu5.Disable">$INFO[Skin.String(LiveTVHomeItem.SubMenu5.Disable)]</property>
			<property name="SubMenu6.Label" fallback="Custom">$INFO[Skin.String(LiveTVHomeItem.SubMenu6.Label)]</property>	
			<property name="SubMenu6.Path">$INFO[Skin.String(LiveTVHomeItem.SubMenu6.Path)]</property>				
			<property name="SubMenu6.Visible" fallback="Ok">Ok</property>
			<property name="SubMenu6.Disable">$INFO[Skin.String(LiveTVHomeItem.SubMenu6.Disable)]</property>
			<onclick>$INFO[Container(9000).ListItem.Property(Path)]</onclick>
		</item>		
	</include>	
	<include name="VideosMainMenu">
		<item id="2">
			<visible>!Skin.HasSetting(HomeMenuNoVideosButton)| !IsEmpty(skin.string(LiveTVHomeItem.Path)) | Window.IsActive(1121)</visible>
			<label fallback="31953">$INFO[Skin.String(VideosHomeItem.Label)]</label>
			<onclick>Skin.SetString(BackGroundActif,$INFO[Skin.String(VideosHomeItem.BackGround)])</onclick>
			<icon fallback="DefaultVideo.png">$INFO[Skin.String(VideosHomeItem.Icon)]</icon>
			<thumb>$INFO[Skin.String(VideosHomeItem.MultiFanart)]</thumb>
			<property name="Path" fallback="ActivateWindow(Videos,root)">$INFO[Skin.String(VideosHomeItem.Path)]</property>
			<property name="Item">Videos</property>
			<property name="BackGround">$INFO[Skin.String(VideosHomeItem.BackGround)]</property>
			<property name="Disable">$INFO[Skin.String(VideosHomeItem.Disable)]</property>
			<property name="SubMenu1.Label" fallback="342">$INFO[Skin.String(VideosHomeItem.SubMenu1.Label)]</property>	
			<property name="SubMenu1.Path" fallback="ActivateWindow(Videos,MovieTitles,return)">$INFO[Skin.String(VideosHomeItem.SubMenu1.Path)]</property>
			<property name="SubMenu1.Visible" fallback="Ok">$VAR[HomeSubMenuVideos342]</property>
			<property name="SubMenu1.Disable">$INFO[Skin.String(VideosHomeItem.SubMenu1.Disable)]</property>
			<property name="SubMenu2.Label" fallback="20343">$INFO[Skin.String(VideosHomeItem.SubMenu2.Label)]</property>	
			<property name="SubMenu2.Path" fallback="ActivateWindow(Videos,TvShowTitles,return)">$INFO[Skin.String(VideosHomeItem.SubMenu2.Path)]</property>
			<property name="SubMenu2.Visible" fallback="Ok">$VAR[HomeSubMenuVideos20343]</property>
			<property name="SubMenu2.Disable">$INFO[Skin.String(VideosHomeItem.SubMenu2.Disable)]</property>
			<property name="SubMenu3.Label" fallback="20389">$INFO[Skin.String(VideosHomeItem.SubMenu3.Label)]</property>	
			<property name="SubMenu3.Path" fallback="ActivateWindow(Videos,MusicVideoTitles,return)">$INFO[Skin.String(VideosHomeItem.SubMenu3.Path)]</property>
			<property name="SubMenu3.Visible" fallback="Ok">$VAR[HomeSubMenuVideos20389]</property>
			<property name="SubMenu3.Disable">$INFO[Skin.String(VideosHomeItem.SubMenu3.Disable)]</property>
			<property name="SubMenu4.Label" fallback="744">$INFO[Skin.String(VideosHomeItem.SubMenu4.Label)]</property>	
			<property name="SubMenu4.Path" fallback="ActivateWindow(Videos,Files,return)">$INFO[Skin.String(VideosHomeItem.SubMenu4.Path)]</property>
			<property name="SubMenu4.Visible" fallback="Ok">Ok</property>
			<property name="SubMenu4.Disable">$INFO[Skin.String(VideosHomeItem.SubMenu4.Disable)]</property>
			<property name="SubMenu5.Label" fallback="14022">$INFO[Skin.String(VideosHomeItem.SubMenu5.Label)]</property>	
			<property name="SubMenu5.Path" fallback="ActivateWindow(Videos,Root)">$INFO[Skin.String(VideosHomeItem.SubMenu5.Path)]</property>
			<property name="SubMenu5.Visible" fallback="Ok">$VAR[HomeSubMenuVideos14022]</property>
			<property name="SubMenu5.Disable">$INFO[Skin.String(VideosHomeItem.SubMenu5.Disable)]</property>
			<property name="SubMenu6.Label" fallback="24001">$INFO[Skin.String(VideosHomeItem.SubMenu6.Label)]</property>	
			<property name="SubMenu6.Path" fallback="ActivateWindow(Videos,Addons,return)">$INFO[Skin.String(VideosHomeItem.SubMenu6.Path)]</property>				
			<property name="SubMenu6.Visible" fallback="Ok">Ok</property>
			<property name="SubMenu6.Disable">$INFO[Skin.String(VideosHomeItem.SubMenu6.Disable)]</property>
			<onclick>$INFO[Container(9000).ListItem.Property(Path)]</onclick>
		</item>		
	</include>	
	<include name="MoviesMainMenu">
		<item id="10">
			<visible>!Skin.HasSetting(HomeMenuNoMovieButton) + Library.HasContent(Movies)| !IsEmpty(skin.string(LiveTVHomeItem.Path)) | Window.IsActive(1121)</visible>		
			<label fallback="31954">$INFO[Skin.String(MovieHomeItem.Label)]</label>
			<onclick>Skin.SetString(BackGroundActif,$INFO[Skin.String(MovieHomeItem.BackGround)])</onclick>
			<icon fallback="DefaultMovies.png">$INFO[Skin.String(MovieHomeItem.Icon)]</icon>
			<thumb>$INFO[Skin.String(MovieHomeItem.MultiFanart)]</thumb>
			<property name="Path" fallback="ActivateWindow(Videos,MovieTitles,return)">$INFO[Skin.String(MovieHomeItem.Path)]</property>
			<property name="Item">Movie</property>
			<property name="BackGround">$INFO[Skin.String(MovieHomeItem.BackGround)]</property>
			<property name="Disable">$INFO[Skin.String(MovieHomeItem.Disable)]</property>	
			<property name="SubMenu1.Label" fallback="31328">$INFO[Skin.String(MovieHomeItem.SubMenu1.Label)]</property>	
			<property name="SubMenu1.Path" fallback="ActivateWindow(Videos,RecentlyAddedMovies,return)">$INFO[Skin.String(MovieHomeItem.SubMenu1.Path)]</property>
			<property name="SubMenu1.Visible" fallback="Ok">Ok</property>
			<property name="SubMenu1.Disable">$INFO[Skin.String(MovieHomeItem.SubMenu1.Disable)]</property>
			<property name="SubMenu2.Label" fallback="20434">$INFO[Skin.String(MovieHomeItem.SubMenu2.Label)]</property>	
			<property name="SubMenu2.Path" fallback="ActivateWindow(Videos,MovieSets,return)">$INFO[Skin.String(MovieHomeItem.SubMenu2.Path)]</property>
			<property name="SubMenu2.Visible" fallback="Ok">$VAR[HomeSubMenuMovies20434]</property>
			<property name="SubMenu2.Disable">$INFO[Skin.String(MovieHomeItem.SubMenu2.Disable)]</property>
			<property name="SubMenu3.Label" fallback="369">$INFO[Skin.String(MovieHomeItem.SubMenu3.Label)]</property>	
			<property name="SubMenu3.Path" fallback="ActivateWindow(Videos,MovieTitles,return)">$INFO[Skin.String(MovieHomeItem.SubMenu3.Path)]</property>
			<property name="SubMenu3.Visible" fallback="Ok">Ok</property>
			<property name="SubMenu3.Disable">$INFO[Skin.String(MovieHomeItem.SubMenu3.Disable)]</property>
			<property name="SubMenu4.Label" fallback="135">$INFO[Skin.String(MovieHomeItem.SubMenu4.Label)]</property>	
			<property name="SubMenu4.Path" fallback="ActivateWindow(Videos,MovieGenres,return)">$INFO[Skin.String(MovieHomeItem.SubMenu4.Path)]</property>
			<property name="SubMenu4.Visible" fallback="Ok">Ok</property>
			<property name="SubMenu4.Disable">$INFO[Skin.String(MovieHomeItem.SubMenu4.Disable)]</property>
			<property name="SubMenu5.Label" fallback="652">$INFO[Skin.String(MovieHomeItem.SubMenu5.Label)]</property>	
			<property name="SubMenu5.Path" fallback="ActivateWindow(Videos,MovieYears,return)">$INFO[Skin.String(MovieHomeItem.SubMenu5.Path)]</property>
			<property name="SubMenu5.Visible" fallback="Ok">Ok</property>
			<property name="SubMenu5.Disable">$INFO[Skin.String(MovieHomeItem.SubMenu5.Disable)]</property>
			<property name="SubMenu6.Label" fallback="344">$INFO[Skin.String(MovieHomeItem.SubMenu6.Label)]</property>	
			<property name="SubMenu6.Path" fallback="ActivateWindow(Videos,MovieActors,return)">$INFO[Skin.String(MovieHomeItem.SubMenu6.Path)]</property>			
			<property name="SubMenu6.Visible" fallback="Ok">Ok</property>
			<property name="SubMenu6.Disable">$INFO[Skin.String(MovieHomeItem.SubMenu6.Disable)]</property>
			<onclick>$INFO[Container(9000).ListItem.Property(Path)]</onclick>
		</item>	
	</include>	
	<include name="TVShowsMainMenu">
		<item id="11">
			<visible>!Skin.HasSetting(HomeMenuNoTVShowButton) + Library.HasContent(TVShows)| !IsEmpty(skin.string(LiveTVHomeItem.Path)) | Window.IsActive(1121)</visible>		
			<label fallback="31955">$INFO[Skin.String(TVShowHomeItem.Label)]</label>
			<onclick>Skin.SetString(BackGroundActif,$INFO[Skin.String(TVShowHomeItem.BackGround)])</onclick>
			<icon fallback="DefaultTVShows.png">$INFO[Skin.String(TVShowHomeItem.Icon)]</icon>
			<thumb>$INFO[Skin.String(TVShowHomeItem.MultiFanart)]</thumb>
			<property name="Path" fallback="ActivateWindow(Videos,TVShowTitles,return)">$INFO[Skin.String(TVShowHomeItem.Path)]</property>
			<property name="Item">TVShow</property>
			<property name="BackGround">$INFO[Skin.String(TVShowHomeItem.BackGround)]</property>
			<property name="Disable">$INFO[Skin.String(TVShowHomeItem.Disable)]</property>		
			<property name="SubMenu1.Label" fallback="31328">$INFO[Skin.String(TVShowHomeItem.SubMenu1.Label)]</property>	
			<property name="SubMenu1.Path" fallback="ActivateWindow(Videos,RecentlyAddedEpisodes,return)">$INFO[Skin.String(TVShowHomeItem.SubMenu1.Path)]</property>
			<property name="SubMenu1.Visible" fallback="Ok">Ok</property>
			<property name="SubMenu1.Disable">$INFO[Skin.String(TVShowHomeItem.SubMenu1.Disable)]</property>
			<property name="SubMenu2.Label" fallback="369">$INFO[Skin.String(TVShowHomeItem.SubMenu2.Label)]</property>	
			<property name="SubMenu2.Path" fallback="ActivateWindow(Videos,TVShowTitles,return)">$INFO[Skin.String(TVShowHomeItem.SubMenu2.Path)]</property>
			<property name="SubMenu2.Visible" fallback="Ok">Ok</property>
			<property name="SubMenu2.Disable">$INFO[Skin.String(TVShowHomeItem.SubMenu2.Disable)]</property>
			<property name="SubMenu3.Label" fallback="135">$INFO[Skin.String(TVShowHomeItem.SubMenu3.Label)]</property>	
			<property name="SubMenu3.Path" fallback="ActivateWindow(Videos,TVShowGenres,return)">$INFO[Skin.String(TVShowHomeItem.SubMenu3.Path)]</property>
			<property name="SubMenu3.Visible" fallback="Ok">Ok</property>
			<property name="SubMenu3.Disable">$INFO[Skin.String(TVShowHomeItem.SubMenu3.Disable)]</property>
			<property name="SubMenu4.Label" fallback="652">$INFO[Skin.String(TVShowHomeItem.SubMenu4.Label)]</property>	
			<property name="SubMenu4.Path" fallback="ActivateWindow(Videos,TVShowYears,return)">$INFO[Skin.String(TVShowHomeItem.SubMenu4.Path)]</property>
			<property name="SubMenu4.Visible" fallback="Ok">Ok</property>
			<property name="SubMenu4.Disable">$INFO[Skin.String(TVShowHomeItem.SubMenu4.Disable)]</property>
			<property name="SubMenu5.Label" fallback="344">$INFO[Skin.String(TVShowHomeItem.SubMenu5.Label)]</property>	
			<property name="SubMenu5.Path" fallback="ActivateWindow(Videos,TVShowActors,return)">$INFO[Skin.String(TVShowHomeItem.SubMenu5.Path)]</property>
			<property name="SubMenu5.Visible" fallback="Ok">Ok</property>
			<property name="SubMenu5.Disable">$INFO[Skin.String(TVShowHomeItem.SubMenu5.Disable)]</property>
			<property name="SubMenu6.Label" fallback="CUSTOM">$INFO[Skin.String(TVShowHomeItem.SubMenu6.Label)]</property>	
			<property name="SubMenu6.Path">$INFO[Skin.String(TVShowHomeItem.SubMenu6.Path)]</property>				
			<property name="SubMenu6.Visible" fallback="Ok">Ok</property>
			<property name="SubMenu6.Disable">$INFO[Skin.String(TVShowHomeItem.SubMenu6.Disable)]</property>
			<onclick>$INFO[Container(9000).ListItem.Property(Path)]</onclick>
		</item>	
	</include>	
	<include name="MusicMainMenu">
		<item id="3">
			<visible>!Skin.HasSetting(HomeMenuNoMusicButton)| !IsEmpty(skin.string(LiveTVHomeItem.Path)) | Window.IsActive(1121)</visible>		
			<label fallback="31956">$INFO[Skin.String(MusicHomeItem.Label)]</label>
			<onclick>Skin.SetString(BackGroundActif,$INFO[Skin.String(MusicHomeItem.BackGround)])</onclick>
			<icon fallback="DefaultAddonMusic.png">$INFO[Skin.String(MusicHomeItem.Icon)]</icon>
			<thumb>$INFO[Skin.String(MusicHomeItem.MultiFanart)]</thumb>
			<property name="Path" fallback="ActivateWindow(Music)">$INFO[Skin.String(MusicHomeItem.Path)]</property>
			<property name="Item">Music</property>
			<property name="BackGround">$INFO[Skin.String(MusicHomeItem.BackGround)]</property>
			<property name="Disable">$INFO[Skin.String(MusicHomeItem.Disable)]</property>	
			<property name="SubMenu1.Label" fallback="133">$INFO[Skin.String(MusicHomeItem.SubMenu1.Label)]</property>	
			<property name="SubMenu1.Path" fallback="ActivateWindow(MusicLibrary,Artists,return)">$INFO[Skin.String(MusicHomeItem.SubMenu1.Path)]</property>
			<property name="SubMenu1.Visible" fallback="Ok">$VAR[HomeSubMenuMusic133]</property>
			<property name="SubMenu1.Disable">$INFO[Skin.String(MusicHomeItem.SubMenu1.Disable)]</property>
			<property name="SubMenu2.Label" fallback="132">$INFO[Skin.String(MusicHomeItem.SubMenu2.Label)]</property>	
			<property name="SubMenu2.Path" fallback="ActivateWindow(MusicLibrary,Albums,return)">$INFO[Skin.String(MusicHomeItem.SubMenu2.Path)]</property>
			<property name="SubMenu2.Visible" fallback="Ok">$VAR[HomeSubMenuMusic132]</property>
			<property name="SubMenu2.Disable">$INFO[Skin.String(MusicHomeItem.SubMenu2.Disable)]</property>
			<property name="SubMenu3.Label" fallback="134">$INFO[Skin.String(MusicHomeItem.SubMenu3.Label)]</property>	
			<property name="SubMenu3.Path" fallback="ActivateWindow(MusicLibrary,Songs,return)">$INFO[Skin.String(MusicHomeItem.SubMenu3.Path)]</property>
			<property name="SubMenu3.Visible" fallback="Ok">$VAR[HomeSubMenuMusic134]</property>
			<property name="SubMenu3.Disable">$INFO[Skin.String(MusicHomeItem.SubMenu3.Disable)]</property>
			<property name="SubMenu4.Label" fallback="744">$INFO[Skin.String(MusicHomeItem.SubMenu4.Label)]</property>	
			<property name="SubMenu4.Path" fallback="ActivateWindow(MusicFiles)">$INFO[Skin.String(MusicHomeItem.SubMenu4.Path)]</property>
			<property name="SubMenu4.Visible" fallback="Ok">Ok</property>
			<property name="SubMenu4.Disable">$INFO[Skin.String(MusicHomeItem.SubMenu4.Disable)]</property>
			<property name="SubMenu5.Label" fallback="14022">$INFO[Skin.String(MusicHomeItem.SubMenu5.Label)]</property>	
			<property name="SubMenu5.Path" fallback="ActivateWindow(MusicLibrary,root)">$INFO[Skin.String(MusicHomeItem.SubMenu5.Path)]</property>
			<property name="SubMenu5.Visible" fallback="Ok">$VAR[HomeSubMenuMusic14022]</property>
			<property name="SubMenu5.Disable">$INFO[Skin.String(MusicHomeItem.SubMenu5.Disable)]</property>
			<property name="SubMenu6.Label" fallback="24001">$INFO[Skin.String(MusicHomeItem.SubMenu6.Label)]</property>	
			<property name="SubMenu6.Path" fallback="ActivateWindow(MusicLibrary,Addons,return)">$INFO[Skin.String(MusicHomeItem.SubMenu6.Path)]</property>				
			<property name="SubMenu6.Visible" fallback="Ok">Ok</property>
			<property name="SubMenu6.Disable">$INFO[Skin.String(MusicHomeItem.SubMenu6.Disable)]</property>
			<onclick>$INFO[Container(9000).ListItem.Property(Path)]</onclick>
		</item>
	</include>	
	<include name="ProgramsMainMenu">
		<item id="1">
			<!--
			<onclick condition="!System.Platform.Android">ActivateWindow(Programs,Addons,return)</onclick>
			<onclick condition="System.Platform.Android">ActivateWindow(Programs)</onclick>
			-->
			<visible>!Skin.HasSetting(HomeMenuNoProgramsButton)| !IsEmpty(skin.string(LiveTVHomeItem.Path)) | Window.IsActive(1121)</visible>
			<label fallback="31957">$INFO[Skin.String(ProgramsHomeItem.Label)]</label>
			<onclick>Skin.SetString(BackGroundActif,$INFO[Skin.String(ProgramsHomeItem.BackGround)])</onclick>
			<icon fallback="DefaultProgram.png">$INFO[Skin.String(ProgramsHomeItem.Icon)]</icon>
			<thumb>$INFO[Skin.String(ProgramsHomeItem.MultiFanart)]</thumb>
			<property name="Path" fallback="ActivateWindow(Programs,Addons,return)">$INFO[Skin.String(ProgramsHomeItem.Path)]</property>
			<property name="Item">Programs</property>
			<property name="BackGround">$INFO[Skin.String(ProgramsHomeItem.BackGround)]</property>
			<property name="Disable">$INFO[Skin.String(ProgramsHomeItem.Disable)]</property>	
			<property name="SubMenu1.Label" fallback="Custom">$INFO[Skin.String(ProgramsHomeItem.SubMenu1.Label)]</property>	
			<property name="SubMenu1.Path">$INFO[Skin.String(ProgramsHomeItem.SubMenu1.Path)]</property>
			<property name="SubMenu1.Visible" fallback="Ok">Ok</property>
			<property name="SubMenu1.Disable">$INFO[Skin.String(MusicHomeItem.SubMenu1.Disable)]</property>
			<property name="SubMenu2.Label" fallback="Custom">$INFO[Skin.String(ProgramsHomeItem.SubMenu2.Label)]</property>	
			<property name="SubMenu2.Path">$INFO[Skin.String(ProgramsHomeItem.SubMenu2.Path)]</property>
			<property name="SubMenu2.Visible" fallback="Ok">Ok</property>
			<property name="SubMenu2.Disable">$INFO[Skin.String(MusicHomeItem.SubMenu2.Disable)]</property>
			<property name="SubMenu3.Label" fallback="Custom">$INFO[Skin.String(ProgramsHomeItem.SubMenu3.Label)]</property>	
			<property name="SubMenu3.Path">$INFO[Skin.String(ProgramsHomeItem.SubMenu3.Path)]</property>
			<property name="SubMenu3.Visible" fallback="Ok">Ok</property>
			<property name="SubMenu3.Disable">$INFO[Skin.String(MusicHomeItem.SubMenu3.Disable)]</property>
			<property name="SubMenu4.Label" fallback="Custom">$INFO[Skin.String(ProgramsHomeItem.SubMenu4.Label)]</property>	
			<property name="SubMenu4.Path">$INFO[Skin.String(ProgramsHomeItem.SubMenu4.Path)]</property>
			<property name="SubMenu4.Visible" fallback="Ok">Ok</property>
			<property name="SubMenu4.Disable">$INFO[Skin.String(MusicHomeItem.SubMenu4.Disable)]</property>
			<property name="SubMenu5.Label" fallback="Custom">$INFO[Skin.String(ProgramsHomeItem.SubMenu5.Label)]</property>	
			<property name="SubMenu5.Path">$INFO[Skin.String(ProgramsHomeItem.SubMenu5.Path)]</property>
			<property name="SubMenu5.Visible" fallback="Ok">Ok</property>
			<property name="SubMenu5.Disable">$INFO[Skin.String(MusicHomeItem.SubMenu5.Disable)]</property>
			<property name="SubMenu6.Label" fallback="Custom">$INFO[Skin.String(ProgramsHomeItem.SubMenu6.Label)]</property>	
			<property name="SubMenu6.Path">$INFO[Skin.String(ProgramsHomeItem.SubMenu6.Path)]</property>				
			<property name="SubMenu6.Visible" fallback="Ok">Ok</property>
			<property name="SubMenu6.Disable">$INFO[Skin.String(MusicHomeItem.SubMenu6.Disable)]</property>
			<onclick>$INFO[Container(9000).ListItem.Property(Path)]</onclick>			
		</item>	
	</include>	
	<include name="PlayDiscMainMenu">
		<item id="6">		
			<visible>System.HasMediaDVD| !IsEmpty(skin.string(LiveTVHomeItem.Path)) | Window.IsActive(1121)</visible>
			<label fallback="31958">$INFO[Skin.String(PlayDiscHomeItem.Label)]</label>
			<onclick>Skin.SetString(BackGroundActif,$INFO[Skin.String(PlayDiscHomeItem.BackGround)])</onclick>
			<icon fallback="DefaultProgram.png">$INFO[Skin.String(PlayDiscHomeItem.Icon)]</icon>
			<thumb>$INFO[Skin.String(PlayDiscHomeItem.MultiFanart)]</thumb>
			<property name="Path" fallback="PlayDVD()">$INFO[Skin.String(PlayDiscHomeItem.Path)]</property>
			<property name="Item">PlayDisc</property>
			<property name="BackGround">$INFO[Skin.String(PlayDiscHomeItem.BackGround)]</property>
			<property name="Disable">$INFO[Skin.String(PlayDiscHomeItem.Disable)]</property>
			<property name="SubMenu1.Label" fallback="13391">$INFO[Skin.String(PlayDiscHomeItem.SubMenu1.Label)]</property>	
			<property name="SubMenu1.Path" fallback="EjectTray()">$INFO[Skin.String(PlayDiscHomeItem.SubMenu1.Path)]</property>
			<property name="SubMenu1.Visible" fallback="Ok">Ok</property>
			<property name="SubMenu1.Disable">$INFO[Skin.String(PlayDiscHomeItem.SubMenu1.Disable)]</property>
			<property name="SubMenu2.Label" fallback="Custom">$INFO[Skin.String(PlayDiscHomeItem.SubMenu2.Label)]</property>	
			<property name="SubMenu2.Path">$INFO[Skin.String(PlayDiscHomeItem.SubMenu2.Path)]</property>
			<property name="SubMenu2.Visible" fallback="Ok">Ok</property>
			<property name="SubMenu1.Disable">$INFO[Skin.String(PlayDiscHomeItem.SubMenu2.Disable)]</property>
			<property name="SubMenu3.Label" fallback="Custom">$INFO[Skin.String(PlayDiscHomeItem.SubMenu3.Label)]</property>	
			<property name="SubMenu3.Path">$INFO[Skin.String(PlayDiscHomeItem.SubMenu3.Path)]</property>
			<property name="SubMenu3.Visible" fallback="Ok">Ok</property>
			<property name="SubMenu1.Disable">$INFO[Skin.String(PlayDiscHomeItem.SubMenu3.Disable)]</property>
			<property name="SubMenu4.Label" fallback="Custom">$INFO[Skin.String(PlayDiscHomeItem.SubMenu4.Label)]</property>	
			<property name="SubMenu4.Path">$INFO[Skin.String(PlayDiscHomeItem.SubMenu4.Path)]</property>
			<property name="SubMenu4.Visible" fallback="Ok">Ok</property>
			<property name="SubMenu1.Disable">$INFO[Skin.String(PlayDiscHomeItem.SubMenu4.Disable)]</property>
			<property name="SubMenu5.Label" fallback="Custom">$INFO[Skin.String(PlayDiscHomeItem.SubMenu5.Label)]</property>	
			<property name="SubMenu5.Path">$INFO[Skin.String(PlayDiscHomeItem.SubMenu5.Path)]</property>
			<property name="SubMenu5.Visible" fallback="Ok">Ok</property>
			<property name="SubMenu1.Disable">$INFO[Skin.String(PlayDiscHomeItem.SubMenu5.Disable)]</property>
			<property name="SubMenu6.Label" fallback="Custom">$INFO[Skin.String(PlayDiscHomeItem.SubMenu6.Label)]</property>	
			<property name="SubMenu6.Path">$INFO[Skin.String(PlayDiscHomeItem.SubMenu6.Path)]</property>				
			<property name="SubMenu6.Visible" fallback="Ok">Ok</property>
			<property name="SubMenu1.Disable">$INFO[Skin.String(PlayDiscHomeItem.SubMenu6.Disable)]</property>
			<onclick>$INFO[Container(9000).ListItem.Property(Path)]</onclick>
		</item>
	</include>	
	<include name="SettingsMainMenu">
		<item id="5">		
			<label fallback="31959">$INFO[Skin.String(SettingsHomeItem.Label)]</label>
			<onclick>Skin.SetString(BackGroundActif,$INFO[Skin.String(SettingsHomeItem.BackGround)])</onclick>
			<icon fallback="DefaultAddonService.png">$INFO[Skin.String(SettingsHomeItem.Icon)]</icon>
			<thumb>$INFO[Skin.String(SettingsHomeItem.MultiFanart)]</thumb>
			<property name="Path" fallback="ActivateWindow(Settings)">$INFO[Skin.String(SettingsHomeItem.Path)]</property>
			<property name="Item">Settings</property>
			<property name="BackGround">$INFO[Skin.String(SettingsHomeItem.BackGround)]</property>
			<property name="Disable">$INFO[Skin.String(SettingsHomeItem.Disable)]</property>
			<property name="SubMenu1.Label" fallback="5">$INFO[Skin.String(SettingsHomeItem.SubMenu1.Label)]</property>	
			<property name="SubMenu1.Path" fallback="ActivateWindow(Settings)">$INFO[Skin.String(SettingsHomeItem.SubMenu1.Path)]</property>
			<property name="SubMenu1.Visible" fallback="Ok">Ok</property>
			<property name="SubMenu1.Disable">$INFO[Skin.String(SettingsHomeItem.SubMenu1.Disable)]</property>
			<property name="SubMenu2.Label" fallback="OpenELEC">$INFO[Skin.String(SettingsHomeItem.SubMenu2.Label)]</property>	
			<property name="SubMenu2.Path" fallback="RunAddon(service.openelec.settings)">$INFO[Skin.String(SettingsHomeItem.SubMenu2.Path)]</property>
			<property name="SubMenu2.Visible" fallback="Ok">$VAR[HomeSubMenuOpenELEC]</property>
			<property name="SubMenu2.Disable">$INFO[Skin.String(SettingsHomeItem.SubMenu2.Disable)]</property>
			<property name="SubMenu3.Label" fallback="7">$INFO[Skin.String(SettingsHomeItem.SubMenu3.Label)]</property>	
			<property name="SubMenu3.Path" fallback="ActivateWindow(FileManager)">$INFO[Skin.String(SettingsHomeItem.SubMenu3.Path)]</property>
			<property name="SubMenu3.Visible" fallback="Ok">Ok</property>			
			<property name="SubMenu3.Disable">$INFO[Skin.String(SettingsHomeItem.SubMenu3.Disable)]</property>
			<property name="SubMenu4.Label" fallback="13200">$INFO[Skin.String(SettingsHomeItem.SubMenu4.Label)]</property>	
			<property name="SubMenu4.Path" fallback="ActivateWindow(Profiles)">$INFO[Skin.String(SettingsHomeItem.SubMenu4.Path)]</property>
			<property name="SubMenu4.Visible" fallback="Ok">Ok</property>
			<property name="SubMenu4.Disable">$INFO[Skin.String(SettingsHomeItem.SubMenu4.Disable)]</property>
			<property name="SubMenu5.Label" fallback="130">$INFO[Skin.String(SettingsHomeItem.SubMenu5.Label)]</property>	
			<property name="SubMenu5.Path" fallback="ActivateWindow(SystemInfo)">$INFO[Skin.String(SettingsHomeItem.SubMenu5.Path)]</property>
			<property name="SubMenu5.Visible" fallback="Ok">Ok</property>
			<property name="SubMenu5.Disable">$INFO[Skin.String(SettingsHomeItem.SubMenu5.Disable)]</property>
			<property name="SubMenu6.Label" fallback="Custom">$INFO[Skin.String(SettingsHomeItem.SubMenu6.Label)]</property>	
			<property name="SubMenu6.Path">$INFO[Skin.String(SettingsHomeItem.SubMenu6.Path)]</property>				
			<property name="SubMenu6.Visible" fallback="Ok">Ok</property>
			<property name="SubMenu6.Disable">$INFO[Skin.String(SettingsHomeItem.SubMenu6.Disable)]</property>
			<onclick>$INFO[Container(9000).ListItem.Property(Path)]</onclick>
		</item>
	</include>	
	<include name="CustomMainMenuItem1">
		<item id="101">
			<label fallback="CUSTOM1">$INFO[Skin.String(Custom1HomeItem.Label)]</label>
			<onclick>Skin.SetString(BackGroundActif,$INFO[Skin.String(Custom1HomeItem.BackGround)])</onclick>
			<icon fallback="special://skin/extras/icons/Customize.png">$INFO[Skin.String(Custom1HomeItem.Icon)]</icon>
			<thumb>$INFO[Skin.String(Custom1HomeItem.MultiFanart)]</thumb>
			<property name="Path">$INFO[Skin.String(Custom1HomeItem.Path)]</property>
			<property name="Item">Custom1</property>
			<property name="BackGround">$INFO[Skin.String(Custom1HomeItem.BackGround)]</property>
			<property name="Disable">$INFO[Skin.String(Custom1HomeItem.Disable)]</property>
			<property name="SubMenu1.Label" fallback="Custom">$INFO[Skin.String(Custom1HomeItem.SubMenu1.Label)]</property>	
			<property name="SubMenu1.Path">$INFO[Skin.String(Custom1HomeItem.SubMenu1.Path)]</property>
			<property name="SubMenu1.Visible" fallback="Ok">Ok</property>	
			<property name="SubMenu1.Disable">$INFO[Skin.String(Custom1HomeItem.SubMenu1.Disable)]</property>
			<property name="SubMenu2.Label" fallback="Custom">$INFO[Skin.String(Custom1HomeItem.SubMenu2.Label)]</property>	
			<property name="SubMenu2.Path">$INFO[Skin.String(Custom1HomeItem.SubMenu2.Path)]</property>
			<property name="SubMenu2.Visible" fallback="Ok">Ok</property>
			<property name="SubMenu2.Disable">$INFO[Skin.String(Custom1HomeItem.SubMenu2.Disable)]</property>
			<property name="SubMenu3.Label" fallback="Custom">$INFO[Skin.String(Custom1HomeItem.SubMenu3.Label)]</property>	
			<property name="SubMenu3.Path">$INFO[Skin.String(Custom1HomeItem.SubMenu3.Path)]</property>
			<property name="SubMenu3.Visible" fallback="Ok">Ok</property>
			<property name="SubMenu3.Disable">$INFO[Skin.String(Custom1HomeItem.SubMenu3.Disable)]</property>
			<property name="SubMenu4.Label" fallback="Custom">$INFO[Skin.String(Custom1HomeItem.SubMenu4.Label)]</property>	
			<property name="SubMenu4.Path">$INFO[Skin.String(Custom1HomeItem.SubMenu4.Path)]</property>
			<property name="SubMenu4.Visible" fallback="Ok">Ok</property>
			<property name="SubMenu4.Disable">$INFO[Skin.String(Custom1HomeItem.SubMenu4.Disable)]</property>
			<property name="SubMenu5.Label" fallback="Custom">$INFO[Skin.String(Custom1HomeItem.SubMenu5.Label)]</property>	
			<property name="SubMenu5.Path">$INFO[Skin.String(Custom1HomeItem.SubMenu5.Path)]</property>
			<property name="SubMenu5.Visible" fallback="Ok">Ok</property>
			<property name="SubMenu5.Disable">$INFO[Skin.String(Custom1HomeItem.SubMenu5.Disable)]</property>
			<property name="SubMenu6.Label" fallback="Custom">$INFO[Skin.String(Custom1HomeItem.SubMenu6.Label)]</property>	
			<property name="SubMenu6.Path">$INFO[Skin.String(Custom1HomeItem.SubMenu6.Path)]</property>				
			<property name="SubMenu6.Visible" fallback="Ok">Ok</property>
			<property name="SubMenu6.Disable">$INFO[Skin.String(Custom1HomeItem.SubMenu6.Disable)]</property>
			<onclick>$INFO[Container(9000).ListItem.Property(Path)]</onclick>
		</item>					
	</include>
	<include name="CustomMainMenuItem2">
		<item id="202">
			<label fallback="Custom2">$INFO[Skin.String(Custom2HomeItem.Label)]</label>
			<onclick>Skin.SetString(BackGroundActif,$INFO[Skin.String(Custom2HomeItem.BackGround)])</onclick>
			<icon fallback="special://skin/extras/icons/Customize.png">$INFO[Skin.String(Custom2HomeItem.Icon)]</icon>
			<thumb>$INFO[Skin.String(Custom2HomeItem.MultiFanart)]</thumb>
			<property name="Path">$INFO[Skin.String(Custom2HomeItem.Path)]</property>
			<property name="Item">Custom2</property>
			<property name="BackGround">$INFO[Skin.String(Custom2HomeItem.BackGround)]</property>
			<property name="Disable">$INFO[Skin.String(Custom2HomeItem.Disable)]</property>
			<property name="SubMenu1.Label" fallback="Custom">$INFO[Skin.String(Custom2HomeItem.SubMenu1.Label)]</property>	
			<property name="SubMenu1.Path">$INFO[Skin.String(Custom2HomeItem.SubMenu1.Path)]</property>
			<property name="SubMenu1.Visible" fallback="Ok">Ok</property>	
			<property name="SubMenu1.Disable">$INFO[Skin.String(Custom2HomeItem.SubMenu1.Disable)]</property>
			<property name="SubMenu2.Label" fallback="Custom">$INFO[Skin.String(Custom2HomeItem.SubMenu2.Label)]</property>	
			<property name="SubMenu2.Path">$INFO[Skin.String(Custom2HomeItem.SubMenu2.Path)]</property>
			<property name="SubMenu2.Visible" fallback="Ok">Ok</property>
			<property name="SubMenu2.Disable">$INFO[Skin.String(Custom2HomeItem.SubMenu2.Disable)]</property>
			<property name="SubMenu3.Label" fallback="Custom">$INFO[Skin.String(Custom2HomeItem.SubMenu3.Label)]</property>	
			<property name="SubMenu3.Path">$INFO[Skin.String(Custom2HomeItem.SubMenu3.Path)]</property>
			<property name="SubMenu3.Visible" fallback="Ok">Ok</property>
			<property name="SubMenu3.Disable">$INFO[Skin.String(Custom2HomeItem.SubMenu3.Disable)]</property>
			<property name="SubMenu4.Label" fallback="Custom">$INFO[Skin.String(Custom2HomeItem.SubMenu4.Label)]</property>	
			<property name="SubMenu4.Path">$INFO[Skin.String(Custom2HomeItem.SubMenu4.Path)]</property>
			<property name="SubMenu4.Visible" fallback="Ok">Ok</property>
			<property name="SubMenu4.Disable">$INFO[Skin.String(Custom2HomeItem.SubMenu4.Disable)]</property>
			<property name="SubMenu5.Label" fallback="Custom">$INFO[Skin.String(Custom2HomeItem.SubMenu5.Label)]</property>	
			<property name="SubMenu5.Path">$INFO[Skin.String(Custom2HomeItem.SubMenu5.Path)]</property>
			<property name="SubMenu5.Visible" fallback="Ok">Ok</property>
			<property name="SubMenu5.Disable">$INFO[Skin.String(Custom2HomeItem.SubMenu5.Disable)]</property>
			<property name="SubMenu6.Label" fallback="Custom">$INFO[Skin.String(Custom2HomeItem.SubMenu6.Label)]</property>	
			<property name="SubMenu6.Path">$INFO[Skin.String(Custom2HomeItem.SubMenu6.Path)]</property>				
			<property name="SubMenu6.Visible" fallback="Ok">Ok</property>
			<property name="SubMenu6.Disable">$INFO[Skin.String(Custom2HomeItem.SubMenu6.Disable)]</property>
			<onclick>$INFO[Container(9000).ListItem.Property(Path)]</onclick>
		</item>
	</include>
	<include name="CustomMainMenuItem3">
		<item id="303">
			<label fallback="Custom3">$INFO[Skin.String(Custom3HomeItem.Label)]</label>
			<onclick>Skin.SetString(BackGroundActif,$INFO[Skin.String(Custom3HomeItem.BackGround)])</onclick>
			<icon fallback="special://skin/extras/icons/Customize.png">$INFO[Skin.String(Custom3HomeItem.Icon)]</icon>
			<thumb>$INFO[Skin.String(Custom3HomeItem.MultiFanart)]</thumb>
			<property name="Path">$INFO[Skin.String(Custom3HomeItem.Path)]</property>
			<property name="Item">Custom3</property>
			<property name="BackGround">$INFO[Skin.String(Custom3HomeItem.BackGround)]</property>
			<property name="Disable">$INFO[Skin.String(Custom3HomeItem.Disable)]</property>
			<property name="SubMenu1.Label" fallback="Custom">$INFO[Skin.String(Custom3HomeItem.SubMenu1.Label)]</property>	
			<property name="SubMenu1.Path">$INFO[Skin.String(Custom3HomeItem.SubMenu1.Path)]</property>
			<property name="SubMenu1.Visible" fallback="Ok">Ok</property>	
			<property name="SubMenu1.Disable">$INFO[Skin.String(Custom3HomeItem.SubMenu1.Disable)]</property>
			<property name="SubMenu2.Label" fallback="Custom">$INFO[Skin.String(Custom3HomeItem.SubMenu2.Label)]</property>	
			<property name="SubMenu2.Path">$INFO[Skin.String(Custom3HomeItem.SubMenu2.Path)]</property>
			<property name="SubMenu2.Visible" fallback="Ok">Ok</property>
			<property name="SubMenu2.Disable">$INFO[Skin.String(Custom3HomeItem.SubMenu2.Disable)]</property>
			<property name="SubMenu3.Label" fallback="Custom">$INFO[Skin.String(Custom3HomeItem.SubMenu3.Label)]</property>	
			<property name="SubMenu3.Path">$INFO[Skin.String(Custom3HomeItem.SubMenu3.Path)]</property>
			<property name="SubMenu3.Visible" fallback="Ok">Ok</property>
			<property name="SubMenu3.Disable">$INFO[Skin.String(Custom3HomeItem.SubMenu3.Disable)]</property>
			<property name="SubMenu4.Label" fallback="Custom">$INFO[Skin.String(Custom3HomeItem.SubMenu4.Label)]</property>	
			<property name="SubMenu4.Path">$INFO[Skin.String(Custom3HomeItem.SubMenu4.Path)]</property>
			<property name="SubMenu4.Visible" fallback="Ok">Ok</property>
			<property name="SubMenu4.Disable">$INFO[Skin.String(Custom3HomeItem.SubMenu4.Disable)]</property>
			<property name="SubMenu5.Label" fallback="Custom">$INFO[Skin.String(Custom3HomeItem.SubMenu5.Label)]</property>	
			<property name="SubMenu5.Path">$INFO[Skin.String(Custom3HomeItem.SubMenu5.Path)]</property>
			<property name="SubMenu5.Visible" fallback="Ok">Ok</property>
			<property name="SubMenu5.Disable">$INFO[Skin.String(Custom3HomeItem.SubMenu5.Disable)]</property>
			<property name="SubMenu6.Label" fallback="Custom">$INFO[Skin.String(Custom3HomeItem.SubMenu6.Label)]</property>	
			<property name="SubMenu6.Path">$INFO[Skin.String(Custom3HomeItem.SubMenu6.Path)]</property>				
			<property name="SubMenu6.Visible" fallback="Ok">Ok</property>
			<property name="SubMenu6.Disable">$INFO[Skin.String(Custom3HomeItem.SubMenu6.Disable)]</property>
			<onclick>$INFO[Container(9000).ListItem.Property(Path)]</onclick>
		</item>
	</include>
	<include name="CustomMainMenuItem4">
		<item id="404">
			<label fallback="Custom4">$INFO[Skin.String(Custom4HomeItem.Label)]</label>
			<onclick>Skin.SetString(BackGroundActif,$INFO[Skin.String(Custom4HomeItem.BackGround)])</onclick>
			<icon fallback="special://skin/extras/icons/Customize.png">$INFO[Skin.String(Custom4HomeItem.Icon)]</icon>
			<thumb>$INFO[Skin.String(Custom4HomeItem.MultiFanart)]</thumb>
			<property name="Path">$INFO[Skin.String(Custom4HomeItem.Path)]</property>
			<property name="Item">Custom4</property>
			<property name="BackGround">$INFO[Skin.String(Custom4HomeItem.BackGround)]</property>
			<property name="Disable">$INFO[Skin.String(Custom4HomeItem.Disable)]</property>
			<property name="SubMenu1.Label" fallback="Custom">$INFO[Skin.String(Custom4HomeItem.SubMenu1.Label)]</property>	
			<property name="SubMenu1.Path">$INFO[Skin.String(Custom4HomeItem.SubMenu1.Path)]</property>
			<property name="SubMenu1.Visible" fallback="Ok">Ok</property>	
			<property name="SubMenu1.Disable">$INFO[Skin.String(Custom4HomeItem.SubMenu1.Disable)]</property>
			<property name="SubMenu2.Label" fallback="Custom">$INFO[Skin.String(Custom4HomeItem.SubMenu2.Label)]</property>	
			<property name="SubMenu2.Path">$INFO[Skin.String(Custom4HomeItem.SubMenu2.Path)]</property>
			<property name="SubMenu2.Visible" fallback="Ok">Ok</property>
			<property name="SubMenu2.Disable">$INFO[Skin.String(Custom4HomeItem.SubMenu2.Disable)]</property>
			<property name="SubMenu3.Label" fallback="Custom">$INFO[Skin.String(Custom4HomeItem.SubMenu3.Label)]</property>	
			<property name="SubMenu3.Path">$INFO[Skin.String(Custom4HomeItem.SubMenu3.Path)]</property>
			<property name="SubMenu3.Visible" fallback="Ok">Ok</property>
			<property name="SubMenu3.Disable">$INFO[Skin.String(Custom4HomeItem.SubMenu3.Disable)]</property>
			<property name="SubMenu4.Label" fallback="Custom">$INFO[Skin.String(Custom4HomeItem.SubMenu4.Label)]</property>	
			<property name="SubMenu4.Path">$INFO[Skin.String(Custom4HomeItem.SubMenu4.Path)]</property>
			<property name="SubMenu4.Visible" fallback="Ok">Ok</property>
			<property name="SubMenu4.Disable">$INFO[Skin.String(Custom4HomeItem.SubMenu4.Disable)]</property>
			<property name="SubMenu5.Label" fallback="Custom">$INFO[Skin.String(Custom4HomeItem.SubMenu5.Label)]</property>	
			<property name="SubMenu5.Path">$INFO[Skin.String(Custom4HomeItem.SubMenu5.Path)]</property>
			<property name="SubMenu5.Visible" fallback="Ok">Ok</property>
			<property name="SubMenu5.Disable">$INFO[Skin.String(Custom4HomeItem.SubMenu5.Disable)]</property>
			<property name="SubMenu6.Label" fallback="Custom">$INFO[Skin.String(Custom4HomeItem.SubMenu6.Label)]</property>	
			<property name="SubMenu6.Path">$INFO[Skin.String(Custom4HomeItem.SubMenu6.Path)]</property>				
			<property name="SubMenu6.Visible" fallback="Ok">Ok</property>
			<property name="SubMenu6.Disable">$INFO[Skin.String(Custom4HomeItem.SubMenu6.Disable)]</property>
			<onclick>$INFO[Container(9000).ListItem.Property(Path)]</onclick>
		</item>
	</include>
	<include name="CustomMainMenuItem5">
		<item id="505">
			<label fallback="Custom5">$INFO[Skin.String(Custom5HomeItem.Label)]</label>
			<onclick>Skin.SetString(BackGroundActif,$INFO[Skin.String(Custom5HomeItem.BackGround)])</onclick>
			<icon fallback="special://skin/extras/icons/Customize.png">$INFO[Skin.String(Custom5HomeItem.Icon)]</icon>
			<thumb>$INFO[Skin.String(Custom5HomeItem.MultiFanart)]</thumb>
			<property name="Path">$INFO[Skin.String(Custom5HomeItem.Path)]</property>
			<property name="Item">Custom5</property>
			<property name="BackGround">$INFO[Skin.String(Custom5HomeItem.BackGround)]</property>
			<property name="Disable">$INFO[Skin.String(Custom5HomeItem.Disable)]</property>
			<property name="SubMenu1.Label" fallback="Custom">$INFO[Skin.String(Custom5HomeItem.SubMenu1.Label)]</property>	
			<property name="SubMenu1.Path">$INFO[Skin.String(Custom5HomeItem.SubMenu1.Path)]</property>
			<property name="SubMenu1.Visible" fallback="Ok">Ok</property>	
			<property name="SubMenu1.Disable">$INFO[Skin.String(Custom5HomeItem.SubMenu1.Disable)]</property>
			<property name="SubMenu2.Label" fallback="Custom">$INFO[Skin.String(Custom5HomeItem.SubMenu2.Label)]</property>	
			<property name="SubMenu2.Path">$INFO[Skin.String(Custom5HomeItem.SubMenu2.Path)]</property>
			<property name="SubMenu2.Visible" fallback="Ok">Ok</property>
			<property name="SubMenu2.Disable">$INFO[Skin.String(Custom5HomeItem.SubMenu2.Disable)]</property>
			<property name="SubMenu3.Label" fallback="Custom">$INFO[Skin.String(Custom5HomeItem.SubMenu3.Label)]</property>	
			<property name="SubMenu3.Path">$INFO[Skin.String(Custom5HomeItem.SubMenu3.Path)]</property>
			<property name="SubMenu3.Visible" fallback="Ok">Ok</property>
			<property name="SubMenu3.Disable">$INFO[Skin.String(Custom5HomeItem.SubMenu3.Disable)]</property>
			<property name="SubMenu4.Label" fallback="Custom">$INFO[Skin.String(Custom5HomeItem.SubMenu4.Label)]</property>	
			<property name="SubMenu4.Path">$INFO[Skin.String(Custom5HomeItem.SubMenu4.Path)]</property>
			<property name="SubMenu4.Visible" fallback="Ok">Ok</property>
			<property name="SubMenu4.Disable">$INFO[Skin.String(Custom5HomeItem.SubMenu4.Disable)]</property>
			<property name="SubMenu5.Label" fallback="Custom">$INFO[Skin.String(Custom5HomeItem.SubMenu5.Label)]</property>	
			<property name="SubMenu5.Path">$INFO[Skin.String(Custom5HomeItem.SubMenu5.Path)]</property>
			<property name="SubMenu5.Visible" fallback="Ok">Ok</property>
			<property name="SubMenu5.Disable">$INFO[Skin.String(Custom5HomeItem.SubMenu5.Disable)]</property>
			<property name="SubMenu6.Label" fallback="Custom">$INFO[Skin.String(Custom5HomeItem.SubMenu6.Label)]</property>	
			<property name="SubMenu6.Path">$INFO[Skin.String(Custom5HomeItem.SubMenu6.Path)]</property>				
			<property name="SubMenu6.Visible" fallback="Ok">Ok</property>
			<property name="SubMenu6.Disable">$INFO[Skin.String(Custom5HomeItem.SubMenu6.Disable)]</property>
			<onclick>$INFO[Container(9000).ListItem.Property(Path)]</onclick>
		</item>
	</include>
	<include name="CustomMainMenuItem6">
		<item id="606">
			<label fallback="Custom6">$INFO[Skin.String(Custom6HomeItem.Label)]</label>
			<onclick>Skin.SetString(BackGroundActif,$INFO[Skin.String(Custom6HomeItem.BackGround)])</onclick>
			<icon fallback="special://skin/extras/icons/Customize.png">$INFO[Skin.String(Custom6HomeItem.Icon)]</icon>
			<thumb>$INFO[Skin.String(Custom6HomeItem.MultiFanart)]</thumb>
			<property name="Path">$INFO[Skin.String(Custom6HomeItem.Path)]</property>
			<property name="Item">Custom6</property>
			<property name="BackGround">$INFO[Skin.String(Custom6HomeItem.BackGround)]</property>
			<property name="Disable">$INFO[Skin.String(Custom6HomeItem.Disable)]</property>
			<property name="SubMenu1.Label" fallback="Custom">$INFO[Skin.String(Custom6HomeItem.SubMenu1.Label)]</property>	
			<property name="SubMenu1.Path">$INFO[Skin.String(Custom6HomeItem.SubMenu1.Path)]</property>
			<property name="SubMenu1.Visible" fallback="Ok">Ok</property>	
			<property name="SubMenu1.Disable">$INFO[Skin.String(Custom6HomeItem.SubMenu1.Disable)]</property>
			<property name="SubMenu2.Label" fallback="Custom">$INFO[Skin.String(Custom6HomeItem.SubMenu2.Label)]</property>	
			<property name="SubMenu2.Path">$INFO[Skin.String(Custom6HomeItem.SubMenu2.Path)]</property>
			<property name="SubMenu2.Visible" fallback="Ok">Ok</property>
			<property name="SubMenu2.Disable">$INFO[Skin.String(Custom6HomeItem.SubMenu2.Disable)]</property>
			<property name="SubMenu3.Label" fallback="Custom">$INFO[Skin.String(Custom6HomeItem.SubMenu3.Label)]</property>	
			<property name="SubMenu3.Path">$INFO[Skin.String(Custom6HomeItem.SubMenu3.Path)]</property>
			<property name="SubMenu3.Visible" fallback="Ok">Ok</property>
			<property name="SubMenu3.Disable">$INFO[Skin.String(Custom6HomeItem.SubMenu3.Disable)]</property>
			<property name="SubMenu4.Label" fallback="Custom">$INFO[Skin.String(Custom6HomeItem.SubMenu4.Label)]</property>	
			<property name="SubMenu4.Path">$INFO[Skin.String(Custom6HomeItem.SubMenu4.Path)]</property>
			<property name="SubMenu4.Visible" fallback="Ok">Ok</property>
			<property name="SubMenu4.Disable">$INFO[Skin.String(Custom6HomeItem.SubMenu4.Disable)]</property>
			<property name="SubMenu5.Label" fallback="Custom">$INFO[Skin.String(Custom6HomeItem.SubMenu5.Label)]</property>	
			<property name="SubMenu5.Path">$INFO[Skin.String(Custom6HomeItem.SubMenu5.Path)]</property>
			<property name="SubMenu5.Visible" fallback="Ok">Ok</property>
			<property name="SubMenu5.Disable">$INFO[Skin.String(Custom6HomeItem.SubMenu5.Disable)]</property>
			<property name="SubMenu6.Label" fallback="Custom">$INFO[Skin.String(Custom6HomeItem.SubMenu6.Label)]</property>	
			<property name="SubMenu6.Path">$INFO[Skin.String(Custom6HomeItem.SubMenu6.Path)]</property>				
			<property name="SubMenu6.Visible" fallback="Ok">Ok</property>
			<property name="SubMenu6.Disable">$INFO[Skin.String(Custom6HomeItem.SubMenu6.Disable)]</property>		
			<onclick>$INFO[Container(9000).ListItem.Property(Path)]</onclick>
		</item>
	</include>

	<include name="HomeSubMenu">
		<control type="grouplist" id="9010"> <!-- HomeSubMenuWeather -->
			<include>HomeSubMenuCommonValues</include>
			<onleft>9010</onleft>
			<onright>9010</onright>
			<visible>Container(9000).HasFocus(7)</visible>
			<include>HomeSubMenuWeather</include>
		</control>	
		<control type="grouplist" id="9011"> <!-- HomeSubMenuMusic -->
			<include>HomeSubMenuCommonValues</include>
			<onleft>9011</onleft>
			<onright>9011</onright>
			<visible>Container(9000).HasFocus(3)</visible>
			<include>HomeSubMenuMusic</include>
		</control>	
		<control type="grouplist" id="9012"> <!-- HomeSubMenuSystem -->
			<include>HomeSubMenuCommonValues</include>
			<onleft>9012</onleft>
			<onright>9012</onright>
			<visible>Container(9000).HasFocus(5)</visible>
			<include>HomeSubMenuSystem</include>
		</control>
		<control type="grouplist" id="9013"> <!-- HomeSubMenuPlayDisc -->
			<include>HomeSubMenuCommonValues</include>
			<onleft>9013</onleft>
			<onright>9013</onright>
			<visible>Container(9000).HasFocus(6)</visible>
			<include>HomeSubMenuPlayDisc</include>
		</control>
		<control type="grouplist" id="9014"> <!-- HomeSubMenuTV -->
			<include>HomeSubMenuCommonValues</include>
			<onleft>9014</onleft>
			<onright>9014</onright>
			<visible>Container(9000).HasFocus(12)</visible>
			<include>HomeSubMenuTV</include>
		</control>
		<control type="grouplist" id="9015"> <!-- HomeSubMenuPictures -->
			<include>HomeSubMenuCommonValues</include>
			<onleft>9015</onleft>
			<onright>9015</onright>
			<visible>Container(9000).HasFocus(4)</visible>
			<include>HomeSubMenuPictures</include>
		</control>
		<control type="grouplist" id="9016"> <!-- HomeSubMenuRadio -->
			<include>HomeSubMenuCommonValues</include>
			<onleft>9016</onleft>
			<onright>9016</onright>
			<visible>Container(9000).HasFocus(13)</visible>
			<include>HomeSubMenuRadio</include>
		</control>				
		<control type="grouplist" id="9017"> <!-- HomeSubMenuVideos -->
			<include>HomeSubMenuCommonValues</include>
			<onleft>9017</onleft>
			<onright>9017</onright>
			<visible>Container(9000).HasFocus(2)</visible>
			<include>HomeSubMenuVideos</include>
		</control>
		<control type="grouplist" id="9018"> <!-- HomeSubMenuMovies -->
			<include>HomeSubMenuCommonValues</include>
			<onleft>9018</onleft>
			<onright>9018</onright>
			<visible>Container(9000).HasFocus(10)</visible>
			<include>HomeSubMenuMovies</include>
		</control>
		<control type="grouplist" id="9019"> <!-- HomeSubMenuTVShows -->
			<include>HomeSubMenuCommonValues</include>
			<onleft>9019</onleft>
			<onright>9019</onright>
			<visible>Container(9000).HasFocus(11)</visible>
			<include>HomeSubMenuTVShows</include>
		</control>
<!-- HomeSubMenuPrograms -->
		<control type="grouplist" id="9020"> 
			<include>HomeSubMenuCommonValues</include>
			<onleft>9020</onleft>
			<onright>9020</onright>
			<visible>Container(9000).HasFocus(1)</visible>
			<include>HomeSubMenuPrograms</include> 
		</control>

		<control type="grouplist" id="9021"> <!-- HomeSubMenuCustom1 -->
			<include>HomeSubMenuCommonValues</include>
			<onleft>9021</onleft>
			<onright>9021</onright>
			<visible>Container(9000).HasFocus(101)</visible>
			<include>HomeSubMenuCustom1</include>
		</control>				
		<control type="grouplist" id="9022"> <!-- HomeSubMenuCustom2 -->
			<include>HomeSubMenuCommonValues</include>
			<onleft>9022</onleft>
			<onright>9022</onright>
			<visible>Container(9000).HasFocus(202)</visible>
			<include>HomeSubMenuCustom2</include>
		</control>		
		<control type="grouplist" id="9023"> <!-- HomeSubMenuCustom3 -->
			<include>HomeSubMenuCommonValues</include>
			<onleft>9023</onleft>
			<onright>9023</onright>
			<visible>Container(9000).HasFocus(303)</visible>
			<include>HomeSubMenuCustom3</include>
		</control>		
		<control type="grouplist" id="9024"> <!-- HomeSubMenuCustom4 -->
			<include>HomeSubMenuCommonValues</include>
			<onleft>9024</onleft>
			<onright>9024</onright>
			<visible>Container(9000).HasFocus(404)</visible>
			<include>HomeSubMenuCustom4</include>
		</control>		
		<control type="grouplist" id="9025"> <!-- HomeSubMenuCustom5 -->
			<include>HomeSubMenuCommonValues</include>
			<onleft>9025</onleft>
			<onright>9025</onright>
			<visible>Container(9000).HasFocus(505)</visible>
			<include>HomeSubMenuCustom5</include>
		</control>						
		<control type="grouplist" id="9026"> <!-- HomeSubMenuCustom6 -->
			<include>HomeSubMenuCommonValues</include>
			<onleft>9026</onleft>
			<onright>9026</onright>
			<visible>Container(9000).HasFocus(606)</visible>
			<include>HomeSubMenuCustom6</include>
		</control>				
	</include>
	<include name="HomeSubMenuVideos">
		<include>HomeSubMenuCommon</include>	
	</include>
	<include name="HomeSubMenuMovies">
		<include>HomeSubMenuCommon</include>	
	</include>
	<include name="HomeSubMenuTVShows">
		<include>HomeSubMenuCommon</include>	
	</include>
	<include name="HomeSubMenuMusic">
		<include>HomeSubMenuCommon</include>	
	</include>
	<include name="HomeSubMenuSystem">
		<include>HomeSubMenuCommon</include>	
	</include>
	<include name="HomeSubMenuPlayDisc">
		<include>HomeSubMenuCommon</include>	
	</include>
	<include name="HomeSubMenuPictures">
		<include>HomeSubMenuCommon</include>	
	</include>
	<include name="HomeSubMenuTV">
		<include>HomeSubMenuCommon</include>	
	</include>
	<include name="HomeSubMenuWeather">
		<include>HomeSubMenuCommon</include>	
	</include>	
	<include name="HomeSubMenuRadio">
		<include>HomeSubMenuCommon</include>	
	</include>
	<include name="HomeSubMenuPrograms">
		<include>HomeSubMenuCommon</include>	
	</include>		
	<include name="HomeSubMenuCustom1">
		<include>HomeSubMenuCommon</include>	
	</include>
	<include name="HomeSubMenuCustom2">
		<include>HomeSubMenuCommon</include>	
	</include>
	<include name="HomeSubMenuCustom3">
		<include>HomeSubMenuCommon</include>	
	</include>
	<include name="HomeSubMenuCustom4">
		<include>HomeSubMenuCommon</include>	
	</include>
	<include name="HomeSubMenuCustom5">
		<include>HomeSubMenuCommon</include>
	</include>
	<include name="HomeSubMenuCustom6">
		<include>HomeSubMenuCommon</include>
	</include>


	<include name="HomeSubMenuCommon">
<!--
		<visible>IsEmpty(Container(9000).ListItem.Property(SubMenu1.Disable)) | IsEmpty(Container(9000).ListItem.Property(SubMenu2.Disable)) | IsEmpty(Container(9000).ListItem.Property(SubMenu3.Disable)) | IsEmpty(Container(9000).ListItem.Property(SubMenu4.Disable)) | IsEmpty(Container(9000).ListItem.Property(SubMenu5.Disable)) | IsEmpty(Container(9000).ListItem.Property(SubMenu6.Disable))</visible>
-->
		<visible>!StringCompare(Container(9000).ListItem.Property(SubMenu1.Label),Custom) |	!StringCompare(Container(9000).ListItem.Property(SubMenu2.Label),Custom) | !StringCompare(Container(9000).ListItem.Property(SubMenu3.Label),Custom) | !StringCompare(Container(9000).ListItem.Property(SubMenu4.Label),Custom) | !StringCompare(Container(9000).ListItem.Property(SubMenu5.Label),Custom) | !StringCompare(Container(9000).ListItem.Property(SubMenu6.Label),Custom)</visible>

		<control type="image" id="90210">
			<width>35</width>
			<height>35</height>
			<texture colordiffuse="$INFO[Skin.String(T-HomeSubMenu)]" border="0,0,0,3" flipx="true">HomeSubEnd.png</texture>
		</control>
		<control type="button" id="90211">
			<include>ButtonHomeSubCommonValues</include>
			<label>$INFO[Container(9000).ListItem.Property(SubMenu1.Label)]</label>
			<onclick>$INFO[Container(9000).ListItem.Property(SubMenu1.Path)]</onclick>
			<visible>!StringCompare(Container(9000).ListItem.Property(SubMenu1.Label),Custom) + StringCompare(Container(9000).ListItem.Property(SubMenu1.Visible),Ok) + IsEmpty(Container(9000).ListItem.Property(SubMenu1.Disable))</visible>
		</control>
		<control type="button" id="90212">
			<include>ButtonHomeSubCommonValues</include>
			<label>$INFO[Container(9000).ListItem.Property(SubMenu2.Label)]</label>
			<onclick>$INFO[Container(9000).ListItem.Property(SubMenu2.Path)]</onclick>
			<visible>!StringCompare(Container(9000).ListItem.Property(SubMenu2.Label),Custom) + StringCompare(Container(9000).ListItem.Property(SubMenu2.Visible),Ok) + IsEmpty(Container(9000).ListItem.Property(SubMenu2.Disable))</visible>
		</control>
		<control type="button" id="90213">
			<include>ButtonHomeSubCommonValues</include>
			<label>$INFO[Container(9000).ListItem.Property(SubMenu3.Label)]</label>
			<onclick>$INFO[Container(9000).ListItem.Property(SubMenu3.Path)]</onclick>
			<visible>!StringCompare(Container(9000).ListItem.Property(SubMenu3.Label),Custom) + StringCompare(Container(9000).ListItem.Property(SubMenu3.Visible),Ok) + IsEmpty(Container(9000).ListItem.Property(SubMenu3.Disable))</visible>
		</control>
		<control type="button" id="90214">
			<include>ButtonHomeSubCommonValues</include>
			<label>$INFO[Container(9000).ListItem.Property(SubMenu4.Label)]</label>
			<onclick>$INFO[Container(9000).ListItem.Property(SubMenu4.Path)]</onclick>
			<visible>!StringCompare(Container(9000).ListItem.Property(SubMenu4.Label),Custom) + StringCompare(Container(9000).ListItem.Property(SubMenu4.Visible),Ok) + IsEmpty(Container(9000).ListItem.Property(SubMenu4.Disable))</visible>
		</control>
		<control type="button" id="90215">
			<include>ButtonHomeSubCommonValues</include>
			<label>$INFO[Container(9000).ListItem.Property(SubMenu5.Label)]</label>
			<onclick>$INFO[Container(9000).ListItem.Property(SubMenu5.Path)]</onclick>
			<visible>!StringCompare(Container(9000).ListItem.Property(SubMenu5.Label),Custom) + StringCompare(Container(9000).ListItem.Property(SubMenu5.Visible),Ok) + IsEmpty(Container(9000).ListItem.Property(SubMenu5.Disable))</visible>
		</control>
		<control type="button" id="90216">
			<include>ButtonHomeSubCommonValues</include>
			<label>$INFO[Container(9000).ListItem.Property(SubMenu6.Label)]</label>
			<onclick>$INFO[Container(9000).ListItem.Property(SubMenu6.Path)]</onclick>
			<visible>!StringCompare(Container(9000).ListItem.Property(SubMenu6.Label),Custom) + StringCompare(Container(9000).ListItem.Property(SubMenu6.Visible),Ok) + IsEmpty(Container(9000).ListItem.Property(SubMenu6.Disable))</visible>
		</control>
		<control type="image" id="90217">
			<width>35</width>
			<height>35</height>
			<texture colordiffuse="$INFO[Skin.String(T-HomeSubMenu)]" border="0,0,0,3">HomeSubEnd.png</texture>
		</control>	
	</include>
	
	<include name="SubMenuCust_Enable">
		<description>Enable/Disable Button</description>
		<width>550</width>
		<height>40</height>
		<font>font13</font>
		<label>$LOCALIZE[305]</label>
		<textcolor>grey2</textcolor>
		<focusedcolor>white</focusedcolor>
		<texturefocus>MenuItemFO.png</texturefocus>
		<texturenofocus>MenuItemNF.png</texturenofocus>							
	</include>
	
	<include name="SubMenuCust_Label">
		<description>Edit Label Button</description>
		<label>$LOCALIZE[13334]</label>
		<width>550</width>
		<height>40</height>
		<font>font13</font>
		<align>left</align>
		<textcolor>grey2</textcolor>
		<focusedcolor>white</focusedcolor>
		<texturefocus>MenuItemFO.png</texturefocus>
		<texturenofocus>MenuItemNF.png</texturenofocus>
	</include>
	<include name="SubMenuCust_Action">
		<description>Default select action Button</description>
		<label>$LOCALIZE[22079]</label>
		<visible>System.HasAddon(script.skinshortcuts)</visible>
		<width>550</width>
		<height>40</height>
		<font>font13</font>
		<align>left</align>
		<textcolor>grey2</textcolor>
		<focusedcolor>white</focusedcolor>
		<texturefocus>MenuItemFO.png</texturefocus>
		<texturenofocus>MenuItemNF.png</texturenofocus>	
	</include>
	<include name="SubMenuCust_Reset">
			<description>Reset Button</description>
			<label>$LOCALIZE[10035]</label>
			<width>550</width>
			<height>40</height>
			<font>font13</font>
			<align>left</align>
			<textcolor>grey2</textcolor>
			<focusedcolor>white</focusedcolor>
			<texturefocus>MenuItemFO.png</texturefocus>
			<texturenofocus>MenuItemNF.png</texturenofocus>		
	</include>
</includes>
