<?xml version="1.0" encoding="UTF-8"?>
<addon id="skin.horizonzv.isengard.16" name="[COLOR lime]Horizonz V[/COLOR]  (16)" version="1.9.0.7" provider-name="blauesgruen">
	<requires>
		<import addon="xbmc.gui" version="5.10.0"/>
		<!-- <import addon="script.image.resource.select" version="0.0.5"/>
		<import addon="service.library.data.provider" version="0.1.2"/>
		<import addon="resource.images.languageflags.colour" version="0.0.3"/>
		<import addon="script.artwork.downloader" version="12.0.29"/>
		<import addon="script.artistslideshow" version="1.8.6"/>
		<import addon="script.globalsearch" version="6.0.1"/>
		<import addon="plugin.audio.radio_de" version="2.3.1"/>
		<import addon="resource.images.weathericons.outline" version="0.0.4"/>
		<import addon="script.extendedinfo" version="3.1.1"/>
		<import addon="resource.images.weatherfanart.multi" version="0.0.5"/> -->
	</requires>
	<extension point="xbmc.gui.skin" defaultthemename="textures.xbt" debugging="false" effectslowdown="0.75">
		<res width="1280" height="720" aspect="16:9" default="true" folder="720p" />
	</extension>
	<extension point="xbmc.addon.metadata">
		<platform>all</platform>
		<summary lang="de_DE">[COLOR blue]Guidos Master SkinBase[/COLOR].</summary>
	    <description lang="de_DE">[COLOR orange]The Biggest SkinBase off the World. [/COLOR]</description>
	</extension>
</addon>