<?xml version="1.0" encoding="UTF-8"?>
<window >
	<defaultcontrol always="true">450</defaultcontrol>
	<coordinates>
		<left>0</left>
		<top>0</top>
	</coordinates>
	<controls>
		<control type="group">
			<depth>DepthSideBlade</depth>

				<control type="image">
					<description>background image</description>
					<left>0</left>
					<top>0</top>
					<width>1280</width>
					<height>720</height>
					<texture border="20">homesubnf.png</texture>
				</control>

			<control type="panel" id="450">
				<left>0</left>
				<top>0</top>
				<width>1280</width>
				<height>720</height>

				<viewtype label="thumbnail">list</viewtype>
				<pagecontrol>60</pagecontrol>
				<scrolltime>200</scrolltime>
				<preloaditems>2</preloaditems>
				<itemlayout condition="!Container.Content(Movies) + !Container.Content(Seasons) + !Container.Content(TVShows) + !Container.Content(Sets)" height="180" width="213">
					<control type="image">
						<left>1</left>
						<top>0</top>
						<width>214</width>
						<height>160</height>
						<bordertexture border="5">button-nofocus.png</bordertexture>
						<bordersize>5</bordersize>
						<texture background="true">$INFO[Listitem.Icon]</texture>
						<aspectratio>keep</aspectratio>
						<visible>!Container.Content(Episodes)</visible>
					</control>
					<control type="image">
						<left>1</left>
						<top>0</top>
						<width>214</width>
						<height>160</height>
						<aspectratio>scale</aspectratio>
						<bordertexture border="5">button-nofocus.png</bordertexture>
						<bordersize>5</bordersize>
						<texture background="true">$INFO[Listitem.Icon]</texture>
						<visible>Container.Content(Episodes)</visible>
					</control>
					<control type="label">
						<left>8</left>
						<top>22r</top>
						<width>200</width>
						<height>25</height>
						<font>font10</font>
						<textcolor>grey2</textcolor>
						<selectedcolor>selected</selectedcolor>
						<align>center</align>
						<aligny>center</aligny>
						<info>ListItem.Label</info>
					</control>
					<control type="image">
						<left>170</left>
						<top>130</top>
						<width>30</width>
						<height>30</height>
						<aspectratio>keep</aspectratio>
						<texture>$INFO[ListItem.Overlay]</texture>
					</control>
				</itemlayout>
				<focusedlayout condition="!Container.Content(Movies) + !Container.Content(Seasons) + !Container.Content(TVShows) + !Container.Content(Sets)" height="180" width="213">
					<control type="image">
						<left>1</left>
						<top>0</top>
						<width>214</width>
						<height>160</height>
						<bordertexture border="5">folder-focus.png</bordertexture>
						<bordersize>5</bordersize>
						<texture background="true">$INFO[Listitem.Icon]</texture>
						<aspectratio>keep</aspectratio>
						<visible>!Container.Content(Episodes)</visible>
					</control>
					<control type="image">
						<left>1</left>
						<top>0</top>
						<width>214</width>
						<height>160</height>
						<aspectratio>scale</aspectratio>
						<bordertexture border="5">folder-focus.png</bordertexture>
						<bordersize>5</bordersize>
						<texture background="true">$INFO[Listitem.Icon]</texture>
						<visible>Container.Content(Episodes)</visible>
					</control>
					<control type="label">
						<left>8</left>
						<top>22r</top>
						<width>200</width>
						<height>25</height>
						<font>font10</font>
						<textcolor>white</textcolor>
						<selectedcolor>selected</selectedcolor>
						<align>center</align>
						<aligny>center</aligny>
						<info>ListItem.Label</info>
					</control>
					<control type="image">
						<left>170</left>
						<top>130</top>
						<width>30</width>
						<height>30</height>
						<aspectratio>keep</aspectratio>
						<texture>$INFO[ListItem.Overlay]</texture>
					</control>
				</focusedlayout>
				<itemlayout condition="Container.Content(Movies) | Container.Content(Seasons) | Container.Content(TVShows) | Container.Content(Sets)" height="240" width="213">
					<control type="image">
						<left>1</left>
						<top>0</top>
						<width>214</width>
						<height>240</height>
						<bordertexture border="5">button-nofocus.png</bordertexture>
						<bordersize>5</bordersize>
						<texture background="true">$VAR[PosterThumb]</texture>
						<aspectratio>keep</aspectratio>
					</control>
					<control type="label">
						<left>0</left>
						<top>32r</top>
						<width>200</width>
						<height>25</height>
						<font>font12</font>
						<textcolor>black</textcolor>
						<selectedcolor>selected</selectedcolor>
						<align>center</align>
						<aligny>center</aligny>
						<info>ListItem.Label</info>
                        <visible>false</visible>
					</control>
					<control type="image">
						<left>170</left>
						<top>210</top>
						<width>30</width>
						<height>30</height>
						<aspectratio>keep</aspectratio>
						<texture>$INFO[ListItem.Overlay]</texture>
					</control>
				</itemlayout>
				<focusedlayout condition="Container.Content(Movies) | Container.Content(Seasons) | Container.Content(TVShows) | Container.Content(Sets)" height="240" width="213">
					<control type="image">
						<left>1</left>
						<top>0</top>
						<width>214</width>
						<height>240</height>
						<bordertexture border="5">folder-focus.png</bordertexture>
						<bordersize>5</bordersize>
						<texture background="true">$VAR[PosterThumb]</texture>
						<aspectratio>keep</aspectratio>
					</control>
					<control type="label">
						<left>0</left>
						<top>0</top>
						<width>200</width>
						<height>25</height>
						<font>font12</font>
						<textcolor>white</textcolor>
                        <shadowcolor>ff000000</shadowcolor>
						<selectedcolor>selected</selectedcolor>
						<align>center</align>
						<aligny>center</aligny>
						<info>ListItem.Label</info>
                        <wrapmultiline>true</wrapmultiline>
                        <scroll>true</scroll>
					</control>
					<control type="image">
						<left>170</left>
						<top>210</top>
						<width>30</width>
						<height>30</height>
						<aspectratio>keep</aspectratio>
						<texture>$INFO[ListItem.Overlay]</texture>
					</control>
				</focusedlayout>
			</control>



		</control>
	</controls>
</window>
