<?xml version="1.0" encoding="utf-8"?>
<colors>
    <color name="DisabledColor">60000000</color>
    <color name="NoFocusedColor">ffff0000</color>
    <color name="FocusedColor">ff000000</color>
    <color name="WarningColor">FFfe3737</color>
    <color name="ShadowColor">FF000000</color>
    <color name="SelectedColor">ff000000</color>
    <color name="AltSelectedColor">ff000000</color>
    <color name="AlternateColor">ffffffff</color>
    <color name="GreenColor">ffffffff</color>
    <color name="AmberColor">FFf9a53b</color>
    <color name="FuchsiaColor">FFff59fc</color>
    <color name="IndigoColor">FF35b7f4</color>
    <color name="TitaniumColor">FFc8c8c8</color>
    <!-- ADDON COMPATIBILITY -->
    <color name="white">FF707070</color>
    <color name="grey">FF707070</color>
    <color name="black">FF000000</color>
    <color name="blue">FF707070</color>
    <color name="red">FF707070</color>
    <color name="green">FF707070</color>
    <color name="orange">FF707070</color>
    <color name="grey2">FF707070</color>
    <color name="grey3">FF707070</color>
</colors>
