<?xml version="1.0" encoding="UTF-8"?>
<includes>
	<!-- Video RightList -->
	<include name="Video_RightList">
		<control type="group">
			<visible>Control.IsVisible(700) + !Window.IsActive(addoninformation)</visible>
			<include>ViewAnimation</include>
			<control type="group">
				<left>30</left>
				<top>70</top>
				<width>390</width>
				<height>164</height>
				<aspectratio aligny="bottom">keep</aspectratio>
				<visible>[Skin.HasSetting(rightlistlogomovie) + Container.Content(movies)] | [Skin.HasSetting(rightlistlogotv) + [Container.Content(tvshows) | Container.Content(seasons) | Container.Content(episodes)]]</visible>
				<control type="image">
					<texture background="true">$VAR[ArtworkLogoVar]</texture>
				</control>
			</control>
			<control type="group">
				<left>5</left>
				<top>445</top>
				<visible>[!Skin.HasSetting(Enable.Rightlist.HidePoster.Movies) + Container.Content(movies)] | [!Skin.HasSetting(Enable.Rightlist.HidePoster.tvshows) + Container.Content(tvshows)] | [!Skin.HasSetting(Enable.Rightlist.HidePoster.seasons) + Container.Content(seasons)] | [!Skin.HasSetting(Enable.Rightlist.HidePoster.episodes) + Container.Content(episodes)]</visible>
				<control type="group">
					<top>-200</top>
					<left>30</left>
					<width>380</width>
					<height>380</height>
					<visible>Container.Content(movies) + Skin.HasSetting(discrightlist)</visible>
					<animation effect="slide" end="0,30" time="0" tween="cubic" easing="inout" condition="!Skin.HasSetting(rightlistcovers) + Skin.HasSetting(discrightlist)">Conditional</animation>
					<control type="image">
						<aspectratio align="right">keep</aspectratio>
						<texture background="true">$INFO[ListItem.Art(discart)]</texture>
						<fadetime>IconCrossfadeTime</fadetime>
						<include>RightListDiscAnimation</include>
					</control>
					<control type="image">
						<aspectratio align="right">keep</aspectratio>
						<texture background="true">$INFO[Window(home).Property(Set.Movie.1.Art(discart))]</texture>
						<fadetime>IconCrossfadeTime</fadetime>
						<animation type="WindowOpen" reversible="false">
							<effect type="slide" tween="cubic" easing="inout" time="1500" delay="100" start="-800" end="0" />
							<effect type="rotate" end="-360" center="auto" time="2000" delay="0" loop="false" tween="cubic" easing="inout" />
						</animation>
						<animation type="Conditional" reversible="false" condition="!Container.OnNext + !Container.OnPrevious">
							<effect type="rotate" end="-360" center="auto" time="6400" delay="1200" loop="false" tween="cubic" easing="inout" />
						</animation>
						<visible>ListItem.IsCollection</visible>
					</control>
					<!-- <control type="image">
						<aspectratio scalediffuse="false" aligny="top">scale</aspectratio>
						<texture background="true" diffuse="thumbs/sets/cdart-mask.png">$INFO[ListItem.Art(poster)]</texture>
						<include>RightListDiscAnimation</include>
						<visible>IsEmpty(ListItem.Art(discart)) + !IsEmpty(ListItem.Art(poster)) + Skin.HasSetting(RightList.FakeDisc) + !ListItem.IsCollection</visible>
					</control>
					<control type="image">
						<aspectratio scalediffuse="false" aligny="top">scale</aspectratio>
						<texture background="true">$VAR[FakeDiscOuterRingVar]</texture>
						<include>RightListDiscAnimation</include>
						<visible>IsEmpty(ListItem.Art(discart)) + !IsEmpty(ListItem.Art(poster)) + Container.Content(movies) + Skin.HasSetting(RightList.FakeDisc) + !ListItem.IsCollection</visible>
					</control> -->
				</control>
				<control type="image">
					<width>440</width>
					<height>620</height>
					<aspectratio aligny="bottom">stretch</aspectratio>
					<texture background="true">$VAR[PosterVar]</texture>
					<fadetime>IconCrossfadeTime</fadetime>
					<bordertexture border="20">thumbs/thumb_shadow.png</bordertexture>
					<bordersize>20</bordersize>
				</control>
				<control type="image">
					<left>-55</left>
					<top>-40</top>
					<width>502</width>
					<height>680</height>
					<fadetime>IconCrossfadeTime</fadetime>
					<texture background="true" fallback="$VAR[CaseTypePathVar]p.png">$VAR[CaseTypePathVar]$VAR[GlobalCaseVar]</texture>
					<visible>Skin.HasSetting(rightlistcovers) + !Container.Content(tvshows) + !Container.Content(seasons) + !IsEmpty(ListItem.Title)</visible>
				</control>
			</control>
			<control type="group">
				<animation effect="slide" end="-430,0" time="0" tween="cubic" easing="inout" condition="[Skin.HasSetting(Enable.Rightlist.HidePoster.movies) + Container.Content(movies)] | [Skin.HasSetting(Enable.Rightlist.HidePoster.tvshows) + Container.Content(tvshows)] | [Skin.HasSetting(Enable.Rightlist.HidePoster.seasons) + Container.Content(seasons)] | [Skin.HasSetting(Enable.Rightlist.HidePoster.episodes) + Container.Content(episodes)]">Conditional</animation>
				<control type="group">
					<left>434</left>
					<top>510</top>
					<width>650</width>
					<height>270</height>
					<include>VisibleFadeEffect</include>
					<textcolor>grey</textcolor>
					<visible>Skin.HasSetting(inforightlist)</visible>
					<control type="image">
						<left>17</left>
						<top>-35</top>
						<width>65</width>
						<height>30</height>
						<texture>IMDb.png</texture>
						<visible>!IsEmpty(ListItem.Top250)</visible>
					</control>
					<control type="Label">
						<left>90</left>
						<top>-42</top>
						<width>125</width>
						<height>45</height>
						<align>left</align>
						<label>[B]$INFO[ListItem.Top250,#][/B]</label>
						<font>font14</font>
						<shadowcolor>shadow</shadowcolor>
						<textcolor>fffeec900</textcolor>
						<visible>!IsEmpty(ListItem.Top250)</visible>
					</control>
					<control type="grouplist">
						<visible>Container.Content(movies) + !ListItem.IsCollection</visible>
						<control type="label">
							<label>[COLOR labelheader]$LOCALIZE[20339]:[/COLOR][CR]$INFO[ListItem.Director]</label>
							<width>650</width>
							<textcolor>grey</textcolor>
							<include>DefaultButtonsValues</include>
							<visible>!IsEmpty(ListItem.Director)</visible>
						</control>
						<control type="label">
							<label>[COLOR labelheader]$LOCALIZE[515]:[/COLOR][CR]$INFO[ListItem.Genre]</label>
							<width>650</width>
							<include>DefaultButtonsValues</include>
						</control>
					</control>
					<control type="grouplist">
						<visible>ListItem.IsCollection</visible>
						<control type="label">
							<label>[COLOR labelheader]$LOCALIZE[20339]:[/COLOR][CR]$INFO[Window(home).Property(Set.Movies.Director)]</label>
							<width>650</width>
							<include>DefaultButtonsValues</include>
							<visible>!IsEmpty(Window(home).Property(Set.Movies.Director)) + [Container.Content(movies) | Container.Content(sets)]</visible>
						</control>
						<control type="label">
							<label>[COLOR labelheader]$LOCALIZE[515]:[/COLOR][CR]$INFO[Window(home).Property(Set.Movies.Genre),, $LOCALIZE[12391]]</label>
							<width>650</width>
							<include>DefaultButtonsValues</include>
							<visible>!IsEmpty(Window(home).Property(Set.Movies.Genre)) + [Container.Content(movies) | Container.Content(sets)]</visible>
						</control>
					</control>
					<control type="grouplist">
						<visible>!Container.Content(episodes) + [Container.Content(tvshows) | Container.Content(seasons)]</visible>
						<control type="label">
							<label>[COLOR labelheader]$LOCALIZE[31010]:[/COLOR][CR]$INFO[Window(Home).Property(NextAired.NextDate),,: ]$INFO[Window(Home).Property(NextAired.NextTitle)]</label>
							<width>650</width>
							<include>DefaultButtonsValues</include>
							<visible>!IsEmpty(Window(Home).Property(NextAired.NextDate)) + !Skin.HasSetting(Disable.NextAired)</visible>
						</control>
						<control type="label">
							<label>[COLOR labelheader]$LOCALIZE[126]:[/COLOR][CR]$INFO[Window(Home).Property(NextAired.Status)]</label>
							<width>650</width>
							<include>DefaultButtonsValues</include>
							<visible>[Container.Content(tvshows) | Container.Content(seasons)] + [!IsEmpty(Window(Home).Property(NextAired.Status)) + IsEmpty(Window(Home).Property(NextAired.NextDate)) + !Skin.HasSetting(Disable.NextAired)]</visible>
						</control>
						<control type="label">
							<label>[COLOR labelheader]$LOCALIZE[515]:[/COLOR][CR]$INFO[ListItem.Genre]</label>
							<width>650</width>
							<include>DefaultButtonsValues</include>
							<visible>!IsEmpty(ListItem.Genre)</visible>
						</control>
					</control>
					<control type="grouplist">
						<visible>Container.Content(episodes)</visible>
						<control type="label">
							<label>[COLOR labelheader]$LOCALIZE[20416]:[/COLOR][CR]$INFO[ListItem.Premiered]</label>
							<width>650</width>
							<include>DefaultButtonsValues</include>
							<visible>!IsEmpty(ListItem.Premiered)</visible>
						</control>
						<control type="label">
							<label>[COLOR labelheader]$LOCALIZE[2050]:[/COLOR][CR]$INFO[ListItem.Duration,, $LOCALIZE[12391]]</label>
							<width>650</width>
							<include>DefaultButtonsValues</include>
							<visible>!IsEmpty(ListItem.Duration)</visible>
						</control>
					</control>
				</control>
				<control type="group">
					<left>435</left>
					<top>600</top>
					<visible>Skin.HasSetting(inforightlist)</visible>
					<include>VisibleFadeEffect</include>
					<control type="textbox" id="70">
						<label>$VAR[VideoPlotVar3]</label>
						<left>15</left>
						<top>90</top>
						<width>620</width>
						<height>248</height>
						<textcolor>grey</textcolor>
						<font>font14_textbox</font>
						<pagecontrol>64</pagecontrol>
						<include>DefaultButtonsValues</include>
						<autoscroll time="3000" delay="4000" repeat="5000">Skin.HasSetting(Enable.AutoScroll) + !Control.HasFocus(64)</autoscroll>
					</control>
					<control type="scrollbar" id="64">
						<left>640</left>
						<top>120</top>
						<width>12</width>
						<height>198</height>
						<onup>PageUp(70)</onup>
						<ondown>PageUp(70)</ondown>
						<onleft>SetProperty(MediaMenu,True,home)</onleft>
						<onleft>SetFocus(9050)</onleft>
						<onright>700</onright>
						<texturesliderbackground>scrollbar/texturesliderbackground2.png</texturesliderbackground>
						<texturesliderbar>scrollbar/texturesliderbar2.png</texturesliderbar>
						<texturesliderbarfocus border="1">scrollbar/texturesliderbar2.png</texturesliderbarfocus>
						<showonepage>false</showonepage>
						<orientation>vertical</orientation>
						<animation effect="fade" start="100" end="0" time="500" delay="500" condition="!Control.HasFocus(64) + !Container.Scrolling">Conditional</animation>
					</control>
				</control>
			</control>
			<control type="list" id="700">
				<left>1090</left>
				<top>95</top>
				<width>1000</width>
				<height>840</height>
				<onleft condition="!Control.IsVisible(64)">SetProperty(MediaMenu,True,home)</onleft>
				<onleft condition="!Control.IsVisible(64)">SetFocus(9050)</onleft>
				<onleft condition="Control.IsVisible(64)">64</onleft>
				<onright condition="Control.IsVisible(60)">60</onright>
				<onup>700</onup>
				<ondown>700</ondown>
				<pagecontrol>60</pagecontrol>
				<viewtype label="RightList">list</viewtype>
				<visible>Container.Content(movies)| Container.Content(tvshows) | Container.Content(seasons) | Container.Content(episodes)</visible>
				<scrolltime tween="quadratic" easing="out">200</scrolltime>
				<itemlayout height="68" width="806" condition="!Skin.HasSetting(rightlistalternate) + Container.Content(movies)">
					<control type="label">
						<left>30</left>
						<width>600</width>
						<height>68</height>
						<font>font15</font>
						<align>right</align>
						<textcolor>grey</textcolor>
						<selectedcolor>selected</selectedcolor>
						<label>$INFO[ListItem.Label]</label>
					</control>
					<control type="label">
						<left>630</left>
						<width>100</width>
						<height>68</height>
						<font>font15</font>
						<align>right</align>
						<textcolor>themecolor_transparent</textcolor>
						<label>$INFO[ListItem.Year]</label>
					</control>
					<control type="image">
						<left>742</left>
						<top>2</top>
						<width>64</width>
						<height>64</height>
						<aspectratio>keep</aspectratio>
						<texture>$VAR[ListItem.Overlay]</texture>
					</control>
				</itemlayout>
				<focusedlayout height="85" width="806" condition="!Skin.HasSetting(rightlistalternate) + Container.Content(movies)">
					<control type="image">
						<top>-60</top>
						<left>20</left>
						<width>810</width>
						<height>60</height>
						<texture border="1">separator2.png</texture>
					</control>
					<control type="image">
						<top>0</top>
						<left>20</left>
						<width>825</width>
						<height>85</height>
						<texture border="4">listselect_fo.png</texture>
						<visible>Control.HasFocus(700)</visible>
						<include>VisibleFadeEffect</include>
					</control>
					<control type="label">
						<top>-12</top>
						<left>30</left>
						<width>600</width>
						<height>68</height>
						<font>font16</font>
						<align>right</align>
						<selectedcolor>selected</selectedcolor>
						<label>$INFO[ListItem.Label]</label>
						<animation effect="fade" start="100" end="70" time="300" tween="sine" easing="inout" condition="!Control.HasFocus(700)">Conditional</animation>
						<visible>!ListItem.IsCollection</visible>
					</control>
					<control type="label">
						<top>7</top>
						<left>30</left>
						<width>600</width>
						<height>68</height>
						<font>font16</font>
						<align>right</align>
						<selectedcolor>selected</selectedcolor>
						<label>$INFO[ListItem.Label]</label>
						<animation effect="fade" start="100" end="70" time="300" tween="sine" easing="inout" condition="!Control.HasFocus(700)">Conditional</animation>
						<visible>ListItem.IsCollection</visible>
					</control>
					<control type="label">
						<left>30</left>
						<top>27</top>
						<width>600</width>
						<height>68</height>
						<font>font13</font>
						<align>right</align>
						<selectedcolor>selected</selectedcolor>
						<label>$VAR[FloorSubLabelNoYearDurationVar]</label>
						<animation effect="fade" start="100" end="70" time="300" tween="sine" easing="inout" condition="!Control.HasFocus(700)">Conditional</animation>
						<visible>!ListItem.IsCollection</visible>
					</control>
					<control type="label">
						<left>630</left>
						<top>8</top>
						<width>100</width>
						<height>68</height>
						<font>font15</font>
						<align>right</align>
						<textcolor>labelheader</textcolor>
						<selectedcolor>selected</selectedcolor>
						<label>$INFO[ListItem.Year]</label>
						<animation effect="fade" start="100" end="70" time="300" tween="sine" easing="inout" condition="!Control.HasFocus(700)">Conditional</animation>
					</control>
					<control type="image">
						<left>742</left>
						<top>12</top>
						<width>64</width>
						<height>64</height>
						<aspectratio>keep</aspectratio>
						<texture>$VAR[ListItem.Overlay]</texture>
					</control>
					<control type="image">
						<top>28</top>
						<left>20</left>
						<width>810</width>
						<height>60</height>
						<texture border="1">separator2.png</texture>
					</control>
				</focusedlayout>
				<itemlayout height="68" width="806" condition="Skin.HasSetting(rightlistalternate) + Container.Content(movies)">
					<control type="label">
						<left>30</left>
						<width>700</width>
						<height>68</height>
						<font>font15</font>
						<align>right</align>
						<textcolor>grey</textcolor>
						<selectedcolor>selected</selectedcolor>
						<label>$INFO[ListItem.Label]</label>
					</control>
					<control type="image">
						<left>742</left>
						<top>2</top>
						<width>64</width>
						<height>64</height>
						<aspectratio>keep</aspectratio>
						<texture>$VAR[ListItem.Overlay]</texture>
					</control>
				</itemlayout>
				<focusedlayout height="85" width="806" condition="Skin.HasSetting(rightlistalternate) + Container.Content(movies)">
					<control type="label">
						<top>-12</top>
						<left>30</left>
						<width>700</width>
						<height>68</height>
						<font>font16</font>
						<align>right</align>
						<textcolor>labelheader</textcolor>
						<selectedcolor>selected</selectedcolor>
						<label>$INFO[ListItem.Label]</label>
						<animation effect="fade" start="100" end="70" time="300" tween="sine" easing="inout" condition="!Control.HasFocus(700)">Conditional</animation>
						<visible>!ListItem.IsCollection</visible>
					</control>
					<control type="label">
						<top>7</top>
						<left>30</left>
						<width>700</width>
						<height>68</height>
						<font>font16</font>
						<align>right</align>
						<textcolor>labelheader</textcolor>
						<selectedcolor>selected</selectedcolor>
						<label>$INFO[ListItem.Label]</label>
						<animation effect="fade" start="100" end="70" time="300" tween="sine" easing="inout" condition="!Control.HasFocus(700)">Conditional</animation>
						<visible>ListItem.IsCollection</visible>
					</control>
					<control type="label">
						<left>40</left>
						<top>27</top>
						<width>700</width>
						<height>68</height>
						<font>font13</font>
						<align>right</align>
						<selectedcolor>selected</selectedcolor>
						<label>$VAR[FloorSubLabelVar]</label>
						<animation effect="fade" start="100" end="70" time="300" tween="sine" easing="inout" condition="!Control.HasFocus(700)">Conditional</animation>
						<visible>!ListItem.IsCollection</visible>
					</control>
					<control type="image">
						<left>742</left>
						<top>12</top>
						<width>64</width>
						<height>64</height>
						<aspectratio>keep</aspectratio>
						<texture>$VAR[ListItem.Overlay]</texture>
					</control>
				</focusedlayout>
				<itemlayout height="68" width="806" condition="!Skin.HasSetting(rightlistalternatetv) + Container.Content(tvshows)">
					<control type="image">
						<left>20</left>
						<top>8</top>
						<width>810</width>
						<height>60</height>
						<texture border="1">separator2.png</texture>
					</control>
					<control type="label">
						<left>30</left>
						<width>600</width>
						<height>68</height>
						<font>font15</font>
						<align>right</align>
						<textcolor>grey</textcolor>
						<selectedcolor>selected</selectedcolor>
						<label>$INFO[ListItem.Label]</label>
					</control>
					<control type="label">
						<left>630</left>
						<width>100</width>
						<height>68</height>
						<font>font15</font>
						<align>right</align>
						<textcolor>themecolor_transparent</textcolor>
						<label>$INFO[ListItem.Year]</label>
					</control>
					<control type="image">
						<left>742</left>
						<top>2</top>
						<width>64</width>
						<height>64</height>
						<aspectratio>keep</aspectratio>
						<texture>$VAR[ListItem.Overlay]</texture>
					</control>
					<control type="group">
						<description>Unwatched episodes</description>
						<left>742</left>
						<top>-1</top>
						<control type="image">
							<left>0</left>
							<top>3</top>
							<width>64</width>
							<height>64</height>
							<texture>overlays/list/OverlayUnWatched.png</texture>
							<visible>IntegerGreaterThan(ListItem.Property(UnWatchedEpisodes),0) + IsEmpty(ListItem.Overlay)</visible>
						</control>
						<control type="label">
							<left>-18</left>
							<top>0</top>
							<width>100</width>
							<height>68</height>
							<font>font12_title</font>
							<align>center</align>
							<aligny>center</aligny>
							<label>$VAR[ListOverlayEpisodesVar]</label>
							<textcolor>grey2</textcolor>
							<textoffsetx>18</textoffsetx>
							<visible>IntegerGreaterThan(ListItem.Property(UnWatchedEpisodes),0)</visible>
						</control>
					</control>
				</itemlayout>
				<focusedlayout height="85" width="806" condition="!Skin.HasSetting(rightlistalternatetv) + Container.Content(tvshows)">
					<control type="image">
						<top>0</top>
						<left>20</left>
						<width>825</width>
						<height>85</height>
						<texture border="4">listselect_fo.png</texture>
						<visible>Control.HasFocus(700)</visible>
						<include>VisibleFadeEffect</include>
					</control>
					<control type="label">
						<top>-12</top>
						<left>30</left>
						<width>600</width>
						<height>68</height>
						<font>font16</font>
						<align>right</align>
						<selectedcolor>selected</selectedcolor>
						<label>$INFO[ListItem.Label]</label>
						<animation effect="fade" start="100" end="70" time="300" tween="sine" easing="inout" condition="!Control.HasFocus(700)">Conditional</animation>
					</control>
					<control type="label">
						<left>30</left>
						<top>27</top>
						<width>600</width>
						<height>68</height>
						<font>font13</font>
						<align>right</align>
						<selectedcolor>selected</selectedcolor>
						<label>$INFO[ListItem.RatingAndVotes]</label>
						<animation effect="fade" start="100" end="70" time="300" tween="sine" easing="inout" condition="!Control.HasFocus(700)">Conditional</animation>
					</control>
					<control type="label">
						<left>630</left>
						<top>8</top>
						<width>100</width>
						<height>68</height>
						<font>font15</font>
						<align>right</align>
						<textcolor>labelheader</textcolor>
						<selectedcolor>selected</selectedcolor>
						<label>$INFO[ListItem.Year]</label>
						<animation effect="fade" start="100" end="70" time="300" tween="sine" easing="inout" condition="!Control.HasFocus(700)">Conditional</animation>
					</control>
					<control type="image">
						<left>742</left>
						<top>12</top>
						<width>64</width>
						<height>64</height>
						<aspectratio>keep</aspectratio>
						<texture>$VAR[ListItem.Overlay]</texture>
					</control>
					<control type="group">
						<description>Unwatched episodes</description>
						<left>742</left>
						<top>10</top>
						<control type="image">
							<left>0</left>
							<top>3</top>
							<width>64</width>
							<height>64</height>
							<texture>overlays/list/OverlayUnWatched.png</texture>
							<visible>IntegerGreaterThan(ListItem.Property(UnWatchedEpisodes),0) + IsEmpty(ListItem.Overlay)</visible>
						</control>
						<control type="label">
							<left>-18</left>
							<top>0</top>
							<width>100</width>
							<height>68</height>
							<font>font12_title</font>
							<align>center</align>
							<aligny>center</aligny>
							<label>$VAR[ListOverlayEpisodesVar]</label>
							<textcolor>white</textcolor>
							<textoffsetx>18</textoffsetx>
							<visible>IntegerGreaterThan(ListItem.Property(UnWatchedEpisodes),0)</visible>
						</control>
					</control>
					<control type="image">
						<top>28</top>
						<left>20</left>
						<width>810</width>
						<height>60</height>
						<texture border="1">separator2.png</texture>
					</control>
				</focusedlayout>
				<itemlayout height="68" width="806" condition="Skin.HasSetting(rightlistalternatetv) + Container.Content(tvshows)">
					<control type="label">
						<left>30</left>
						<width>700</width>
						<height>68</height>
						<font>font15</font>
						<align>right</align>
						<textcolor>grey</textcolor>
						<selectedcolor>selected</selectedcolor>
						<label>$INFO[ListItem.Label]</label>
					</control>
					<control type="image">
						<left>742</left>
						<top>2</top>
						<width>64</width>
						<height>64</height>
						<aspectratio>keep</aspectratio>
						<texture>$VAR[ListItem.Overlay]</texture>
					</control>
					<control type="group">
						<description>Unwatched episodes</description>
						<left>742</left>
						<top>-1</top>
						<control type="image">
							<left>0</left>
							<top>3</top>
							<width>64</width>
							<height>64</height>
							<texture>overlays/list/OverlayUnWatched.png</texture>
							<visible>IntegerGreaterThan(ListItem.Property(UnWatchedEpisodes),0) + IsEmpty(ListItem.Overlay)</visible>
						</control>
						<control type="label">
							<left>-18</left>
							<top>0</top>
							<width>100</width>
							<height>68</height>
							<font>font12_title</font>
							<align>center</align>
							<aligny>center</aligny>
							<label>$VAR[ListOverlayEpisodesVar]</label>
							<textcolor>grey2</textcolor>
							<textoffsetx>18</textoffsetx>
							<visible>IntegerGreaterThan(ListItem.Property(UnWatchedEpisodes),0)</visible>
						</control>
					</control>
				</itemlayout>
				<focusedlayout height="85" width="806" condition="Skin.HasSetting(rightlistalternatetv) + Container.Content(tvshows)">
					<control type="label">
						<top>-12</top>
						<left>30</left>
						<width>700</width>
						<height>68</height>
						<font>font16</font>
						<align>right</align>
						<textcolor>labelheader</textcolor>
						<selectedcolor>selected</selectedcolor>
						<label>$INFO[ListItem.Label]</label>
						<animation effect="fade" start="100" end="70" time="300" tween="sine" easing="inout" condition="!Control.HasFocus(700)">Conditional</animation>
					</control>
					<control type="label">
						<left>130</left>
						<top>27</top>
						<width>600</width>
						<height>68</height>
						<font>font13</font>
						<align>right</align>
						<selectedcolor>selected</selectedcolor>
						<label>$INFO[ListItem.Year,, • ]$INFO[ListItem.RatingAndVotes]</label>
						<animation effect="fade" start="100" end="70" time="300" tween="sine" easing="inout" condition="!Control.HasFocus(700)">Conditional</animation>
					</control>
					<control type="image">
						<left>742</left>
						<top>12</top>
						<width>64</width>
						<height>64</height>
						<aspectratio>keep</aspectratio>
						<texture>$VAR[ListItem.Overlay]</texture>
					</control>
					<control type="group">
						<description>Unwatched episodes</description>
						<left>742</left>
						<top>10</top>
						<control type="image">
							<left>0</left>
							<top>3</top>
							<width>64</width>
							<height>64</height>
							<texture>overlays/list/OverlayUnWatched.png</texture>
							<visible>IntegerGreaterThan(ListItem.Property(UnWatchedEpisodes),0) + IsEmpty(ListItem.Overlay)</visible>
						</control>
						<control type="label">
							<left>-18</left>
							<top>0</top>
							<width>100</width>
							<height>68</height>
							<font>font12_title</font>
							<align>center</align>
							<aligny>center</aligny>
							<label>$VAR[ListOverlayEpisodesVar]</label>
							<textcolor>white</textcolor>
							<textoffsetx>18</textoffsetx>
							<visible>IntegerGreaterThan(ListItem.Property(UnWatchedEpisodes),0)</visible>
						</control>
					</control>
				</focusedlayout>
				<itemlayout height="68" width="806" condition="Container.Content(seasons) + !Skin.HasSetting(rightlistalternateseasons)">
					<control type="image">
						<top>8</top>
						<left>20</left>
						<width>800</width>
						<height>60</height>
						<texture border="1">separator2.png</texture>
					</control>
					<control type="label">
						<left>30</left>
						<width>700</width>
						<height>68</height>
						<font>font15</font>
						<align>right</align>
						<textcolor>grey</textcolor>
						<selectedcolor>selected</selectedcolor>
						<label>$INFO[ListItem.Label]</label>
					</control>
					<control type="image">
						<left>742</left>
						<top>2</top>
						<width>64</width>
						<height>64</height>
						<aspectratio>keep</aspectratio>
						<texture>$VAR[ListItem.Overlay]</texture>
					</control>
					<control type="group">
						<description>Unwatched episodes</description>
						<left>742</left>
						<top>-1</top>
						<control type="image">
							<left>0</left>
							<top>3</top>
							<width>64</width>
							<height>64</height>
							<texture>overlays/list/OverlayUnWatched.png</texture>
							<visible>IntegerGreaterThan(ListItem.Property(UnWatchedEpisodes),0) + IsEmpty(ListItem.Overlay)</visible>
						</control>
						<control type="label">
							<left>-18</left>
							<top>0</top>
							<width>100</width>
							<height>68</height>
							<font>font12_title</font>
							<align>center</align>
							<aligny>center</aligny>
							<label>$VAR[ListOverlayEpisodesVar]</label>
							<textcolor>grey2</textcolor>
							<textoffsetx>18</textoffsetx>
							<visible>IntegerGreaterThan(ListItem.Property(UnWatchedEpisodes),0)</visible>
						</control>
					</control>
				</itemlayout>
				<focusedlayout height="68" width="806" condition="Container.Content(seasons) + !Skin.HasSetting(rightlistalternateseasons)">
					<control type="image">
						<top>10</top>
						<left>20</left>
						<width>800</width>
						<height>60</height>
						<texture border="1">separator2.png</texture>
					</control>
					<control type="image">
						<top>0</top>
						<left>20</left>
						<width>825</width>
						<height>68</height>
						<texture border="4">listselect_fo.png</texture>
						<visible>Control.HasFocus(700)</visible>
						<include>VisibleFadeEffect</include>
					</control>
					<control type="label">
						<left>30</left>
						<width>700</width>
						<height>68</height>
						<font>font15</font>
						<align>right</align>
						<selectedcolor>selected</selectedcolor>
						<label>$INFO[ListItem.Label]</label>
						<animation effect="fade" start="100" end="70" time="300" tween="sine" easing="inout" condition="!Control.HasFocus(700)">Conditional</animation>
					</control>
					<control type="image">
						<left>742</left>
						<top>2</top>
						<width>64</width>
						<height>64</height>
						<aspectratio>keep</aspectratio>
						<texture>$VAR[ListItem.Overlay]</texture>
					</control>
					<control type="group">
						<description>Unwatched episodes</description>
						<left>742</left>
						<top>-1</top>
						<control type="image">
							<left>0</left>
							<top>3</top>
							<width>64</width>
							<height>64</height>
							<texture>overlays/list/OverlayUnWatched.png</texture>
							<visible>IntegerGreaterThan(ListItem.Property(UnWatchedEpisodes),0) + IsEmpty(ListItem.Overlay)</visible>
						</control>
						<control type="label">
							<left>-18</left>
							<top>0</top>
							<width>100</width>
							<height>68</height>
							<font>font12_title</font>
							<align>center</align>
							<aligny>center</aligny>
							<label>$VAR[ListOverlayEpisodesVar]</label>
							<textcolor>white</textcolor>
							<textoffsetx>18</textoffsetx>
							<visible>IntegerGreaterThan(ListItem.Property(UnWatchedEpisodes),0)</visible>
						</control>
					</control>
				</focusedlayout>
				<itemlayout height="68" width="806" condition="Container.Content(seasons) + Skin.HasSetting(rightlistalternateseasons)">
					<control type="label">
						<left>30</left>
						<width>700</width>
						<height>68</height>
						<font>font15</font>
						<align>right</align>
						<textcolor>grey</textcolor>
						<selectedcolor>selected</selectedcolor>
						<label>$INFO[ListItem.Label]</label>
					</control>
					<control type="image">
						<left>742</left>
						<top>2</top>
						<width>64</width>
						<height>64</height>
						<aspectratio>keep</aspectratio>
						<texture>$VAR[ListItem.Overlay]</texture>
					</control>
					<control type="group">
						<description>Unwatched episodes</description>
						<left>742</left>
						<top>-1</top>
						<control type="image">
							<left>0</left>
							<top>3</top>
							<width>64</width>
							<height>64</height>
							<texture>overlays/list/OverlayUnWatched.png</texture>
							<visible>IntegerGreaterThan(ListItem.Property(UnWatchedEpisodes),0) + IsEmpty(ListItem.Overlay)</visible>
						</control>
						<control type="label">
							<left>-18</left>
							<top>0</top>
							<width>100</width>
							<height>68</height>
							<font>font12_title</font>
							<align>center</align>
							<aligny>center</aligny>
							<label>$VAR[ListOverlayEpisodesVar]</label>
							<textcolor>grey2</textcolor>
							<textoffsetx>18</textoffsetx>
							<visible>IntegerGreaterThan(ListItem.Property(UnWatchedEpisodes),0)</visible>
						</control>
					</control>
				</itemlayout>
				<focusedlayout height="68" width="806" condition="Container.Content(seasons) + Skin.HasSetting(rightlistalternateseasons)">
					<control type="label">
						<left>30</left>
						<width>700</width>
						<height>68</height>
						<font>font15</font>
						<align>right</align>
						<textcolor>labelheader</textcolor>
						<label>$INFO[ListItem.Label]</label>
						<animation effect="fade" start="100" end="70" time="300" tween="sine" easing="inout" condition="!Control.HasFocus(700)">Conditional</animation>
					</control>
					<control type="image">
						<left>742</left>
						<top>2</top>
						<width>64</width>
						<height>64</height>
						<aspectratio>keep</aspectratio>
						<texture>$VAR[ListItem.Overlay]</texture>
					</control>
					<control type="group">
						<description>Unwatched episodes</description>
						<left>742</left>
						<top>-1</top>
						<control type="image">
							<left>0</left>
							<top>3</top>
							<width>64</width>
							<height>64</height>
							<texture>overlays/list/OverlayUnWatched.png</texture>
							<visible>IntegerGreaterThan(ListItem.Property(UnWatchedEpisodes),0) + IsEmpty(ListItem.Overlay)</visible>
						</control>
						<control type="label">
							<left>-18</left>
							<top>0</top>
							<width>100</width>
							<height>68</height>
							<font>font12_title</font>
							<align>center</align>
							<aligny>center</aligny>
							<label>$VAR[ListOverlayEpisodesVar]</label>
							<textcolor>white</textcolor>
							<textoffsetx>18</textoffsetx>
							<visible>IntegerGreaterThan(ListItem.Property(UnWatchedEpisodes),0)</visible>
						</control>
					</control>
				</focusedlayout>
				<itemlayout height="68" width="806" condition="Container.Content(episodes) + !Skin.HasSetting(rightlistalternateepisode)">
					<control type="image">
						<left>20</left>
						<top>8</top>
						<width>810</width>
						<height>60</height>
						<texture border="1">separator2.png</texture>
					</control>
					<control type="label">
						<left>30</left>
						<width>700</width>
						<height>68</height>
						<font>font15</font>
						<align>right</align>
						<textcolor>grey</textcolor>
						<selectedcolor>selected</selectedcolor>
						<label>$INFO[ListItem.Label]</label>
					</control>
					<control type="image">
						<left>742</left>
						<top>2</top>
						<width>64</width>
						<height>64</height>
						<aspectratio>keep</aspectratio>
						<texture>$VAR[ListItem.Overlay]</texture>
					</control>
					<control type="image">
						<left>742</left>
						<top>2</top>
						<width>64</width>
						<height>64</height>
						<texture>overlays/list/OverlayUnWatched.png</texture>
						<visible>IntegerGreaterThan(ListItem.Property(UnWatchedEpisodes),0) + IsEmpty(ListItem.Overlay)</visible>
					</control>
				</itemlayout>
				<focusedlayout height="85" width="806" condition="Container.Content(episodes) + !Skin.HasSetting(rightlistalternateepisode)">
					<control type="image">
						<top>0</top>
						<left>20</left>
						<width>825</width>
						<height>85</height>
						<texture border="4">listselect_fo.png</texture>
						<visible>Control.HasFocus(700)</visible>
						<include>VisibleFadeEffect</include>
					</control>
					<control type="label">
						<top>-12</top>
						<left>30</left>
						<width>700</width>
						<height>68</height>
						<font>font16</font>
						<align>right</align>
						<selectedcolor>selected</selectedcolor>
						<label>$INFO[ListItem.Label]</label>
						<animation effect="fade" start="100" end="70" time="300" tween="sine" easing="inout" condition="!Control.HasFocus(700)">Conditional</animation>
						<visible>!IsEmpty(ListItem.RatingAndVotes)</visible>
					</control>
					<control type="label">
						<top>8</top>
						<left>30</left>
						<width>700</width>
						<height>68</height>
						<font>font16</font>
						<align>right</align>
						<selectedcolor>selected</selectedcolor>
						<label>$INFO[ListItem.Label]</label>
						<animation effect="fade" start="100" end="70" time="300" tween="sine" easing="inout" condition="!Control.HasFocus(700)">Conditional</animation>
						<visible>IsEmpty(ListItem.RatingAndVotes)</visible>
					</control>
					<control type="label">
						<left>30</left>
						<top>27</top>
						<width>700</width>
						<height>68</height>
						<font>font13</font>
						<align>right</align>
						<selectedcolor>selected</selectedcolor>
						<label>$INFO[ListItem.RatingAndVotes]</label>
						<animation effect="fade" start="100" end="70" time="300" tween="sine" easing="inout" condition="!Control.HasFocus(700)">Conditional</animation>
					</control>
					<control type="image">
						<left>742</left>
						<top>12</top>
						<width>64</width>
						<height>64</height>
						<aspectratio>keep</aspectratio>
						<texture>$VAR[ListItem.Overlay]</texture>
					</control>
					<control type="image">
						<left>742</left>
						<top>13</top>
						<width>64</width>
						<height>64</height>
						<texture>overlays/list/OverlayUnWatched.png</texture>
						<visible>IntegerGreaterThan(ListItem.Property(UnWatchedEpisodes),0) + IsEmpty(ListItem.Overlay)</visible>
					</control>
					<control type="image">
						<top>28</top>
						<left>20</left>
						<width>810</width>
						<height>60</height>
						<texture border="1">separator2.png</texture>
					</control>
				</focusedlayout>
				<itemlayout height="68" width="806" condition="Container.Content(episodes) + Skin.HasSetting(rightlistalternateepisode)">
					<control type="label">
						<left>30</left>
						<width>700</width>
						<height>68</height>
						<font>font15</font>
						<align>right</align>
						<textcolor>grey</textcolor>
						<selectedcolor>selected</selectedcolor>
						<label>$INFO[ListItem.Label]</label>
					</control>
					<control type="image">
						<left>742</left>
						<top>2</top>
						<width>64</width>
						<height>64</height>
						<aspectratio>keep</aspectratio>
						<texture>$VAR[ListItem.Overlay]</texture>
					</control>
					<control type="image">
						<left>742</left>
						<top>2</top>
						<width>64</width>
						<height>64</height>
						<texture>overlays/list/OverlayUnWatched.png</texture>
						<visible>IntegerGreaterThan(ListItem.Property(UnWatchedEpisodes),0) + IsEmpty(ListItem.Overlay)</visible>
					</control>
				</itemlayout>
				<focusedlayout height="85" width="806" condition="Container.Content(episodes) + Skin.HasSetting(rightlistalternateepisode)">
					<control type="label">
						<top>-12</top>
						<left>30</left>
						<width>700</width>
						<height>68</height>
						<font>font16</font>
						<align>right</align>
						<textcolor>labelheader</textcolor>
						<selectedcolor>selected</selectedcolor>
						<label>$INFO[ListItem.Label]</label>
						<animation effect="fade" start="100" end="70" time="300" tween="sine" easing="inout" condition="!Control.HasFocus(700)">Conditional</animation>
						<visible>!IsEmpty(ListItem.RatingAndVotes)</visible>
					</control>
					<control type="label">
						<top>8</top>
						<left>30</left>
						<width>700</width>
						<height>68</height>
						<font>font16</font>
						<align>right</align>
						<textcolor>labelheader</textcolor>
						<selectedcolor>selected</selectedcolor>
						<label>$INFO[ListItem.Label]</label>
						<animation effect="fade" start="100" end="70" time="300" tween="sine" easing="inout" condition="!Control.HasFocus(700)">Conditional</animation>
						<visible>IsEmpty(ListItem.RatingAndVotes)</visible>
					</control>
					<control type="label">
						<left>30</left>
						<top>27</top>
						<width>700</width>
						<height>68</height>
						<font>font13</font>
						<align>right</align>
						<selectedcolor>selected</selectedcolor>
						<label>$INFO[ListItem.RatingAndVotes]</label>
						<animation effect="fade" start="100" end="70" time="300" tween="sine" easing="inout" condition="!Control.HasFocus(700)">Conditional</animation>
					</control>
					<control type="image">
						<left>742</left>
						<top>12</top>
						<width>64</width>
						<height>64</height>
						<aspectratio>keep</aspectratio>
						<texture>$VAR[ListItem.Overlay]</texture>
					</control>
					<control type="image">
						<left>742</left>
						<top>13</top>
						<width>64</width>
						<height>64</height>
						<texture>overlays/list/OverlayUnWatched.png</texture>
						<visible>IntegerGreaterThan(ListItem.Property(UnWatchedEpisodes),0) + IsEmpty(ListItem.Overlay)</visible>
					</control>
				</focusedlayout>
			</control>
			<control type="scrollbar" id="60">
				<left>1904</left>
				<top>40</top>
				<width>14</width>
				<height>920</height>
				<onup>60</onup>
				<ondown>60</ondown>
				<onleft>700</onleft>
				<onright>ActivateWindow(1113)</onright>
				<texturesliderbackground border="1">-</texturesliderbackground>
				<texturesliderbar border="6,0,6,0">scrollbar/texturesliderbar_hor.png</texturesliderbar>
				<texturesliderbarfocus border="6,0,6,0">scrollbar/texturesliderbarfocus_hor.png</texturesliderbarfocus>
				<textureslidernib>-</textureslidernib>
				<textureslidernibfocus>-</textureslidernibfocus>
				<animation effect="fade" start="100" end="0" time="500" delay="500" condition="!Control.HasFocus(60) + !Container.Scrolling">Conditional</animation>
				<showonepage>false</showonepage>
				<orientation>vertical</orientation>
			</control>
		</control>
	</include>
	<!-- Music RightList -->
	<include name="Music_RightList">
		<control type="group">
			<visible>Control.IsVisible(700) + !Window.IsActive(addoninformation)</visible>
			<include>ViewAnimation</include>
			<control type="group">
				<left>30</left>
				<top>50</top>
				<width>390</width>
				<height>164</height>
				<aspectratio aligny="bottom">keep</aspectratio>
				<visible>Skin.HasSetting(rightlistlogoartist) + [Container.Content(albums) | Container.Content(artists) | Container.Content(songs) | Window.IsActive(musicfiles)]</visible>
				<control type="image">
					<texture background="true">$INFO[Skin.String(pathlogosartists)]$INFO[ListItem.Artist,,/logo.png]</texture>
				</control>
			</control>
			<control type="group">
				<left>2</left>
				<top>420</top>
				<control type="image">
					<width>450</width>
					<height>650</height>
					<aspectratio aligny="bottom">keep</aspectratio>
					<texture background="true">$INFO[ListItem.Icon]</texture>
					<fadetime>IconCrossfadeTime</fadetime>
					<bordertexture border="20">thumbs/thumb_shadow.png</bordertexture>
					<bordersize>20</bordersize>
				</control>
			</control>
			<control type="grouplist">
				<left>434</left>
				<top>620</top>
				<width>650</width>
				<height>270</height>
				<usecontrolcoords>true</usecontrolcoords>
				<control type="label">
					<label>[COLOR labelheader]$LOCALIZE[557]:[/COLOR][CR]$INFO[ListItem.Artist]</label>
					<width>650</width>
					<include>DefaultButtonsValues</include>
					<visible>!IsEmpty(ListItem.Artist)</visible>
				</control>
				<control type="label">
					<label>[COLOR labelheader]$LOCALIZE[515]:[/COLOR][CR]$INFO[ListItem.Genre]</label>
					<width>650</width>
					<include>DefaultButtonsValues</include>
					<visible>!IsEmpty(ListItem.Genre)</visible>
				</control>
				<control type="label">
					<label>[COLOR labelheader]$LOCALIZE[180]:[/COLOR][CR]$INFO[ListItem.Duration]</label>
					<width>650</width>
					<include>DefaultButtonsValues</include>
					<visible>!IsEmpty(ListItem.Duration)</visible>
				</control>
				<control type="label">
					<label>[COLOR labelheader]$LOCALIZE[21894]:[/COLOR][CR]$INFO[ListItem.Property(Artist_Formed)]</label>
					<width>650</width>
					<include>DefaultButtonsValues</include>
					<visible>!IsEmpty(ListItem.Property(Artist_Formed)) + IsEmpty(ListItem.Property(Artist_Genre)) + IsEmpty(ListItem.Property(Artist_Born))</visible>
				</control>
				<control type="label">
					<label>[COLOR labelheader]$LOCALIZE[21893]:[/COLOR][CR]$INFO[ListItem.Property(Artist_Born)]</label>
					<width>650</width>
					<include>DefaultButtonsValues</include>
					<visible>!IsEmpty(ListItem.Property(Artist_Born)) + IsEmpty(ListItem.Property(Artist_Genre))</visible>
				</control>
				<control type="label">
					<label>[COLOR labelheader]$LOCALIZE[515]:[/COLOR][CR]$INFO[ListItem.Property(Artist_Genre)]</label>
					<width>650</width>
					<include>DefaultButtonsValues</include>
					<visible>!IsEmpty(ListItem.Property(Artist_Genre))</visible>
				</control>
				<control type="textbox">
					<label>[COLOR labelheader]$LOCALIZE[569]:[/COLOR][CR]$INFO[ListItem.Comment]</label>
					<left>15</left>
					<top>0</top>
					<width>615</width>
					<height>180</height>
					<font>font14_textbox</font>
					<pagecontrol>62</pagecontrol>
					<include>DefaultButtonsValues</include>
					<autoscroll time="3000" delay="4000" repeat="5000">Skin.HasSetting(Enable.AutoScroll) + !Control.HasFocus(62)</autoscroll>
					<visible>!IsEmpty(ListItem.Comment)</visible>
				</control>
			</control>
			<control type="group">
				<left>435</left>
				<top>810</top>
				<control type="textbox" id="70">
					<label>$VAR[OtherPlotVar]</label>
					<left>15</left>
					<top>0</top>
					<width>615</width>
					<height>245</height>
					<font>font14_textbox</font>
					<pagecontrol>63</pagecontrol>
					<include>DefaultButtonsValues</include>
					<autoscroll time="3000" delay="4000" repeat="5000">Skin.HasSetting(Enable.AutoScroll) + !Control.HasFocus(63)</autoscroll>
				</control>
				<control type="scrollbar" id="63">
					<left>636</left>
					<top>0</top>
					<width>14</width>
					<height>245</height>
					<onup>PageUp(70)</onup>
					<ondown>PageUp(70)</ondown>
					<onleft>SetProperty(MediaMenu,True,home)</onleft>
					<onleft>SetFocus(9050)</onleft>
					<onright>700</onright>
					<texturesliderbackground>scrollbar/texturesliderbackground2.png</texturesliderbackground>
					<texturesliderbar>scrollbar/texturesliderbar2.png</texturesliderbar>
					<texturesliderbarfocus border="1">scrollbar/texturesliderbar2.png</texturesliderbarfocus>
					<showonepage>false</showonepage>
					<orientation>vertical</orientation>
					<animation effect="fade" start="100" end="0" time="500" delay="500" condition="!Control.HasFocus(63) + !Container.Scrolling">Conditional</animation>
				</control>
			</control>
			<control type="list" id="700">
				<left>1090</left>
				<top>95</top>
				<width>1000</width>
				<height>830</height>
				<onleft condition="Control.IsVisible(63)">63</onleft>
				<onleft condition="!Control.IsVisible(63)">SetProperty(MediaMenu,True,home)</onleft>
				<onleft condition="!Control.IsVisible(63)">SetFocus(9050)</onleft>
				<onright>60</onright>
				<onup>700</onup>
				<ondown>700</ondown>
				<pagecontrol>60</pagecontrol>
				<viewtype label="RightList">list</viewtype>
				<visible>Container.Content(artists)</visible>
				<scrolltime tween="quadratic" easing="out">200</scrolltime>
				<itemlayout height="68" width="806" condition="Container.Content(artists)">
					<control type="image">
						<top>8</top>
						<left>20</left>
						<width>800</width>
						<height>60</height>
						<texture border="1">separator2.png</texture>
					</control>
					<control type="label">
						<left>30</left>
						<width>775</width>
						<height>68</height>
						<font>font15</font>
						<align>right</align>
						<textcolor>grey</textcolor>
						<selectedcolor>selected</selectedcolor>
						<label>$INFO[ListItem.Label]</label>
					</control>
					<control type="label">
						<left>110</left>
						<width>680</width>
						<height>68</height>
						<font>font15</font>
						<align>right</align>
						<textcolor>white</textcolor>
						<selectedcolor>selected</selectedcolor>
						<aligny>center</aligny>
						<label>$INFO[ListItem.Label2]</label>
					</control>
				</itemlayout>
				<focusedlayout height="68" width="806" condition="Container.Content(artists)">
					<control type="image">
						<top>10</top>
						<left>20</left>
						<width>800</width>
						<height>60</height>
						<texture border="1">separator2.png</texture>
					</control>
					<control type="image">
						<left>20</left>
						<width>825</width>
						<height>68</height>
						<texture border="4">listselect_fo.png</texture>
						<visible>Control.HasFocus(700)</visible>
						<include>VisibleFadeEffect</include>
					</control>
					<control type="label">
						<left>30</left>
						<width>775</width>
						<height>68</height>
						<font>font15</font>
						<align>right</align>
						<selectedcolor>selected</selectedcolor>
						<label>$INFO[ListItem.Label]</label>
						<animation effect="fade" start="100" end="70" time="300" tween="sine" easing="inout" condition="!Control.HasFocus(700)">Conditional</animation>
					</control>
					<control type="label">
						<left>110</left>
						<width>680</width>
						<height>68</height>
						<font>font15</font>
						<align>right</align>
						<selectedcolor>selected</selectedcolor>
						<aligny>center</aligny>
						<label>$INFO[ListItem.label2]</label>
						<animation effect="fade" start="100" end="70" time="300" tween="sine" easing="inout" condition="!Control.HasFocus(700)">Conditional</animation>
					</control>
				</focusedlayout>
			</control>
			<control type="scrollbar" id="60">
				<left>1904</left>
				<top>40</top>
				<width>14</width>
				<height>920</height>
				<onup>60</onup>
				<ondown>60</ondown>
				<onleft>700</onleft>
				<onright>SetProperty(MediaMenu,True,home)</onright>
				<onright>SetFocus(9050)</onright>
				<texturesliderbackground border="1">-</texturesliderbackground>
				<texturesliderbar border="6,0,6,0">scrollbar/texturesliderbar_hor.png</texturesliderbar>
				<texturesliderbarfocus border="6,0,6,0">scrollbar/texturesliderbarfocus_hor.png</texturesliderbarfocus>
				<textureslidernib>-</textureslidernib>
				<textureslidernibfocus>-</textureslidernibfocus>
				<animation effect="fade" start="100" end="0" time="500" delay="500" condition="!Control.HasFocus(60) + !Container.Scrolling">Conditional</animation>
				<showonepage>false</showonepage>
				<orientation>vertical</orientation>
			</control>
		</control>
	</include>
</includes>