<?xml version="1.0" encoding="UTF-8"?>

<window>
	<defaultcontrol always="true">20</defaultcontrol>
	
	<controls>
	
		<!--all content-->
		<control type="group">
			<visible>!Window.IsActive(FileBrowser) + !Window.IsVisible(AddonSettings)</visible>
			<animation effect="slide" start="1650,0" end="0,0" time="400" tween="quadratic" easing="out">WindowOpen</animation>
			<animation effect="slide" start="0,0" end="-1650,0" time="400" tween="quadratic" easing="out">WindowClose</animation>
			
			<animation effect="slide" start="1650,0" end="0,0" time="400" tween="quadratic" easing="out">Visible</animation>
			<animation effect="slide" start="0,0" end="-1650,0" time="400" tween="quadratic" easing="out">Hidden</animation>
			
			<!--title bars and backgrounds-->
			<include name="DynamicDialogBackground">
				<param name="dialog-left" value="355" />
				<param name="dialog-width" value="1210" />
				<param name="glow-width" value="1290" />
				<param name="buttonbar-visible" value="true" />
			</include>
			
			<!--close window button-->
			<control type="button">
				<left>360</left>
				<top>0</top>
				<width>50</width>
				<height>25</height>
				<label>-</label>
				<font>-</font>
				<onclick>PreviousMenu</onclick>
				<texturefocus>DialogCloseButton-focus.png</texturefocus>
				<texturenofocus>DialogCloseButton.png</texturenofocus>
				<onleft>9000</onleft>
				<onright>9000</onright>
				<onup>9000</onup>
				<ondown>9000</ondown>
				<visible>system.getbool(input.enablemouse)</visible>
			</control>
			
			<!--main content-->
			<control type="group">
				<left>355</left>
				<top>0</top>
				
				<!--title-->
				<control type="label" id="1">
					<left>45</left>
					<top>25</top>
					<width>1545</width>
					<height>60</height>
					<font>info.title</font>
					<align>left</align>
					<aligny>center</aligny>
					<textcolor>white</textcolor>
					<label>$LOCALIZE[20333]</label>
				</control>
				
				<!--content picker spin control-->
				<control type="spincontrolex" id="20">
					<left>45</left>
					<top>130</top>
					<width>1120</width>
					<height>60</height>
					<texturefocus colordiffuse="$VAR[Colour.500]">backgrounds/white.png</texturefocus>
					<texturenofocus colordiffuse="button.border">button-border-1110.png</texturenofocus>
					<font>-</font>
					<label>-</label>
					<reverse>yes</reverse>
					<onup>9001</onup>
					<ondown>21</ondown>
					<onleft>20</onleft>
					<onright>20</onright>
				</control>
				
				<!--directory contains label (no focus)-->
				<control type="label">
					<left>60</left>
					<top>130</top>
					<width>1545</width>
					<height>60</height>
					<font>breadcrumb</font>
					<align>left</align>
					<aligny>center</aligny>
					<textcolor>text.primary</textcolor>
					<label>$LOCALIZE[20344]</label>
					<visible>!Control.HasFocus(20)</visible>
				</control>
				
				<!--directory contains label (focus)-->
				<control type="label">
					<left>60</left>
					<top>130</top>
					<width>1545</width>
					<height>60</height>
					<font>breadcrumb</font>
					<align>left</align>
					<aligny>center</aligny>
					<textcolor>white</textcolor>
					<label>$LOCALIZE[20344]</label>
					<visible>Control.HasFocus(20)</visible>
				</control>
				
				<!--spin control value (no focus)-->
				<control type="label">
					<description>Content Picker label</description>
					<left>605</left>
					<top>130</top>
					<width>420</width>
					<height>60</height>
					<font>button</font>
					<label>$INFO[Control.GetLabel(20)]</label>
					<align>right</align>
					<aligny>center</aligny>
					<textcolor>text.primary</textcolor>
					<visible>!Control.HasFocus(20)</visible>
				</control>
				
				<!--spin control value (focus)-->
				<control type="label">
					<description>Content Picker label</description>
					<left>605</left>
					<top>130</top>
					<width>420</width>
					<height>60</height>
					<font>button</font>
					<label>$INFO[Control.GetLabel(20)]</label>
					<align>right</align>
					<aligny>center</aligny>
					<textcolor>white</textcolor>
					<visible>Control.HasFocus(20)</visible>
				</control>
				
				<!--title background-->
				<control type="image">
					<left>0</left>
					<top>210</top>
					<width>1210</width>
					<height>75</height>
					<texture background="true" colordiffuse="$VAR[Colour.900]">backgrounds/white.png</texture>
				</control>
		
				<!--title shadow-->
				<control type="image">
					<left>0</left>
					<top>210</top>
					<width>1210</width>
					<height>20</height>
					<texture background="true">homeshadow.png</texture>
					<animation effect="fade" start="100" end="75" time="0" condition="true">Conditional</animation>
				</control>
			
				<!--sub title shadow-->
				<control type="image">
					<left>0</left>
					<top>285</top>
					<width>1210</width>
					<height>10</height>
					<texture background="true">homeshadow.png</texture>
					<animation effect="fade" start="100" end="75" time="0" condition="true">Conditional</animation>
				</control>
				
				<!--scraper list title-->
				<control type="label">
					<left>55</left>
					<top>215</top>
					<width>1545</width>
					<height>60</height>
					<font>breadcrumb</font>
					<align>left</align>
					<aligny>center</aligny>
					<textcolor>white</textcolor>
					<label>$LOCALIZE[31313] [COLOR=white.2]($LOCALIZE[31071]: $INFO[ListItem.Label])[/COLOR]</label>
				</control>
				
				<!--scraper list-->
				<control type="list" id="21">
					<left>55</left>
					<top>310</top>
					<width>1110</width>
					<height>280</height>
					<pagecontrol>60</pagecontrol>
					<scrolltime>200</scrolltime>
					<onup>20</onup>
					<onleft>21</onleft>
					<onright>60</onright>
					<ondown>5</ondown>
					
					<itemlayout height="70">
						
						<!--icon (no fallback)-->
						<control type="image">
							<left>5</left>
							<top>5</top>
							<width>50</width>
							<height>50</height>
							<texture colordiffuse="text.primary">$INFO[ListItem.Icon,default small/,]</texture>
							<aspectratio align="center" aligny="center">keep</aspectratio>
							<visible>SubString(ListItem.Icon,default)</visible>
						</control>
						
						<!--icon (no fallback)-->
						<control type="image">
							<left>5</left>
							<top>5</top>
							<width>50</width>
							<height>50</height>
							<texture>$INFO[Listitem.Icon]</texture>
							<visible>!SubString(ListItem.Icon,default)</visible>
						</control>
						
						<!--label-->
						<control type="label">
							<left>65</left>
							<top>0</top>
							<width>1030</width>
							<height>60</height>
							<font>label</font>
							<align>left</align>
							<aligny>center</aligny>
							<textcolor>text.primary</textcolor>
							<selectedcolor>$VAR[Colour.500]</selectedcolor>
							<info>ListItem.Label</info>
						</control>
						
					</itemlayout>
					
					<focusedlayout height="70">
				
						<!--background-->
						<control type="image">
							<left>0</left>
							<top>0</top>
							<width>1110</width>
							<height>60</height>
							<texture colordiffuse="$VAR[Colour.500]">backgrounds/white.png</texture>
							<animation effect="fade" start="100" end="50" time="200" condition="!Control.HasFocus(21)">Conditional</animation>
						</control>
						
						<!--icon (fallback)-->
						<control type="image">
							<left>5</left>
							<top>5</top>
							<width>50</width>
							<height>50</height>
							<texture colordiffuse="white">$INFO[ListItem.Icon,default small/,]</texture>
							<aspectratio align="center" aligny="center">keep</aspectratio>
							<visible>SubString(ListItem.Icon,default)</visible>
						</control>
						
						<!--icon (no fallback)-->
						<control type="image">
							<left>5</left>
							<top>5</top>
							<width>50</width>
							<height>50</height>
							<texture>$INFO[Listitem.Icon]</texture>
							<visible>!SubString(ListItem.Icon,default)</visible>
						</control>
						
						<!--label-->
						<control type="label">
							<left>65</left>
							<top>0</top>
							<width>1030</width>
							<height>60</height>
							<font>label</font>
							<align>left</align>
							<aligny>center</aligny>
							<textcolor>white</textcolor>
							<selectedcolor>$VAR[Colour.Alt]</selectedcolor>
							<info>ListItem.Label</info>
						</control>
						
					</focusedlayout>
					
				</control>
				
				<!--scrollbar-->
				<control type="scrollbar" id="60">
					<left>1175</left>
					<top>310</top>
					<height>270</height>
					<orientation>vertical</orientation>
					<showonepage>false</showonepage>
					<texturesliderbackground colordiffuse="scroll.secondary">backgrounds/white.png</texturesliderbackground>
					<texturesliderbar colordiffuse="secondary">backgrounds/white.png</texturesliderbar>
					<onleft>21</onleft>
					<onright>21</onright>
				</control>
				
				<!--title background-->
				<control type="image">
					<left>0</left>
					<top>610</top>
					<width>1210</width>
					<height>75</height>
					<texture background="true" colordiffuse="$VAR[Colour.900]">backgrounds/white.png</texture>
				</control>
		
				<!--title shadow-->
				<control type="image">
					<left>0</left>
					<top>610</top>
					<width>1210</width>
					<height>20</height>
					<texture background="true">homeshadow.png</texture>
					<animation effect="fade" start="100" end="75" time="0" condition="true">Conditional</animation>
				</control>
			
				<!--sub title shadow-->
				<control type="image">
					<left>0</left>
					<top>685</top>
					<width>1210</width>
					<height>10</height>
					<texture background="true">homeshadow.png</texture>
					<animation effect="fade" start="100" end="75" time="0" condition="true">Conditional</animation>
				</control>
				
				<!--scanning options title-->
				<control type="label">
					<left>55</left>
					<top>615</top>
					<width>1545</width>
					<height>60</height>
					<font>breadcrumb</font>
					<align>left</align>
					<aligny>center</aligny>
					<textcolor>white</textcolor>
					<label>$LOCALIZE[31314]</label>
				</control>
				
				<!--bottom options-->
				<control type="grouplist" id="5">
					<description>control area</description>
					<left>55</left>
					<top>715</top>
					<width>1110</width>
					<height>330</height>
					<itemgap>5</itemgap>
					<onup>21</onup>
					<ondown>9001</ondown>
					<onleft>5</onleft>
					<onright>5</onright>
				</control>
				
				<!--button-->
				<control type="button" id="7">
					<left>0</left>
					<top>0</top>
					<height>60</height>
					<font>button</font>
					<texturefocus colordiffuse="$VAR[Colour.500]">backgrounds/white.png</texturefocus>
					<texturenofocus colordiffuse="button.border">-</texturenofocus>
					<textwidth>1000</textwidth>
					<include>ButtonCommonValues</include>
				</control>
				
				<!--radio button-->
				<control type="radiobutton" id="8">
					<description>Default RadioButton</description>
					<left>0</left>
					<top>0</top>
					<height>60</height>
					<font>button</font>
					<texturefocus colordiffuse="$VAR[Colour.500]">backgrounds/white.png</texturefocus>
					<texturenofocus colordiffuse="button.border">-</texturenofocus>
					<textwidth>1000</textwidth>
					<include>ButtonCommonValues</include>
				</control>
				
				<!--bottom buttons-->
				<control type="grouplist" id="9001">
					<left>105</left>
					<top>1015</top>
					<width>1000</width>
					<height>60</height>
					<align>justify</align>
					<orientation>horizontal</orientation>
					<onleft>9001</onleft>
					<onright>9001</onright>
					<onup>5</onup>
					<ondown>20</ondown>
					
					<!--ok button-->
					<include name="AnimatedCircleButtonGroup">
						<param name="button-id" value="28" />
						<param name="button-width" value="130" />
						<param name="button-texture" value="yesbutton" />
						<param name="button-label" value="186" />
						<param name="button-onup" value="5" />
						<param name="button-ondown" value="20" />
						<param name="button-onleft" value="22" />
						<param name="button-onright" value="29" />
					</include>
					
					<!--cancel button-->
					<include name="AnimatedCircleButtonGroup">
						<param name="button-id" value="29" />
						<param name="button-width" value="180" />
						<param name="button-texture" value="nobutton" />
						<param name="button-label" value="222" />
						<param name="button-onup" value="5" />
						<param name="button-ondown" value="20" />
						<param name="button-onleft" value="28" />
						<param name="button-onright" value="22" />
					</include>
					
					<!--default button-->
					<include name="AnimatedCircleButtonGroup">
						<param name="button-id" value="22" />
						<param name="button-width" value="180" />
						<param name="button-texture" value="settingsbutton" />
						<param name="button-label" value="5" />
						<param name="button-onup" value="5" />
						<param name="button-ondown" value="20" />
						<param name="button-onleft" value="29" />
						<param name="button-onright" value="28" />
					</include>
					
				</control>
				
			</control>
			
		</control>
		
	</controls>
	
</window>