<?xml version="1.0" encoding="UTF-8"?>

<window>

	<defaultcontrol always="true">21</defaultcontrol>

	<controls>

		<!--all content-->
		<control type="group">
			
			<animation effect="slide" start="1650,0" end="0,0" time="400" tween="quadratic" easing="out">WindowOpen</animation>
			<animation effect="slide" start="0,0" end="-1650,0" time="400" tween="quadratic" easing="out">WindowClose</animation>
			
			<animation effect="slide" start="1650,0" end="0,0" time="400" tween="quadratic" easing="out">Visible</animation>
			<animation effect="slide" start="0,0" end="-1650,0" time="400" tween="quadratic" easing="out">Hidden</animation>
			
			<!--title bars and backgrounds-->
			<include name="DynamicDialogBackground">
				<param name="dialog-left" value="765" />
				<param name="dialog-width" value="390" />
				<param name="glow-width" value="470" />
				<param name="title-height" value="150" />
			</include>
			
			<!--text entry background-->
			<control type="image">
				<left>765</left>
				<top>150</top>
				<width>390</width>
				<height>80</height>
				<texture colordiffuse="primary">backgrounds/white.png</texture>
			</control>
			
			<!--title shadow-->
			<control type="image">
				<left>765</left>
				<top>150</top>
				<width>390</width>
				<height>20</height>
				<texture>homeshadow.png</texture>
				<animation effect="fade" start="100" end="75" time="0" condition="true">Conditional</animation>
			</control>
			
			<!--text entry shadow-->
			<control type="image">
				<left>765</left>
				<top>230</top>
				<width>390</width>
				<height>20</height>
				<texture>homeshadow.png</texture>
				<animation effect="fade" start="100" end="75" time="0" condition="true">Conditional</animation>
			</control>
			
			<!--close window button-->
			<control type="button">
				<left>770</left>
				<top>0</top>
				<width>50</width>
				<height>25</height>
				<label>-</label>
				<font>-</font>
				<onclick>PreviousMenu</onclick>
				<texturefocus>DialogCloseButton-focus.png</texturefocus>
				<texturenofocus>DialogCloseButton.png</texturenofocus>
				<onleft>9000</onleft>
				<onright>9000</onright>
				<onup>9000</onup>
				<ondown>9000</ondown>
				<visible>system.getbool(input.enablemouse)</visible>
			</control>
			
			<control type="label" id="4">
				<description>Edit Text</description>
				<left>765</left>
				<top>150</top>
				<width>390</width>
				<height>80</height>
				<font>button.bold</font>
				<align>center</align>
				<aligny>center</aligny>
			</control>

			<control type="label" id="1">
				<description>dialog Heading</description>
				<left>810</left>
				<top>50</top>
				<width>300</width>
				<height>60</height>
				<font>info.title</font>
				<textcolor>white</textcolor>
				<align>left</align>
				<aligny>center</aligny>
				<wrapmultiline>true</wrapmultiline>
			</control>

			<control type="group">
				<left>803</left>
				<top>383</top>

				<control type="button" id="11">
					<description>1 button</description>
					<left>0</left>
					<top>0</top>
					<include>KeyboardButton</include>
					<label>12311</label>
					<onleft>23</onleft>
					<onright>12</onright>
					<onup>20</onup>
					<ondown>14</ondown>
				</control>

				<control type="button" id="12">
					<description>2 button</description>
					<left>80</left>
					<top>0</top>
					<include>KeyboardButton</include>
					<label>12312</label>
					<onleft>11</onleft>
					<onright>13</onright>
					<onup>10</onup>
					<ondown>15</ondown>
				</control>

				<control type="button" id="13">
					<description>3 button</description>
					<left>160</left>
					<top>0</top>
					<include>KeyboardButton</include>
					<label>12313</label>
					<onleft>12</onleft>
					<onright>23</onright>
					<onup>22</onup>
					<ondown>16</ondown>
				</control>

				<control type="group" id="351">
					<left>240</left>
					<top>0</top>
					<width>75</width>
					
					<control type="button" id="23">
						<description>BACKSPACE button</description>
						<height>155</height>
						<label>20181</label>
						<onleft>13</onleft>
						<onright>11</onright>
						<onup>21</onup>
						<ondown>21</ondown>
						<textcolor>text.primary</textcolor>
						<focusedcolor>$VAR[Colour.500]</focusedcolor>
						<include>KeyboardButton</include>
					</control>

					<control type="image">
						<top>40</top>
						<width>75</width>
						<height>75</height>
						<texture colordiffuse="tertiary">keyboarddelete.png</texture>
						<visible>!Control.HasFocus(23)</visible>
					</control>

					<control type="image">
						<top>40</top>
						<width>75</width>
						<height>75</height>
						<texture colordiffuse="white">keyboarddelete.png</texture>
						<visible>Control.HasFocus(23)</visible>
					</control>

				</control>

				<control type="button" id="14">
					<description>4 button</description>
					<left>0</left>
					<top>80</top>
					<include>KeyboardButton</include>
					<label>12314</label>
					<onleft>23</onleft>
					<onright>15</onright>
					<onup>11</onup>
					<ondown>17</ondown>
				</control>

				<control type="button" id="15">
					<description>5 button</description>
					<left>80</left>
					<top>80</top>
					<include>KeyboardButton</include>
					<label>12315</label>
					<onleft>14</onleft>
					<onright>16</onright>
					<onup>12</onup>
					<ondown>18</ondown>
				</control>

				<control type="button" id="16">
					<description>6 button</description>
					<left>160</left>
					<top>80</top>
					<include>KeyboardButton</include>
					<label>12316</label>
					<onleft>15</onleft>
					<onright>23</onright>
					<onup>13</onup>
					<ondown>19</ondown>
				</control>

				<control type="button" id="17">
					<description>7 button</description>
					<left>0</left>
					<top>160</top>
					<include>KeyboardButton</include>
					<label>12317</label>
					<onleft>21</onleft>
					<onright>18</onright>
					<onup>14</onup>
					<ondown>20</ondown>
				</control>

				<control type="button" id="18">
					<description>8 button</description>
					<left>80</left>
					<top>160</top>
					<include>KeyboardButton</include>
					<label>12318</label>
					<onleft>17</onleft>
					<onright>19</onright>
					<onup>15</onup>
					<ondown>10</ondown>
				</control>

				<control type="button" id="19">
					<description>9 button</description>
					<left>160</left>
					<top>160</top>
					<include>KeyboardButton</include>
					<label>12319</label>
					<onleft>18</onleft>
					<onright>21</onright>
					<onup>16</onup>
					<ondown>22</ondown>
				</control>
				
				<control type="group" id="352">
					<left>240</left>
					<top>160</top>
					<width>75</width>
					
					<control type="button" id="21">
						<description>DONE button</description>
						<height>155</height>
						<label>20177</label>
						<onleft>19</onleft>
						<onright>17</onright>
						<onup>23</onup>
						<ondown>23</ondown>
						<textcolor>text.primary</textcolor>
						<focusedcolor>$VAR[Colour.500]</focusedcolor>
						<include>KeyboardButton</include>
					</control>

					<control type="image">
						<top>37</top>
						<width>75</width>
						<height>75</height>
						<texture colordiffuse="tertiary">keyboardenter.png</texture>
						<visible>!Control.HasFocus(21)</visible>
					</control>

					<control type="image">
						<top>37</top>
						<width>75</width>
						<height>75</height>
						<texture colordiffuse="white">keyboardenter.png</texture>
						<visible>Control.HasFocus(21)</visible>
					</control>

				</control>

				<control type="button" id="20">
					<description>prev button</description>
					<left>0</left>
					<top>240</top>
					<include>KeyboardButton</include>
					<label>&lt;</label>
					<onleft>21</onleft>
					<onright>10</onright>
					<onup>17</onup>
					<ondown>11</ondown>
				</control>

				<control type="button" id="10">
					<description>0 button</description>
					<left>80</left>
					<top>240</top>
					<include>KeyboardButton</include>
					<label>12310</label>
					<onleft>20</onleft>
					<onright>22</onright>
					<onup>18</onup>
					<ondown>12</ondown>
				</control>

				<control type="button" id="22">
					<description>next button</description>
					<left>160</left>
					<top>240</top>
					<include>KeyboardButton</include>
					<label>&gt;</label>
					<onleft>10</onleft>
					<onright>21</onright>
					<onup>19</onup>
					<ondown>13</ondown>
				</control>

			</control>

		</control>

	</controls>

</window>