<?xml version="1.0" encoding="UTF-8"?>

<window>

	<defaultcontrol always="true">570</defaultcontrol>
	<menucontrol>9000</menucontrol>
		
	<views>570,571</views>
	
	<controls>
	
		<!--all content-->
		<control type="group">
		
			<!--backgrounds (e.g. fanart-->
			<control type="group">
				<include>CommonBackground</include>
			</control>
			
			<!--views-->
			<control type="group">
				<include>Window_OpenClose_Animation</include>
				<include>EventListView</include>
				<!-- view id = 570 -->
				<include>EventBigListView</include>
				<!-- view id = 571 -->
			</control>
			
			<!--general window furniture-->
			<control type="group">
				<include>Clock</include>
				<include>CommonPageCount</include>
				<include>CommonNowPlaying</include>
				<include>MainWindowMouseButtons</include>
				<include>ScrollOffsetLabel</include>
			</control>
			
			<!--breadcrumbs-->
			<control type="group">
				
				<!--breadcrumb bg-->
				<control type="image">
					<left>64</left>
					<top>60</top>
					<width>500</width>
					<height>45</height>
					<texture colordiffuse="tertiary">backgrounds/white.png</texture>
				</control>
				
				<!--breadcrumb strip-->
				<control type="image">
					<left>60</left>
					<top>60</top>
					<width>4</width>
					<height>45</height>
					<texture colordiffuse="$VAR[Colour.500]">backgrounds/white.png</texture>
				</control>
				
				<!--breadcrumb labels-->
				<control type="grouplist">
					<left>73</left>
					<top>60</top>
					<width>1500</width>
					<height>45</height>
					<orientation>horizontal</orientation>
					<align>left</align>
					<itemgap>8</itemgap>
					
					<control type="label">
						<width min="0" max="385">auto</width>
						<include>WindowTitleCommons</include>
						<label>$LOCALIZE[14111]</label>
					</control>
					
				</control>
						
				<!--sort method bg-->
				<control type="image">
					<left>64</left>
					<top>110</top>
					<width>225</width>
					<height>34</height>
					<texture colordiffuse="tertiary">backgrounds/white.png</texture>
				</control>
			
				<!--sort method strip-->
				<control type="image">
					<left>60</left>
					<top>110</top>
					<width>4</width>
					<height>34</height>
					<texture colordiffuse="$VAR[Colour.500]">backgrounds/white.png</texture>
				</control>
			
				<!--sort method label-->
				<control type="label">
					<left>73</left>
					<top>110</top>
					<width>300</width>
					<height>34</height>
					<align>left</align>
					<aligny>center</aligny>
					<font>breadcrumb.secondary</font>
					<textcolor>text.primary</textcolor>
					<label>$INFO[Container.SortMethod,$LOCALIZE[31062] ]</label>
				</control>
				
			</control>
			
			<!--fake button to hide left blade-->
			<control type="button" id="73">
				<left>0</left>
				<top>0</top>
				<width>375</width>
				<height>1080</height>
				<label>-</label>
				<font>-</font>
				<texturenofocus>-</texturenofocus>
				<texturefocus>-</texturefocus>
				<visible>ControlGroup(9000).HasFocus | Control.HasFocus(9001) | Control.HasFocus(8999)</visible>
			</control>
			
			<!--dialog fade-->
			<include>BehindDialogFadeOut</include>
			
			<!--view options-->
			<control type="group">
				<left>-375</left>
				<include>SideBladeLeft</include>
				
				<!--buttons grouplist-->
				<control type="grouplist" id="9000">
					<left>10</left>
					<top>100</top>
					<width>375</width>
					<height>975</height>
					<onleft>9000</onleft>
					<onright>570</onright>
					<onup>9000</onup>
					<ondown>9000</ondown>
					<onback>570</onback>
					<itemgap>0</itemgap>
					
					<!--view as-->
					<control type="button" id="2">
						<textwidth>352</textwidth>
						<include>ButtonCommonValues</include>
						<label>-</label>
					</control>
					
					<!--ascending/descending-->
					<control type="togglebutton" id="4">
						<include>ButtonCommonValues</include>
						<label>31051</label>
						<altlabel>31050</altlabel>
						<usealttexture>Container.SortDirection(Ascending)</usealttexture>
					</control>
					
					<!--level button-->
					<control type="button" id="21">
						<textwidth>255</textwidth>
						<include>ButtonCommonValues</include>
						<label>-</label>
					</control>
					
					<!--current level only-->
					<control type="radiobutton" id="22">
						<label>-</label>
						<include>ButtonCommonValues</include>
					</control>
					
					<!--clear button-->
					<control type="button" id="20">
						<include>ButtonCommonValues</include>
						<label>192</label>
					</control>
					
					<!--choose colour-->
					<control type="button" id="32">
						<label>$LOCALIZE[31919]</label>
						<include>ButtonCommonValues</include>
						<onclick>SetFocus(50)</onclick>
						<onclick>ActivateWindow(1100)</onclick>
					</control>
					
					<!--now playing controls-->
					<include>CommonNowPlaying_Controls</include>
					
				</control>
				
			</control>
		
		</control>
		
	</controls>
	
</window>