<colors>
	<color name="Black">FF000000</color>
	<color name="Black10">22000000</color>
	<color name="Black60">77000000</color>
	<color name="Black70">A9000000</color>
	<color name="Black80">CC000000</color>
	<color name="White">FFFFFFFF</color>
	<color name="White10">11FFFFFF</color>
	<color name="White40">44FFFFFF</color>
	<color name="White60">77FFFFFF</color>
	<color name="White80">CCFFFFFF</color>
	<color name="Red">44000000</color>
	<color name="Blue">FF0000FF</color>
	<color name="FanartDiffuse">66FFFFFF</color>
	<color name="HomeDiffuse">66FFFFFF</color>
	<color name="Home2Diffuse">66FFFFFF</color>
	<color name="HomeFanart">AAAAAAAA</color>
	<color name="ImageDiffuse">88888888</color>
	<color name="PanelDiffuse">88888888</color>
	<color name="ImageDiffuse2">44666666</color>
	<color name="WallsDiffuse">BBFFFFFF</color>
	<color name="Diffuse3">AAFFFFFF</color>
	<color name="Diffuse4">E3FFFFFF</color>
	<color name="Accent">FF19A2DE</color>
	<color name="AccentDiffuse">FFDDDDDD</color>
</colors>