<?xml version="1.0" encoding="UTF-8"?>
<includes>
    <constant name="PosXForSmallIconFrameForDialog">235</constant>
    <constant name="PosYForSmallIconFrameForDialog">20</constant>
    <constant name="CenterXForSmallIconFrameForDialog">280</constant>
    <constant name="CenterYForSmallIconFrameForDialog">65</constant>
    
    <constant name="PosXForDefaultIconFrameForDialog">145</constant>
    <constant name="PosYForDefaultIconFrameForDialog">20</constant>
    <constant name="CenterXForDefaultIconFrameForDialog">280</constant>
    <constant name="CenterYForDefaultIconFrameForDialog">155</constant>

    <include name="HelpButtonForDialog">
        <param name="id" default="0" />
        <param name="posy" default="0" />

        <definition>
            <control type="radiobutton" id="$PARAM[id]">
                <posy>$PARAM[posy]</posy>
                <label>$LOCALIZE[10043]</label>
                <selected>Skin.HasSetting(DialogHelp.Visible)</selected>
                <onclick>Skin.ToggleSetting(DialogHelp.Visible)</onclick>
            </control>
        </definition>
    </include>
    
    <include name="ButtonForDialog">
        <param name="id" default="0" />
        <param name="posy" default="0" />
        <param name="label" default="-" />

        <definition>
            <control type="button" id="$PARAM[id]">
                <posy>$PARAM[posy]</posy>
                <label>$PARAM[label]</label>
            </control>
        </definition>
    </include>

    <include name="AddButtonForDialog">
        <param name="id" default="0" />
        <param name="posy" default="0" />

        <definition>
            <control type="button" id="$PARAM[id]">
                <posy>$PARAM[posy]</posy>
                <label>$LOCALIZE[15019]</label>
            </control>
        </definition>
    </include>

    <include name="ApplyButtonForDialog">
        <param name="id" default="0" />
        <param name="posy" default="0" />

        <definition>
            <control type="button" id="$PARAM[id]">
                <posy>$PARAM[posy]</posy>
                <label>$LOCALIZE[732]</label>
            </control>
        </definition>
    </include>
    
    <include name="ClearButtonForDialog">
        <param name="id" default="0" />
        <param name="posy" default="0" />
        <param name="label" default="$LOCALIZE[192]" />

        <definition>
            <control type="button" id="$PARAM[id]">
                <posy>$PARAM[posy]</posy>
                <label>$PARAM[label]</label>
            </control>
        </definition>
    </include>

    <include name="CloseButtonForDialog">
        <param name="id" default="0" />
        <param name="posy" default="0" />
        <param name="label" default="$LOCALIZE[31915]" />

        <definition>
            <control type="button" id="$PARAM[id]">
                <posy>$PARAM[posy]</posy>
                <label>$PARAM[label]</label>
                <onclick>Close</onclick>
            </control>
        </definition>
    </include>

    <include name="DefaultsButtonForDialog">
        <param name="id" default="0" />
        <param name="posy" default="0" />

        <definition>
            <control type="button" id="$PARAM[id]">
                <posy>$PARAM[posy]</posy>
                <label>$LOCALIZE[409]</label>
            </control>
        </definition>
    </include>

    <include name="DeleteButtonForDialog">
        <param name="id" default="0" />
        <param name="posy" default="0" />

        <definition>
            <control type="button" id="$PARAM[id]">
                <posy>$PARAM[posy]</posy>
                <label>$LOCALIZE[117]</label>
            </control>
        </definition>
    </include>

    <include name="EditButtonForDialog">
        <param name="id" default="0" />
        <param name="posy" default="0" />

        <definition>
            <control type="button" id="$PARAM[id]">
                <posy>$PARAM[posy]</posy>
                <label>$LOCALIZE[21435]</label>
            </control>
        </definition>
    </include>
    
    <include name="SetHelpButtonForDialog">
        <param name="id" default="26" />
        <param name="posy" default="0" />

        <definition>
            <control type="radiobutton" id="$PARAM[id]">
                <description>Help Radiobutton</description>
                <posy>$PARAM[posy]</posy>
                <label>$LOCALIZE[10043]</label>
                <selected>Skin.HasSetting(DialogHelp.Visible)</selected>
                <onclick>Skin.ToggleSetting(DialogHelp.Visible)</onclick>
            </control>
        </definition>
    </include>
    
    <include name="SetUserRatingButtonForDialog">
        <param name="id" default="7" />
        <param name="posy" default="0" />

        <definition>
            <control type="button" id ="$PARAM[id]">
                <posy>$PARAM[posy]</posy>
                <label>$LOCALIZE[38023]</label>
            </control>
        </definition>
    </include>
    
    <include name="SettingsButtonForDialog">
        <param name="id" default="0" />
        <param name="posy" default="0" />

        <definition>
            <control type="button" id="$PARAM[id]">
                <posy>$PARAM[posy]</posy>
                <label>$LOCALIZE[5]</label>
            </control>
        </definition>
    </include>

    <include name="OkButtonForDialog">
        <param name="id" default="28" />
        <param name="posy" default="0" />

        <definition>
            <control type="button" id="$PARAM[id]">
                <posy>$PARAM[posy]</posy>
                <label>$LOCALIZE[186]</label>
            </control>
        </definition>
    </include>

    <include name="CancelButtonForDialog">
        <param name="id" default="29" />
        <param name="posy" default="0" />

        <definition>
            <control type="button" id="$PARAM[id]">
                <posy>$PARAM[posy]</posy>
                <label>$LOCALIZE[222]</label>
            </control>
        </definition>
    </include>

    <include name="SpacerForButtonListForDialog">
        <param name="id" default="0" />
        <param name="buttonid" default="0" />
    
        <definition>
            <control type="image" id="$PARAM[id]">
                <visible>!Control.IsVisible($PARAM[buttonid])</visible>
                <height>40</height>
                <texture>-</texture>
            </control>
        </definition>
    </include>

    <include name="MarkupForButtonListForDialog">
        <param name="posy" default="320" />
        <param name="height" default="-" />
    
        <definition>
			<posx>40</posx>
			<posy>$PARAM[posy]</posy>
			<width>480</width>
			<height>$PARAM[height]</height>
			<orientation>vertical</orientation>
			<itemgap>0</itemgap>
            <usecontrolcoords>true</usecontrolcoords>
        </definition>
    </include>

    <include name="MarkupForListForDialog">
        <param name="posy" default="80" />
        <param name="height" default="-" />
        <param name="pagecontrol" default="-" />
        <param name="scrolltime" default="200" />
    
        <definition>
			<posx>560</posx>
			<posy>$PARAM[posy]</posy>
			<width>1240</width>
			<height>$PARAM[height]</height>
			<orientation>vertical</orientation>
			<itemgap>0</itemgap>
			<pagecontrol>$PARAM[pagecontrol]</pagecontrol>
            <scrolltime>$PARAM[scrolltime]</scrolltime>
        </definition>
    </include>
    
    <include name="MarkupForInfoListForDialog">
        <param name="posy" default="80" />
        <param name="height" default="-" />
        <param name="pagecontrol" default="-" />
    
        <definition>
			<posx>560</posx>
			<posy>$PARAM[posy]</posy>
			<width>1240</width>
			<height>$PARAM[height]</height>
			<orientation>vertical</orientation>
			<itemgap>0</itemgap>
			<pagecontrol>$PARAM[pagecontrol]</pagecontrol>
            <scrolltime>200</scrolltime>
            <autoscroll delay="3000" time="1000" repeat="3000">Skin.HasSetting(Settings.DialogInfoAutoScroll)</autoscroll>
        </definition>
    </include>

	<include name="MarkupForScrollbarForDialog">
        <param name="posx" default="1840" />
        <param name="posy" default="0" />
        <param name="height" default="0" />
    
        <definition>
            <posx>$PARAM[posx]</posx>
            <posy>$PARAM[posy]</posy>
            <width>20</width>
            <height>$PARAM[height]</height>
            <texturesliderbackground border="0,14,0,14" colordiffuse="$VAR[MainColor]">controls/horizontalbar-thick.png</texturesliderbackground>
            <texturesliderbar border="0,14,0,14" colordiffuse="$VAR[FademaskColor]">controls/horizontalbar-thin.png</texturesliderbar>
            <texturesliderbarfocus border="0,14,0,14" colordiffuse="$VAR[BackgroundColor]">controls/horizontalbar-thin.png</texturesliderbarfocus>
            <orientation>vertical</orientation>
            <showonepage>false</showonepage>
        </definition>
	</include>

    <include name="LabelForDialog">
        <param name="id" default="0" />
        <param name="posy" default="80" />
        <param name="textcolor" default="$VAR[SecondaryColor]" />
        <param name="label" default="-" />
    
        <definition>
   			<control type="label" id="$PARAM[id]">
                <posx>560</posx>
                <posy>$PARAM[posy]</posy>
                <width>1240</width>
                <height>40</height>
                <font>DialogTextFont</font>
                <textcolor>$PARAM[textcolor]</textcolor>
                <align>left</align>
				<label>$PARAM[label]</label>
			</control>
        </definition>
    </include>

	<include name="ScrollbarForDialog">
        <param name="id" default="0" />
        <param name="posx" default="1840" />
        <param name="posy" default="80" />
        <param name="height" default="120" />
        <param name="onup" default="Noop" />
        <param name="ondown" default="Noop" />
        <param name="onleft" default="Noop" />
        <param name="onright" default="Noop" />
    
        <definition>
            <control id="$PARAM[id]" type="scrollbar">
				<include name="MarkupForScrollbarForDialog">
                    <param name="posx" value="$PARAM[posx]" />
                    <param name="posy" value="$PARAM[posy]" />
                    <param name="height" value="$PARAM[height]" />
                </include>
                <onup>$PARAM[onup]</onup>
                <ondown>$PARAM[ondown]</ondown>
                <onleft>$PARAM[onleft]</onleft>
                <onright>$PARAM[onright]</onright>
            </control>
        </definition>
    </include>

    <include name="TextboxForDialog">
        <param name="posy" default="80" />
        <param name="height" default="120" />
        <param name="textboxid" default="-" />
        <param name="scrollbarid" default="-" />
        <param name="label" default="-" />
        <param name="onup" default="Noop" />
        <param name="ondown" default="Noop" />
        <param name="onleft" default="Noop" />
        <param name="onright" default="Noop" />

        <definition>
            <control type="textbox" id="$PARAM[textboxid]">
                <posx>560</posx>
                <posy>$PARAM[posy]</posy>
                <width>1240</width>
                <height>$PARAM[height]</height>
                <font>DialogDescriptionFont</font>
                <textcolor>$VAR[SecondaryColor]</textcolor>
                <align>left</align>
                <pagecontrol>$PARAM[scrollbarid]</pagecontrol>
                <label>$PARAM[label] </label>
            </control>
            
            <control type="scrollbar" id="$PARAM[scrollbarid]">
                <visible>Control.IsVisible($PARAM[textboxid])</visible>
                <include name="MarkupForScrollbarForDialog">
                    <param name="posy" value="$PARAM[posy]" />
                    <param name="height" value="$PARAM[height]" />
                </include>
                <onup>$PARAM[onup]</onup>
                <ondown>$PARAM[ondown]</ondown>
                <onleft>$PARAM[onleft]</onleft>
                <onright>$PARAM[onright]</onright>
            </control>
        </definition>
    </include>

	<include name="ControlListForDialog">
        <param name="posy" default="80" />
        <param name="id" default="0" />
        <param name="height" default="220" />
        <param name="pagecontrol" default="-" />
        <param name="scrolltime" default="200" />
        <param name="onup" default="Noop" />
        <param name="ondown" default="Noop" />
        <param name="onleft" default="9000" />
        <param name="onright" default="Noop" />
        
        <definition>
  			<control type="grouplist" id="$PARAM[id]">
                <posx>560</posx>
                <posy>$PARAM[posy]</posy>
                <width>1240</width>
                <height>$PARAM[height]</height>
                <orientation>vertical</orientation>
                <itemgap>0</itemgap>
                <usecontrolcoords>true</usecontrolcoords>
                <pagecontrol>$PARAM[pagecontrol]</pagecontrol>
                <scrolltime>$PARAM[scrolltime]</scrolltime>
                <onup>$PARAM[onup]</onup>
                <ondown>$PARAM[ondown]</ondown>
                <onleft>$PARAM[onleft]</onleft>
                <onright>$PARAM[onright]</onright>
			</control>
        </definition>
    </include>
    
	<include name="DefaultControlsForDialog">
        <param name="buttonid" default="7" />
        <param name="radiobuttonid" default="8" />
        <param name="spincontrolexid" default="9" />
        <param name="imageid" default="11" />
        <param name="editvisible" default="true" />
        <param name="editid" default="12" />
        <param name="sliderexid" default="13" />
        <param name="labelid" default="14" />
        
        <definition>
			<control type="button" id="$PARAM[buttonid]">
				<width>1240</width>
				<align>left</align>
			</control>

			<control type="radiobutton" id="$PARAM[radiobuttonid]">
				<width>1240</width>
				<align>left</align>
			</control>

			<control type="spincontrolex" id="$PARAM[spincontrolexid]">
				<width>1240</width>
				<align>left</align>
				<reverse>yes</reverse>
			</control>

			<control type="image" id="$PARAM[imageid]">
				<height>20</height>
				<texture>-</texture>
			</control>

			<control type="edit" id="$PARAM[editid]">
                <visible>$PARAM[editvisible]</visible>
				<width>1240</width>
				<align>left</align>
			</control>

			<control type="sliderex" id="$PARAM[sliderexid]">
				<width>1240</width>
				<align>left</align>
			</control>

            <control type="label" id="$PARAM[labelid]">
				<width>1240</width>
                <textcolor>$VAR[SelectColor]</textcolor>
                <label>-</label>
            </control>
        </definition>
    </include>
    
    <include name="DefaultImageForDialog">
        <param name="posx" default="PosXForDefaultIconFrameForDialog" />
        <param name="posy" default="PosYForDefaultIconFrameForDialog" />
        <param name="texture" default="-" />
        
        <definition>
            <control type="group">
                <posx>$PARAM[posx]</posx>
                <posy>$PARAM[posy]</posy>
				<include>BackgroundForDefaultCircleThumbnailIcon</include>

				<control type="image">
					<posx>4</posx>
					<posy>4</posy>
					<width>262</width>
					<height>262</height>
					<texture diffuse="elements/circle-mask.png" background="true">$PARAM[texture]</texture>
					<aspectratio>keep</aspectratio>
				</control>
			</control>
        </definition>
    </include>
    
    <include name="HelpFrameForDialog">
        <param name="height" default="280" />
        
        <definition>
            <control type="image">
                <width>480</width>
                <height>$PARAM[height]</height>
                <aspectratio>stretch</aspectratio>
                <texture colordiffuse="$VAR[BackgroundColor]" border="20">controls/rectangle-fill.png</texture>
            </control>

            <control type="image">
                <visible>!Skin.HasSetting(Colors.ButtonAreaSeparate)</visible>
                <width>480</width>
                <height>$PARAM[height]</height>
                <aspectratio>stretch</aspectratio>
                <texture colordiffuse="$VAR[MainColor]" border="20">controls/rectangle-clear.png</texture>
            </control>
            
            <control type="image">
                <posx>-17</posx>
                <posy>20</posy>
                <width>35</width>
                <height>35</height>
                <texture colordiffuse="$VAR[MainColor]">elements/circle-mask.png</texture>
            </control>

            <control type="label">
                <description>Question Mark Label</description>
                <posx>-17</posx>
                <posy>20</posy>
                <width>35</width>
                <height>35</height>
                <font>DialogTextFont</font>
                <textcolor>$VAR[BackgroundColor]</textcolor>
                <align>center</align>
                <label>$LOCALIZE[31904]</label>
            </control>
        </definition>
    </include>
    
	<include name="ItemsForNormalListInDialog">
        <param name="listid" default="0" />
    
        <definition>
            <itemlayout height="40">
                <include>NormalItemsForNormalListInDialog</include>
            </itemlayout>

            <focusedlayout height="40">
                <control type="group">
                    <visible>Control.HasFocus($PARAM[listid])</visible>
                    <include>FocusedItemsForNormalListInDialog</include>
                </control>
                <control type="group">
                    <visible>!Control.HasFocus($PARAM[listid])</visible>
                    <include>SelectedItemsForNormalListInDialog</include>
                </control>
            </focusedlayout>
        </definition>
	</include>

	<include name="NormalItemsForNormalListInDialog">
        <definition>
            <control type="image">
                <width>1240</width>
                <height>40</height>
                <aspectratio>stretch</aspectratio>
                <texture colordiffuse="$VAR[BackgroundColor]" border="20">controls/rectangle-fill.png</texture>
            </control>
            <control type="label">
                <posx>20</posx>
                <width>1200</width>
                <height>40</height>
                <font>DialogTextFont</font>
                <textcolor>$VAR[MainColor]</textcolor>
                <scroll>false</scroll>
                <info>ListItem.Label</info>
            </control>
            <control type="label">
                <posx>20</posx>
                <width>1200</width>
                <font>DialogTextFont</font>
                <textcolor>$VAR[MainColor]</textcolor>
                <align>right</align>
                <scroll>false</scroll>
                <info>ListItem.Label2</info>
            </control>
        </definition>
	</include>
	
	<include name="FocusedItemsForNormalListInDialog">
        <definition>
            <control type="image">
                <width>1240</width>
                <height>40</height>
                <aspectratio>stretch</aspectratio>
                <texture colordiffuse="$VAR[MainColor]" border="20">controls/rectangle-fill.png</texture>
            </control>
            <control type="label">
                <posx>20</posx>
                <width>1200</width>
                <font>DialogTextFont</font>
                <textcolor>$VAR[BackgroundColor]</textcolor>
                <info>ListItem.Label</info>
            </control>
            <control type="label">
                <posx>20</posx>
                <width>1200</width>
                <font>DialogTextFont</font>
                <textcolor>$VAR[BackgroundColor]</textcolor>
                <align>right</align>
                <info>ListItem.Label2</info>
            </control>
        </definition>
	</include>
	
	<include name="SelectedItemsForNormalListInDialog">
        <definition>
            <control type="image">
                <width>1240</width>
                <height>40</height>
                <aspectratio>stretch</aspectratio>
                <texture colordiffuse="$VAR[SelectColor]" border="20">controls/rectangle-fill.png</texture>
            </control>
            <control type="label">
                <posx>20</posx>
                <width>1200</width>
                <font>DialogTextFont</font>
                <textcolor>$VAR[MainColor]</textcolor>
                <info>ListItem.Label</info>
            </control>
            <control type="label">
                <posx>20</posx>
                <width>1200</width>
                <font>DialogTextFont</font>
                <textcolor>$VAR[MainColor]</textcolor>
                <align>right</align>
                <info>ListItem.Label2</info>
            </control>
        </definition>
	</include>
	
	<include name="ItemsForInfoListInDialog">
        <param name="listid" default="0" />
    
        <definition>
            <itemlayout height="40">
                <include name="NormalItemsForInfoListInDialog" />
            </itemlayout>
                
            <focusedlayout height="40">
                <control type="group">
                    <visible>Control.HasFocus($PARAM[listid])</visible>
                    <include name="FocusedItemsForInfoListInDialog" />
                </control>
                <control type="group">
                    <visible>!Control.HasFocus($PARAM[listid])</visible>
                    <include name="NormalItemsForInfoListInDialog" />
                </control>
            </focusedlayout>
        </definition>
	</include>

	<include name="NormalItemsForInfoListInDialog">
        <definition>
            <control type="label">
                <posx>0</posx>
                <width>300</width>
                <height>40</height>
                <font>DialogTextFont</font>
                <textcolor>$VAR[TextColor]</textcolor>
                <align>left</align>
                <label>$INFO[ListItem.Label]</label>
            </control>
            <control type="label">
                <posx>320</posx>
                <width>900</width>
                <height>40</height>
                <font>DialogTextFont</font>
                <textcolor>$VAR[MainColor]</textcolor>
                <align>left</align>
                <label>[UPPERCASE]$INFO[ListItem.Label2][/UPPERCASE]</label>
            </control>
        </definition>
	</include>
	
	<include name="FocusedItemsForInfoListInDialog">
        <definition>
            <control type="image">
                <posx>300</posx>
                <width>940</width>
                <height>40</height>
                <aspectratio>stretch</aspectratio>
                <texture colordiffuse="$VAR[MainColor]" border="20">controls/rectangle-fill.png</texture>
            </control>
            <control type="label">
                <posx>0</posx>
                <width>300</width>
                <height>40</height>
                <font>DialogTextFont</font>
                <textcolor>$VAR[TextColor]</textcolor>
                <align>left</align>
                <label>$INFO[ListItem.Label]</label>
            </control>
            <control type="label">
                <posx>320</posx>
                <width>900</width>
                <height>40</height>
                <font>DialogTextFont</font>
                <textcolor>$VAR[BackgroundColor]</textcolor>
                <align>left</align>
                <label>[UPPERCASE]$INFO[ListItem.Label2][/UPPERCASE]</label>
            </control>
        </definition>
	</include>
    
	<include name="HalfListFrameForDialog">
        <param name="posx" default="560" />
        <param name="posy" default="80" />
        <param name="height" default="-" />
        <param name="bordercolor" default="$VAR[TextColor]" />
    
        <definition>
			<control type="image">
				<posx>$PARAM[posx]</posx>
				<posy>$PARAM[posy]</posy>
				<width>600</width>
				<height>$PARAM[height]</height>
				<fadetime>100</fadetime>
				<texture colordiffuse="$PARAM[bordercolor]" border="20" >controls/rectangle-clear.png</texture>
				<aspectratio>stretch</aspectratio>
			</control>
        </definition>
	</include>    
	
	<include name="DefaultItemsForHalfListInDialog">
        <param name="listid" default="0" />
        <param name="texture" default="$INFO[ListItem.Icon]" />
    
        <definition>
            <itemlayout height="40">
                <include name="NormalDefaultItemsForHalfListInDialog">
                    <param name="texture" value="$PARAM[texture]" />
                </include>
            </itemlayout>
                
            <focusedlayout height="40">
                <control type="group">
                    <visible>Control.HasFocus($PARAM[listid])</visible>
                    <include name="FocusedDefaultItemsForHalfListInDialog">
                        <param name="texture" value="$PARAM[texture]" />
                    </include>
                </control>
                <control type="group">
                    <visible>!Control.HasFocus($PARAM[listid])</visible>
                    <include name="SelectedDefaultItemsForHalfListInDialog">
                        <param name="texture" value="$PARAM[texture]" />
                    </include>
                </control>
            </focusedlayout>
        </definition>
	</include>

	<include name="NormalDefaultItemsForHalfListInDialog">
        <definition>
            <control type="image">
                <width>588</width>
                <height>40</height>
                <aspectratio>stretch</aspectratio>
                <texture colordiffuse="$VAR[BackgroundColor]" border="20">controls/rectangle-fill.png</texture>
            </control>
            <control type="label">
                <posx>20</posx>
                <width>548</width>
                <height>40</height>
                <textcolor>$VAR[MainColor]</textcolor>
                <label>$INFO[ListItem.Label]</label>
            </control>
        </definition>
	</include>

	<include name="FocusedDefaultItemsForHalfListInDialog">
        <definition>
            <control type="image">
                <width>588</width>
                <height>40</height>
                <aspectratio>stretch</aspectratio>
                <texture colordiffuse="$VAR[MainColor]" border="20">controls/rectangle-fill.png</texture>
            </control>
            <control type="label">
                <posx>20</posx>
                <width>548</width>
                <height>40</height>
                <textcolor>$VAR[BackgroundColor]</textcolor>
                <label>$INFO[ListItem.Label]</label>
            </control>
        </definition>
	</include>

	<include name="SelectedDefaultItemsForHalfListInDialog">
        <definition>
            <control type="image">
                <width>588</width>
                <height>40</height>
                <aspectratio>stretch</aspectratio>
                <texture colordiffuse="$VAR[SelectColor]" border="20">controls/rectangle-fill.png</texture>
            </control>
            <control type="label">
                <posx>20</posx>
                <width>548</width>
                <height>40</height>
                <textcolor>$VAR[BackgroundColor]</textcolor>
                <label>$INFO[ListItem.Label]</label>
            </control>
        </definition>
	</include>
    
	<include name="ThumbnailItemsForHalfListInDialog">
        <param name="listid" default="0" />
        <param name="texture" default="$INFO[ListItem.Icon]" />
    
        <definition>
            <itemlayout height="100">
                <include name="NormalThumbnailItemsForHalfListInDialog">
                    <param name="texture" value="$PARAM[texture]" />
                </include>
            </itemlayout>
                
            <focusedlayout height="100">
                <control type="group">
                    <visible>Control.HasFocus($PARAM[listid])</visible>
                    <include name="FocusedThumbnailItemsForHalfListInDialog">
                        <param name="texture" value="$PARAM[texture]" />
                    </include>
                </control>
                <control type="group">
                    <visible>!Control.HasFocus($PARAM[listid])</visible>
                    <include name="SelectedThumbnailItemsForHalfListInDialog">
                        <param name="texture" value="$PARAM[texture]" />
                    </include>
                </control>
            </focusedlayout>
        </definition>
	</include>

	<include name="NormalThumbnailItemsForHalfListInDialog">
        <param name="texture" default="$INFO[ListItem.Icon]" />
        
        <definition>
            <control type="group">
                <posx>20</posx>
                <posy>5</posy>
                <include name="SmallCircleThumbnailIcon">
                    <param name="icontexture" value="$PARAM[texture]" />
                </include>
            </control>
            <control type="label">
                <posx>130</posx>
                <posy>10</posy>
                <width>438</width>
                <height>40</height>
                <font>SmallListItemFont</font>
                <textcolor>$VAR[MainColor]</textcolor>
                <align>left</align>
                <label>$INFO[ListItem.Label]</label>
            </control>
            <control type="label">
                <posx>130</posx>
                <posy>50</posy>
                <width>438</width>
                <height>40</height>
                <font>DetailListItemFont</font>
                <textcolor>$VAR[MainColor]</textcolor>
                <align>left</align>
                <label>$INFO[ListItem.Label2]</label>
            </control>
        </definition>
	</include>
	
	<include name="FocusedThumbnailItemsForHalfListInDialog">
        <param name="texture" default="$INFO[ListItem.Icon]" />
    
        <definition>
            <control type="image">
                <width>588</width>
                <height>100</height>
                <aspectratio>stretch</aspectratio>
                <texture colordiffuse="$VAR[MainColor]" border="20">controls/rectangle-fill.png</texture>
            </control>
            <control type="group">
                <posx>20</posx>
                <posy>5</posy>
                <include name="SmallCircleThumbnailIcon">
                    <param name="icontexture" value="$PARAM[texture]" />
                </include>
            </control>
            <control type="label">
                <posx>130</posx>
                <posy>10</posy>
                <width>438</width>
                <height>40</height>
                <font>SmallListItemFont</font>
                <textcolor>$VAR[BackgroundColor]</textcolor>
                <align>left</align>
                <label>$INFO[ListItem.Label]</label>
            </control>
            <control type="label">
                <posx>130</posx>
                <posy>50</posy>
                <width>438</width>
                <height>40</height>
                <font>DetailListItemFont</font>
                <textcolor>$VAR[BackgroundColor]</textcolor>
                <align>left</align>
                <label>$INFO[ListItem.Label2]</label>
            </control>
        </definition>
	</include>
    
	<include name="SelectedThumbnailItemsForHalfListInDialog">
        <param name="texture" default="$INFO[ListItem.Icon]" />

        <definition>
            <control type="image">
                <width>588</width>
                <height>100</height>
                <aspectratio>stretch</aspectratio>
                <texture colordiffuse="$VAR[SelectColor]" border="20">controls/rectangle-fill.png</texture>
            </control>
            <control type="group">
                <posx>20</posx>
                <posy>5</posy>
                <include name="SmallCircleThumbnailIcon">
                    <param name="icontexture" value="$PARAM[texture]" />
                </include>
            </control>
            <control type="label">
                <posx>130</posx>
                <posy>10</posy>
                <width>438</width>
                <height>40</height>
                <font>SmallListItemFont</font>
                <textcolor>$VAR[MainColor]</textcolor>
                <align>left</align>
                <label>$INFO[ListItem.Label]</label>
            </control>
            <control type="label">
                <posx>130</posx>
                <posy>50</posy>
                <width>438</width>
                <height>40</height>
                <font>DetailListItemFont</font>
                <textcolor>$VAR[MainColor]</textcolor>
                <align>left</align>
                <label>$INFO[ListItem.Label2]</label>
            </control>
        </definition>
	</include>    

	<include name="TitledFullListFrameForDialog">
        <definition>
			<control type="image">
				<posx>0</posx>
				<posy>0</posy>
				<width>600</width>
				<height>800</height>
				<fadetime>100</fadetime>
				<texture colordiffuse="$VAR[MainColor]" border="30" fallback="white.png">elements/poster-background.png</texture>
				<aspectratio>stretch</aspectratio>
			</control>
			<control type="image">
				<posx>4</posx>
				<posy>58</posy>
				<width>592</width>
				<height>704</height>
				<fadetime>100</fadetime>
				<texture colordiffuse="$VAR[BackgroundColor]" border="20" fallback="white.png">controls/rectangle-fill.png</texture>
				<aspectratio>stretch</aspectratio>
			</control>
        </definition>
	</include>
	
	<include name="TitledHalfListFrameForDialog">
        <definition>
			<control type="image">
				<posx>0</posx>
				<posy>0</posy>
				<width>600</width>
				<height>390</height>
				<fadetime>100</fadetime>
				<texture colordiffuse="$VAR[MainColor]" border="30" fallback="white.png">elements/poster-background.png</texture>
				<aspectratio>stretch</aspectratio>
			</control>
			<control type="image">
				<posx>-1</posx>
				<posy>351</posy>
				<width>602</width>
				<height>40</height>
				<fadetime>100</fadetime>
				<texture colordiffuse="$VAR[MainColor]" border="20" fallback="white.png">controls/rectangle-fill.png</texture>
				<aspectratio>stretch</aspectratio>
			</control>
			<control type="image">
				<posx>4</posx>
				<posy>58</posy>
				<width>592</width>
				<height>324</height>
				<fadetime>100</fadetime>
				<texture colordiffuse="$VAR[BackgroundColor]" border="20" fallback="white.png">controls/rectangle-fill.png</texture>
				<aspectratio>stretch</aspectratio>
			</control>
        </definition>
	</include>
    
    <include name="ThumbnailElementForListForDialog">
        <param name="listid" default="0" />
        <param name="texture" default="$INFO[ListItem.Icon]" />
        <param name="label" default="$INFO[ListItem.Label]" />
        <param name="label2" default="$INFO[ListItem.Label2]" />
    
        <definition>
            <itemlayout height="210" width="310">
                <width>310</width>
                <height>210</height>

                <control type="group">
                    <control type="image">
                        <posx>5</posx>
                        <posy>5</posy>
                        <width>300</width>
                        <height>200</height>
                        <texture diffuse="elements/poster-mask.png">$PARAM[texture]</texture>
                        <aspectratio scalediffuse="false">scale</aspectratio>
                    </control>
                    <include name="OutlineLabel">
                        <param name="posx" value="10" />
                        <param name="posy" value="150" />
                        <param name="width" value="290" />
                        <param name="height" value="20" />
                        <param name="font" value="BookmarkButtonFont" />
                        <param name="textcolor" value="$VAR[BackgroundColor]" />
                        <param name="outlinecolor" value="$VAR[TextColor]" />
                        <param name="outlinesize" value="2" />
                        <param name="align" value="center" />
                        <param name="scroll" value="false" />
                        <param name="label" value="$PARAM[label]" />
                    </include>
                    <include name="OutlineLabel">
                        <param name="posx" value="10" />
                        <param name="posy" value="170" />
                        <param name="width" value="290" />
                        <param name="height" value="20" />
                        <param name="font" value="BookmarkButtonFont" />
                        <param name="textcolor" value="$VAR[BackgroundColor]" />
                        <param name="outlinecolor" value="$VAR[TextColor]" />
                        <param name="outlinesize" value="2" />
                        <param name="align" value="center" />
                        <param name="scroll" value="false" />
                        <param name="label" value="$PARAM[label2]" />
                    </include>
                </control>
            </itemlayout>

            <focusedlayout height="210" width="310">
                <control type="group">
                    <visible>Control.HasFocus($PARAM[listid])</visible>
                    
                    <control type="image">
                        <posx>0</posx>
                        <posy>0</posy>
                        <width>310</width>
                        <height>210</height>
                        <texture colordiffuse="$VAR[MainColor]">elements/poster-mask.png</texture>
                    </control>
                    <control type="image">
                        <posx>5</posx>
                        <posy>5</posy>
                        <width>300</width>
                        <height>200</height>
                        <texture diffuse="elements/poster-mask.png">$PARAM[texture]</texture>
                        <aspectratio scalediffuse="false">scale</aspectratio>
                    </control>
                    <include name="OutlineLabel">
                        <param name="posx" value="10" />
                        <param name="posy" value="150" />
                        <param name="width" value="290" />
                        <param name="height" value="20" />
                        <param name="font" value="BookmarkButtonFont" />
                        <param name="textcolor" value="$VAR[BackgroundColor]" />
                        <param name="outlinecolor" value="$VAR[MainColor]" />
                        <param name="outlinesize" value="2" />
                        <param name="align" value="center" />
                        <param name="scroll" value="true" />
                        <param name="label" value="$PARAM[label]" />
                    </include>
                    <include name="OutlineLabel">
                        <param name="posx" value="10" />
                        <param name="posy" value="170" />
                        <param name="width" value="290" />
                        <param name="height" value="20" />
                        <param name="font" value="BookmarkButtonFont" />
                        <param name="textcolor" value="$VAR[BackgroundColor]" />
                        <param name="outlinecolor" value="$VAR[MainColor]" />
                        <param name="outlinesize" value="2" />
                        <param name="align" value="center" />
                        <param name="scroll" value="true" />
                        <param name="label" value="$PARAM[label2]" />
                    </include>
                </control>
                
                <control type="group">
                    <visible>!Control.HasFocus($PARAM[listid])</visible>
                    
                    <control type="image">
                        <posx>5</posx>
                        <posy>5</posy>
                        <width>300</width>
                        <height>200</height>
                        <texture diffuse="elements/poster-mask.png">$PARAM[texture]</texture>
                        <aspectratio scalediffuse="false">scale</aspectratio>
                    </control>
                    <include name="OutlineLabel">
                        <param name="posx" value="10" />
                        <param name="posy" value="150" />
                        <param name="width" value="290" />
                        <param name="height" value="20" />
                        <param name="font" value="BookmarkButtonFont" />
                        <param name="textcolor" value="$VAR[BackgroundColor]" />
                        <param name="outlinecolor" value="$VAR[MainColor]" />
                        <param name="outlinesize" value="2" />
                        <param name="align" value="center" />
                        <param name="scroll" value="false" />
                        <param name="label" value="$PARAM[label]" />
                    </include>
                    <include name="OutlineLabel">
                        <param name="posx" value="10" />
                        <param name="posy" value="170" />
                        <param name="width" value="290" />
                        <param name="height" value="20" />
                        <param name="font" value="BookmarkButtonFont" />
                        <param name="textcolor" value="$VAR[BackgroundColor]" />
                        <param name="outlinecolor" value="$VAR[MainColor]" />
                        <param name="outlinesize" value="2" />
                        <param name="align" value="center" />
                        <param name="scroll" value="false" />
                        <param name="label" value="$PARAM[label2]" />
                    </include>
                </control>
            </focusedlayout>
        </definition>
    </include>
    
    <constant name="PosYForTwoLinesDialog">450</constant>
    <constant name="HeightForTwoLinesDialog">180</constant>

    <constant name="PosYForThreeLinesDialog">430</constant>
    <constant name="HeightForThreeLinesDialog">220</constant>
    
    <constant name="PosYForFourLinesDialog">410</constant>
    <constant name="HeightForFourLinesDialog">260</constant>

    <constant name="PosYForSixLinesDialog">370</constant>
    <constant name="HeightForSixLinesDialog">340</constant>

    <constant name="PosYForEightLinesDialog">330</constant>
    <constant name="HeightForEightLinesDialog">420</constant>

    <constant name="PosYForTenLinesDialog">290</constant>
    <constant name="HeightForTenLinesDialog">500</constant>

    <constant name="PosYForElevenLinesDialog">270</constant>
    <constant name="HeightForElevenLinesDialog">540</constant>

    <constant name="PosYForTwelveLinesDialog">250</constant>
    <constant name="HeightForTwelveLinesDialog">580</constant>

    <constant name="PosYForThirteenLinesDialog">230</constant>
    <constant name="HeightForThirteenLinesDialog">620</constant>

    <constant name="PosYForFourteenLinesDialog">210</constant>
    <constant name="HeightForFourteenLinesDialog">660</constant>

    <constant name="PosYForFifteenLinesDialog">190</constant>
    <constant name="HeightForFifteenLinesDialog">700</constant>

    <constant name="PosYForFullWindowDialog">90</constant>
    <constant name="HeightForFullWindowDialog">900</constant>

    <constant name="PosYForProgressDialog">385</constant>
    <constant name="HeightForProgressDialog">310</constant>
    
    <constant name="PosYForKeyboardDialog">270</constant>
    <constant name="HeightForKeyboardDialog">540</constant>

	<include name="SmallIconForWindowForDialog">
        <param name="visible" default="true" />
        <param name="iconthumbnail" default="-" />
        <param name="icontexture" default="-" />
        <param name="iconlabel" default="-" />
    
        <definition>
            <control type="group">
                <visible>$PARAM[visible]</visible>
                <posx>PosXForSmallIconFrameForDialog</posx>
                <posy>PosYForSmallIconFrameForDialog</posy>
                <include name="BackgroundForSmallCircleThumbnailIcon" />
                
                <control type="label">
                    <posx>15</posx>
                    <posy>15</posy>
                    <width>60</width>
                    <height>60</height>
                    <font>DialogSmallIconFont</font>
                    <textcolor>$VAR[BackgroundColor]</textcolor>
                    <align>center</align>
                    <label>$PARAM[iconlabel]</label>
                </control>
            
                <control type="image">
                    <posx>2</posx>
                    <posy>2</posy>
                    <width>86</width>
                    <height>86</height>
                    <texture colordiffuse="$VAR[BackgroundColor]">$PARAM[icontexture]</texture>
                    <aspectratio>scale</aspectratio>
                </control>
                
                <control type="image">
                    <posx>2</posx>
                    <posy>2</posy>
                    <width>86</width>
                    <height>86</height>
                    <texture diffuse="elements/circle-mask.png" background="true">$PARAM[iconthumbnail]</texture>
                    <aspectratio>keep</aspectratio>
                </control>
            </control>
        </definition>
    </include>

	<include name="DefaultIconForWindowForDialog">
        <param name="visible" default="true" />
        <param name="iconthumbnail" default="-" />
        <param name="icontexture" default="-" />
        <param name="iconlabel" default="-" />
        <param name="iconoverlayvisible" default="false" />
    
        <definition>
            <control type="group">
                <visible>$PARAM[visible]</visible>
                <posx>PosXForDefaultIconFrameForDialog</posx>
                <posy>PosYForDefaultIconFrameForDialog</posy>
                <include name="BackgroundForDefaultCircleThumbnailIcon" />

                <control type="label">
                    <posx>35</posx>
                    <posy>35</posy>
                    <width>200</width>
                    <height>200</height>
                    <font>DialogDefaultIconFont</font>
                    <textcolor>$VAR[BackgroundColor]</textcolor>
                    <align>center</align>
                    <label>$PARAM[iconlabel]</label>
                </control>
                
                <control type="image">
                    <posx>4</posx>
                    <posy>4</posy>
                    <width>262</width>
                    <height>262</height>
                    <texture colordiffuse="$VAR[BackgroundColor]">$PARAM[icontexture]</texture>
                    <aspectratio>scale</aspectratio>
                </control>
                
                <control type="image">
                    <posx>4</posx>
                    <posy>4</posy>
                    <width>262</width>
                    <height>262</height>
                    <texture diffuse="elements/circle-mask.png" background="true">$PARAM[iconthumbnail]</texture>
                    <aspectratio scalediffuse="false" aligny="top">scale</aspectratio>
                </control>
                
                <control type="group">
                    <visible>$PARAM[iconoverlayvisible]</visible>
                    <posx>35</posx>
                    <posy>35</posy>
                    <include name="DefaultOverlayMediaFlag" />
                </control>
            </control>
        </definition>
    </include>
    
    <include name="MarkupForButtonAreaForWindowForDialog">
        <param name="height" default="220" />
        <param name="color" default="$VAR[BackgroundColor]" />
        
        <definition>
            <posx>0</posx>
            <posy>0</posy>
            <width>540</width>
            <height>$PARAM[height]</height>
            <fadetime>100</fadetime>
            <aspectratio>stretch</aspectratio>
            <texture colordiffuse="$PARAM[color]">white.png</texture>
        </definition>
    </include>

	<include name="WindowForDialog">
        <param name="visible" default="true" />
        <param name="height" default="220" />
        <param name="headerid" default="0" />
        <param name="headerlabel" default="-" />
        <param name="iconid" default="0" />
        <param name="iconsmallvisible" default="false" />
        <param name="icondefaultvisible" default="true" />
        <param name="iconthumbnail" default="-" />
        <param name="icontexture" default="-" />
        <param name="iconlabel" default="-" />
        <param name="iconoverlayvisible" default="false" />
        <param name="animate" default="false" />
        
        <definition>
            <control type="group">
                <visible>$PARAM[visible]</visible>

                <include name="DialogWindow">
                    <param name="height" value="$PARAM[height]" />
                </include>

                <control type="image">
                    <visible>$PARAM[animate] + Skin.HasSetting(Colors.ButtonAreaSeparate)</visible>
                    <animation effect="fade" delay="0" start="99" end="100" time="200">WindowOpen</animation>
                    <animation effect="fade" start="100" end="99" time="200">WindowClose</animation>
                    <include name="MarkupForButtonAreaForWindowForDialog">
                        <param name="height" value="$PARAM[height]" />
                        <param name="color" value="$VAR[SelectColor]" />
                    </include>
                </control>
                
                <control type="image">
                    <visible>$PARAM[animate] + !Skin.HasSetting(Colors.ButtonAreaSeparate)</visible>
                    <animation effect="fade" delay="0" start="99" end="100" time="200">WindowOpen</animation>
                    <animation effect="fade" start="100" end="99" time="200">WindowClose</animation>
                    <include name="MarkupForButtonAreaForWindowForDialog">
                        <param name="height" value="$PARAM[height]" />
                        <param name="color" value="$VAR[BackgroundColor]" />
                    </include>
                </control>
                
                <control type="image">
                    <visible>!$PARAM[animate] + Skin.HasSetting(Colors.ButtonAreaSeparate)</visible>
                    <include name="MarkupForButtonAreaForWindowForDialog">
                        <param name="height" value="$PARAM[height]" />
                        <param name="color" value="$VAR[SelectColor]" />
                    </include>
                </control>
                
                <control type="image">
                    <visible>!$PARAM[animate] + !Skin.HasSetting(Colors.ButtonAreaSeparate)</visible>
                    <include name="MarkupForButtonAreaForWindowForDialog">
                        <param name="height" value="$PARAM[height]" />
                        <param name="color" value="$VAR[BackgroundColor]" />
                    </include>
                </control>
                
                <control type="group">
                    <visible>$PARAM[iconsmallvisible]</visible>
                    
                    <control type="group">
                        <visible>IntegerGreaterThan(Skin.String(Background.Animation.Level),0)</visible>
                        <include name="OrbitCircle">
                            <param name="posx" value="CenterXForSmallIconFrameForDialog" />
                            <param name="posy" value="CenterYForSmallIconFrameForDialog" />
                            <param name="size" value="20" />
                            <param name="radius" value="60" />
                            <param name="time" value="10000" />
                        </include>
                    </control>
                    
                    <control type="group">
                        <visible>IntegerGreaterThan(Skin.String(Background.Animation.Level),3)</visible>
                        <include name="OrbitCircle">
                            <param name="posx" value="CenterXForSmallIconFrameForDialog" />
                            <param name="posy" value="CenterYForSmallIconFrameForDialog" />
                            <param name="size" value="40" />
                            <param name="radius" value="115" />
                            <param name="time" value="12000" />
                            <param name="direction" value="false" />
                        </include>

                        <include name="OrbitCircle">
                            <param name="posx" value="CenterXForSmallIconFrameForDialog" />
                            <param name="posy" value="CenterYForSmallIconFrameForDialog" />
                            <param name="size" value="10" />
                            <param name="radius" value="160" />
                            <param name="time" value="4500" />
                            <param name="direction" value="false" />
                        </include>
                    </control>
                </control>
                    
                <control type="group">
                    <visible>$PARAM[icondefaultvisible]</visible>
                    
                    <control type="group">
                        <visible>IntegerGreaterThan(Skin.String(Background.Animation.Level),0)</visible>
                        <include name="OrbitCircle">
                            <param name="posx" value="CenterXForDefaultIconFrameForDialog" />
                            <param name="posy" value="CenterYForDefaultIconFrameForDialog" />
                            <param name="size" value="20" />
                            <param name="radius" value="145" />
                            <param name="time" value="10000" />
                        </include>
                    </control>
                    
                    <control type="group">
                        <visible>IntegerGreaterThan(Skin.String(Background.Animation.Level),3)</visible>
                        <include name="OrbitCircle">
                            <param name="posx" value="CenterXForDefaultIconFrameForDialog" />
                            <param name="posy" value="CenterYForDefaultIconFrameForDialog" />
                            <param name="size" value="30" />
                            <param name="radius" value="175" />
                            <param name="time" value="12000" />
                            <param name="direction" value="false" />
                        </include>

                        <include name="OrbitCircle">
                            <param name="posx" value="CenterXForDefaultIconFrameForDialog" />
                            <param name="posy" value="CenterYForDefaultIconFrameForDialog" />
                            <param name="size" value="15" />
                            <param name="radius" value="230" />
                            <param name="time" value="6500" />
                        </include>
                    </control>
                </control>

                <control type="label" id="$PARAM[headerid]">
                    <posx>560</posx>
                    <posy>20</posy>
                    <width>1240</width>
                    <height>40</height>
                    <font>DialogTitleFont</font>
                    <textcolor>$VAR[SecondaryColor]</textcolor>
                    <align>left</align>
                    <label>$PARAM[headerlabel]</label>
                </control>
                
                <include name="SmallIconForWindowForDialog">
                    <param name="visible" value="$PARAM[iconsmallvisible]" />
                    <param name="iconthumbnail" value="$PARAM[iconthumbnail]" />
                    <param name="icontexture" value="$PARAM[icontexture]" />
                    <param name="iconlabel" value="$PARAM[iconlabel]" />
                </include>

                <include name="DefaultIconForWindowForDialog">
                    <param name="visible" value="$PARAM[icondefaultvisible]" />
                    <param name="iconthumbnail" value="$PARAM[iconthumbnail]" />
                    <param name="icontexture" value="$PARAM[icontexture]" />
                    <param name="iconlabel" value="$PARAM[iconlabel]" />
                    <param name="iconoverlayvisible" value="$PARAM[iconoverlayvisible]" />
                </include>
			</control>
        </definition>
	</include>
</includes>
