<?xml version="1.0" encoding="UTF-8"?>
<window type="dialog" id="1195">
	<defaultcontrol>27</defaultcontrol>
    <menucontrol>9000</menucontrol>
    <onload condition="!StringCompare(Window.Property(CustomOptionType),M) + !StringCompare(Window.Property(CustomOptionType),S) + !StringCompare(Window.Property(CustomOptionType),D)">SetProperty(CustomOptionType,A)</onload>

	<controls>
		<control type="group">
			<posy>PosYForThirteenLinesDialog</posy>
            <include name="WindowForDialog">
                <param name="height" value="HeightForThirteenLinesDialog" />
                <param name="headerlabel" value="$LOCALIZE[31800]" />
                <param name="icontexture" value="icons/icon-pencil.png" />
            </include>

            <include name="LabelForDialog">
                <param name="posy" value="80" />
                <param name="label" value="$LOCALIZE[480]:" />
            </include>

            <control type="radiobutton" id="27">
                <description>Custom Option Activation Radiobutton</description>
				<posx>560</posx>
				<posy>120</posy>
				<width>1240</width>
				<radioposx>1180</radioposx>
				<align>left</align>
                <label>$LOCALIZE[31405]</label>
                <selected>Substring(Window.Property(CustomOptionActive),T,left)</selected>
				<onup>21</onup>
				<ondown>30</ondown>
				<onleft>9000</onleft>
				<onright>Noop</onright>
                <onclick condition="!Substring(Window.Property(CustomOptionActive),T,left)">SetProperty(CustomOptionActive,True)</onclick>
                <onclick condition="Substring(Window.Property(CustomOptionActive),T,left)">SetProperty(CustomOptionActive,False)</onclick>
            </control>

            <control type="button" id="30">
                <description>Name For Custom Option Button</description>
				<posx>560</posx>
				<posy>160</posy>
				<width>1240</width>
				<font>DialogTextFont</font>
				<align>left</align>
				<label>$LOCALIZE[551]: $INFO[Window.Property(CustomOptionName)]</label>
				<onup>27</onup>
				<ondown>31</ondown>
				<onleft>9000</onleft>
				<onright>Noop</onright>
                <onclick>Skin.SetString(Dialog.Input,$INFO[Window.Property(CustomOptionName)])</onclick>
                <onclick>Skin.SetString(Dialog.Input)</onclick>
				<onclick>SetProperty(CustomOptionName,$INFO[Skin.String(Dialog.Input)])</onclick>
                <onclick>Skin.Reset(Dialog.Input)</onclick>
			</control>

			<control type="button" id="31">
                <description>Subtitle For Custom Option Button</description>
				<posx>560</posx>
				<posy>200</posy>
				<width>1240</width>
				<font>DialogTextFont</font>
				<align>left</align>
				<label>$LOCALIZE[462]: $INFO[Window.Property(CustomSubtitle)]</label>
				<onup>30</onup>
				<ondown>32</ondown>
				<onleft>9000</onleft>
				<onright>Noop</onright>
                <onclick>Skin.SetString(Dialog.Input,$INFO[Window.Property(CustomSubtitle)])</onclick>
                <onclick>Skin.SetString(Dialog.Input)</onclick>
				<onclick>SetProperty(CustomSubtitle,$INFO[Skin.String(Dialog.Input)])</onclick>
                <onclick>Skin.Reset(Dialog.Input)</onclick>
			</control>

			<control type="button" id="32">
                <description>Background Image For Custom Option Button</description>
				<posx>560</posx>
				<posy>240</posy>
				<width>1240</width>
				<font>DialogTextFont</font>
				<align>left</align>
				<label>$LOCALIZE[31802]: $INFO[Window.Property(CustomBackgroundImage)]</label>
				<onup>31</onup>
				<ondown>34</ondown>
				<onleft>9000</onleft>
				<onright>Noop</onright>
                <onclick>Skin.SetImage(Dialog.Input)</onclick>
				<onclick>SetProperty(CustomBackgroundImage,$INFO[Skin.String(Dialog.Input)])</onclick>
                <onclick>Skin.Reset(Dialog.Input)</onclick>
			</control>

            <include name="LabelForDialog">
                <param name="posy" value="320" />
                <param name="label" value="$LOCALIZE[31906]:" />
            </include>

			<control type="group">
                <posx>560</posx>
                <posy>360</posy>
                
				<control type="image">
                    <visible>!Control.HasFocus(34) + !Control.HasFocus(35)</visible>
					<width>1240</width>
					<height>40</height>
					<texture colordiffuse="$VAR[BackgroundColor]" border="20">controls/rectangle-fill.png</texture>
				</control>
				<control type="image">
					<visible>Control.HasFocus(34) | Control.HasFocus(35)</visible>
					<width>1240</width>
					<height>40</height>
					<texture colordiffuse="$VAR[MainColor]" border="20">controls/rectangle-fill.png</texture>
				</control>
            </control>

            <control type="group">
                <description>Custom Static Item Label</description>
                <visible>StringCompare(Window.Property(CustomOptionType),S)</visible>
                <posx>580</posx>
                <posy>360</posy>
                
                <control type="label">
                    <visible>!Control.HasFocus(34) + !Control.HasFocus(35)</visible>
                    <width>1100</width>
                    <font>DialogTextFont</font>
                    <textcolor>$VAR[MainColor]</textcolor>
                    <align>left</align>
                    <label>$LOCALIZE[31804] $LOCALIZE[31889]</label>
                </control>
                <control type="label">
                    <visible>Control.HasFocus(34) | Control.HasFocus(35)</visible>
                    <width>1100</width>
                    <font>DialogTextFont</font>
                    <textcolor>$VAR[BackgroundColor]</textcolor>
                    <align>left</align>
                    <label>$LOCALIZE[31804] $LOCALIZE[31889]</label>
                </control>
            </control>

            <control type="group">
                <description>Custom Dynamic Item Item Label</description>
                <visible>StringCompare(Window.Property(CustomOptionType),D)</visible>
                <posx>580</posx>
                <posy>360</posy>

                <control type="label">
                    <visible>!Control.HasFocus(34) + !Control.HasFocus(35)</visible>
                    <width>1100</width>
                    <font>DialogTextFont</font>
                    <textcolor>$VAR[MainColor]</textcolor>
                    <align>left</align>
                    <label>$LOCALIZE[31804] $LOCALIZE[31890]</label>
                </control>
                <control type="label">
                    <visible>Control.HasFocus(34) | Control.HasFocus(35)</visible>
                    <width>1100</width>
                    <font>DialogTextFont</font>
                    <textcolor>$VAR[BackgroundColor]</textcolor>
                    <align>left</align>
                    <label>$LOCALIZE[31804] $LOCALIZE[31890]</label>
                </control>
            </control>

            <control type="group">
                <description>Custom Action Label</description>
                <visible>!StringCompare(Window.Property(CustomOptionType),S) + !StringCompare(Window.Property(CustomOptionType),D)</visible>
                <posx>580</posx>
                <posy>360</posy>

                <control type="label">
                    <visible>!Control.HasFocus(34) + !Control.HasFocus(35)</visible>
                    <width>1100</width>
                    <font>DialogTextFont</font>
                    <textcolor>$VAR[MainColor]</textcolor>
                    <align>left</align>
                    <label>$LOCALIZE[31805]</label>
                </control>
                <control type="label">
                    <visible>Control.HasFocus(34) | Control.HasFocus(35)</visible>
                    <width>1100</width>
                    <font>DialogTextFont</font>
                    <textcolor>$VAR[BackgroundColor]</textcolor>
                    <align>left</align>
                    <label>$LOCALIZE[31805]</label>
                </control>
            </control>

			<control type="button" id="34">
                <description>Next Predefined Option Type Button</description>
				<posx>1700</posx>
				<posy>360</posy>
				<width>40</width>
				<height>40</height>
				<texturenofocus border="20" colordiffuse="$VAR[SecondaryColor]">controls/circle-triangledown.png</texturenofocus>
				<texturefocus border="20" colordiffuse="$VAR[BackgroundColor]">controls/circle-triangledown.png</texturefocus>
				<onup>32</onup>
				<ondown>36</ondown>
				<onleft>9000</onleft>
				<onright>35</onright>
				<onclick condition="StringCompare(Window.Property(CustomOptionType),D)">SetProperty(CustomOptionType,A)</onclick>
				<onclick condition="StringCompare(Window.Property(CustomOptionType),S)">SetProperty(CustomOptionType,D)</onclick>
				<onclick condition="StringCompare(Window.Property(CustomOptionType),A)">SetProperty(CustomOptionType,S)</onclick>
			</control>
			
			<control type="button" id="35">
                <description>Previous Predefined Option Type Button</description>
				<posx>1740</posx>
				<posy>360</posy>
				<width>40</width>
				<height>40</height>
				<texturenofocus border="20" colordiffuse="$VAR[SecondaryColor]">controls/circle-triangleup.png</texturenofocus>
				<texturefocus border="20" colordiffuse="$VAR[BackgroundColor]">controls/circle-triangleup.png</texturefocus>
				<onup>32</onup>
				<ondown>36</ondown>
				<onleft>34</onleft>
				<onright>Noop</onright>
				<onclick condition="StringCompare(Window.Property(CustomOptionType),S)">SetProperty(CustomOptionType,A)</onclick>
				<onclick condition="StringCompare(Window.Property(CustomOptionType),D)">SetProperty(CustomOptionType,S)</onclick>
				<onclick condition="StringCompare(Window.Property(CustomOptionType),A)">SetProperty(CustomOptionType,D)</onclick>
			</control>

			<control type="button" id="36">
                <description>Menu/Window Title For Custom Option Button</description>
                <visible>StringCompare(Window.Property(CustomOptionType),S) | StringCompare(Window.Property(CustomOptionType),D)</visible>
				<posx>560</posx>
				<posy>400</posy>
				<width>1240</width>
				<font>DialogTextFont</font>
				<align>left</align>
				<label>$LOCALIZE[31891]: $INFO[Window.Property(CustomMenuTitle)]</label>
				<onup>34</onup>
				<ondown>37</ondown>
				<onleft>9000</onleft>
				<onright>Noop</onright>
                <onclick>Skin.SetString(Dialog.Input,$INFO[Window.Property(CustomMenuTitle)])</onclick>
                <onclick>Skin.SetString(Dialog.Input)</onclick>
				<onclick>SetProperty(CustomMenuTitle,$INFO[Skin.String(Dialog.Input)])</onclick>
                <onclick>Skin.Reset(Dialog.Input)</onclick>
			</control>

			<control type="button" id="37">
                <description>Source Description For Custom Option Button</description>
                <visible>StringCompare(Window.Property(CustomOptionType),S)</visible>
				<posx>560</posx>
				<posy>440</posy>
				<width>1240</width>
				<font>DialogTextFont</font>
				<align>left</align>
				<label>$LOCALIZE[31892]: $INFO[Window.Property(CustomSourceInfo)]</label>
				<onup>36</onup>
				<ondown>38</ondown>
				<onleft>9000</onleft>
				<onright>Noop</onright>
                <onclick>Skin.SetString(Dialog.Input,$INFO[Window.Property(CustomSourceInfo)])</onclick>
                <onclick>Skin.SetString(Dialog.Input)</onclick>
				<onclick>SetProperty(CustomSourceInfo,$INFO[Skin.String(Dialog.Input)])</onclick>
                <onclick>Skin.Reset(Dialog.Input)</onclick>
			</control>

			<control type="button" id="38">
                <description>Source Description For Custom Dynamic Items Button</description>
                <visible>StringCompare(Window.Property(CustomOptionType),D)</visible>
				<posx>560</posx>
				<posy>440</posy>
				<width>1240</width>
				<font>DialogTextFont</font>
				<align>left</align>
				<label>$LOCALIZE[31893]: $INFO[Window.Property(CustomSourceInfo)]</label>
				<onup>37</onup>
				<ondown>40</ondown>
				<onleft>9000</onleft>
				<onright>Noop</onright>
                <onclick>Skin.SetString(Dialog.Input,$INFO[Window.Property(CustomSourceInfo)])</onclick>
                <onclick>Skin.SetString(Dialog.Input)</onclick>
				<onclick>SetProperty(CustomSourceInfo,$INFO[Skin.String(Dialog.Input)])</onclick>
                <onclick>Skin.Reset(Dialog.Input)</onclick>
			</control>

            <include name="LabelForDialog">
                <param name="posy" value="520" />
                <param name="label" value="$LOCALIZE[31910]:" />
            </include>

            <control type="button" id="40">
                <description>Custom Static Items Action Button</description>
                <visible>StringCompare(Window.Property(CustomOptionType),S)</visible>
                <enable>false</enable>
                <posx>560</posx>
                <posy>560</posy>
                <width>1240</width>
                <font>DialogTextFont</font>
                <align>left</align>
                <label>ActivateWindow(1101)</label>
                <onup>38</onup>
                <ondown>23</ondown>
            </control>

            <control type="button" id="40">
                <description>Custom Dynamic Items Action Button</description>
                <visible>StringCompare(Window.Property(CustomOptionType),D)</visible>
                <enable>false</enable>
                <posx>560</posx>
                <posy>560</posy>
                <width>1240</width>
                <font>DialogTextFont</font>
                <align>left</align>
                <label>ActivateWindow(1102)</label>
                <onup>38</onup>
                <ondown>23</ondown>
            </control>

            <control type="button" id="40">
                <description>Custom Option Action Button</description>
                <visible>StringCompare(Window.Property(CustomOptionType),A)</visible>
                <posx>560</posx>
                <posy>560</posy>
                <width>1240</width>
                <font>DialogTextFont</font>
                <align>left</align>
                <label>$INFO[Window.Property(CustomAction)]</label>
                <onup>38</onup>
                <ondown>23</ondown>
                <onleft>9000</onleft>
                <onright>Noop</onright>
                <onclick>Skin.SetString(Dialog.Input,$INFO[Window.Property(CustomAction)])</onclick>
                <onclick>Skin.SetString(Dialog.Input)</onclick>
                <onclick>SetProperty(CustomAction,$INFO[Skin.String(Dialog.Input)])</onclick>
                <onclick>Skin.Reset(Dialog.Input)</onclick>
            </control>

			<control type="grouplist" id="9000">
                <include name="MarkupForButtonListForDialog">
                    <param name="posy" value="360" />
                    <param name="height" value="240" />
                </include>
                <onup>40</onup>
                <ondown>27</ondown>
				<onright>34</onright>

				<control type="button" id="23">
                    <description>Choose Items Button</description>
                    <visible>StringCompare(Window.Property(CustomOptionType),S) | StringCompare(Window.Property(CustomOptionType),D)</visible>
					<label>$LOCALIZE[31807]</label>
					<onclick>SetProperty(TargetType,CustomOptionType,1193)</onclick>
					<onclick>SetProperty(TargetMenuTitle,CustomMenuTitle,1193)</onclick>
					<onclick>SetProperty(TargetSourceInfo,CustomSourceInfo,1193)</onclick>
					<onclick>SetProperty(TargetAction,CustomAction,1193)</onclick>
					<onclick>SetProperty(TargetWindow,1195,1193)</onclick>
					<onclick>ActivateWindow(1193)</onclick>
				</control>
				<control type="button" id="22">
                    <description>Create Command Button</description>
                    <visible>StringCompare(Window.Property(CustomOptionType),A)</visible>
					<label>$LOCALIZE[31808]</label>
					<onclick>SetProperty(TargetType,CustomOptionType,1191)</onclick>
					<onclick>SetProperty(TargetMenuTitle,CustomMenuTitle,1191)</onclick>
					<onclick>SetProperty(TargetSourceInfo,CustomSourceInfo,1191)</onclick>
					<onclick>SetProperty(TargetAction,CustomAction,1191)</onclick>
					<onclick>SetProperty(TargetWindow,1195,1191)</onclick>
					<onclick>ActivateWindow(1191)</onclick>
				</control>
				<control type="button" id="25">
                    <description>Clear Button</description>
					<label>$LOCALIZE[192]</label>
					<onclick>ClearProperty(CustomOptionName)</onclick>
					<onclick>ClearProperty(CustomSubtitle)</onclick>
					<onclick>ClearProperty(CustomBackgroundImage)</onclick>
					<onclick>ClearProperty(CustomOptionType)</onclick>
					<onclick>ClearProperty(CustomMenuTitle)</onclick>
					<onclick>ClearProperty(CustomSourceInfo)</onclick>
					<onclick>ClearProperty(CustomAction)</onclick>
				</control>
				<control type="radiobutton" id="26">
                    <description>Help Radiobutton</description>
                    <posy>20</posy>
					<label>$LOCALIZE[10043]</label>
                    <selected>Skin.HasSetting(DialogHelp.Visible)</selected>
					<onclick>Skin.ToggleSetting(DialogHelp.Visible)</onclick>
				</control>
				<control type="button" id="20">
                    <description>Ok Button</description>
                    <posy>20</posy>
					<label>$LOCALIZE[186]</label>
                    <onclick condition="!Substring(Window.Property(CustomOptionActive),T,left)">Skin.Reset($INFO[Window.Property(TargetOption)].Active)</onclick>
                    <onclick condition="Substring(Window.Property(CustomOptionActive),T,left)">Skin.SetBool($INFO[Window.Property(TargetOption)].Active)</onclick>
					<onclick>Skin.SetString($INFO[Window.Property(TargetOption)].Name,$INFO[Window.Property(CustomOptionName)])</onclick>
					<onclick>Skin.SetString($INFO[Window.Property(TargetOption)].Subtitle,$INFO[Window.Property(CustomSubtitle)])</onclick>
					<onclick>Skin.SetString($INFO[Window.Property(TargetOption)].BackgroundImage,$INFO[Window.Property(CustomBackgroundImage)])</onclick>
					<onclick>Skin.SetString($INFO[Window.Property(TargetOption)].Type,$INFO[Window.Property(CustomOptionType)])</onclick>
					<onclick>Skin.SetString($INFO[Window.Property(TargetOption)].MenuTitle,$INFO[Window.Property(CustomMenuTitle)])</onclick>
					<onclick>Skin.SetString($INFO[Window.Property(TargetOption)].SourceInfo,$INFO[Window.Property(CustomSourceInfo)])</onclick>
					<onclick condition="StringCompare(Window.Property(CustomOptionType),M)">Skin.SetString($INFO[Window.Property(TargetOption)].Window,1103)</onclick>
					<onclick condition="StringCompare(Window.Property(CustomOptionType),S)">Skin.SetString($INFO[Window.Property(TargetOption)].Window,1101)</onclick>
					<onclick condition="StringCompare(Window.Property(CustomOptionType),D)">Skin.SetString($INFO[Window.Property(TargetOption)].Window,1102)</onclick>
					<onclick condition="StringCompare(Window.Property(CustomOptionType),A)">Skin.SetString($INFO[Window.Property(TargetOption)].Window,0)</onclick>
					<onclick>Skin.SetString($INFO[Window.Property(TargetOption)].Action,$INFO[Control.GetLabel(40)])</onclick>
					<onclick>Close</onclick>
				</control>
				<control type="button" id="21">
                    <description>Cancel Button</description>
					<label>$LOCALIZE[222]</label>
					<onclick>Close</onclick>
				</control>
			</control>
            
            <control type="group">
                <visible>Skin.HasSetting(DialogHelp.Visible)</visible>
                <posx>40</posx>
                <posy>20</posy>
            
                <include>HelpFrameForDialog</include>
            
                <control type="group">
                    <posx>20</posx>
                    <posy>20</posy>
                    <width>440</width>
                    <height>240</height>
            
                    <control type="textbox">
                        <visible>Control.HasFocus(20)</visible>
                        <font>DialogHelpFont</font>
                        <label>$LOCALIZE[31759]</label>
                    </control>
                    <control type="textbox">
                        <visible>Control.HasFocus(21)</visible>
                        <font>DialogHelpFont</font>
                        <label>$LOCALIZE[31760]</label>
                    </control>
                    <control type="textbox">
                        <visible>Control.HasFocus(22)</visible>
                        <font>DialogHelpFont</font>
                        <label>$LOCALIZE[31761]</label>
                    </control>
                    <control type="textbox">
                        <visible>Control.HasFocus(23)</visible>
                        <font>DialogHelpFont</font>
                        <label>$LOCALIZE[31762]</label>
                    </control>
                    <control type="textbox">
                        <visible>Control.HasFocus(25)</visible>
                        <font>DialogHelpFont</font>
                        <label>$LOCALIZE[31764]</label>
                    </control>
                    <control type="textbox">
                        <visible>Control.HasFocus(26)</visible>
                        <font>DialogHelpFont</font>
                        <label>$LOCALIZE[31765]</label>
                    </control>
                    <control type="textbox">
                        <visible>Control.HasFocus(27)</visible>
                        <font>DialogHelpFont</font>
                        <label>$LOCALIZE[31619]</label>
                    </control>

                    <control type="textbox">
                        <visible>Control.HasFocus(30)</visible>
                        <font>DialogHelpFont</font>
                        <label>$LOCALIZE[31750]</label>
                    </control>
                    <control type="textbox">
                        <visible>Control.HasFocus(31)</visible>
                        <font>DialogHelpFont</font>
                        <label>$LOCALIZE[31751]</label>
                    </control>
                    <control type="textbox">
                        <visible>Control.HasFocus(32)</visible>
                        <font>DialogHelpFont</font>
                        <label>$LOCALIZE[31752]</label>
                    </control>
                    <control type="textbox">
                        <visible>Control.HasFocus(34) | Control.HasFocus(35)</visible>
                        <font>DialogHelpFont</font>
                        <label>$LOCALIZE[31770]</label>
                    </control>
                    <control type="textbox">
                        <visible>Control.HasFocus(36)</visible>
                        <font>DialogHelpFont</font>
                        <label>$LOCALIZE[31754]</label>
                    </control>
                    <control type="textbox">
                        <visible>Control.HasFocus(37)</visible>
                        <font>DialogHelpFont</font>
                        <label>$LOCALIZE[31755]</label>
                    </control>
                    <control type="textbox">
                        <visible>Control.HasFocus(38)</visible>
                        <font>DialogHelpFont</font>
                        <label>$LOCALIZE[31756]</label>
                    </control>
                    <control type="textbox">
                        <visible>Control.HasFocus(40)</visible>
                        <font>DialogHelpFont</font>
                        <label>$LOCALIZE[31758]</label>
                    </control>
                </control>
            </control>
		</control>
	</controls>
</window>
