<window>
	<defaultcontrol always="true">9000</defaultcontrol>
    <menucontrol>9001</menucontrol>
	
	<controls>
		<control type="group">
			<posy>PosYForElevenLinesDialog</posy>
            <include name="WindowForDialog">
                <param name="height" value="HeightForElevenLinesDialog" />
                <param name="headerlabel" value="$ADDON[adsp.basic 30072]" />
                <param name="icontexture" value="icons/icon-speaker.png" />
            </include>
			
			<control type="grouplist" id="9000">
                <include name="MarkupForListForDialog">
                    <param name="posy" value="80" />
                    <param name="height" value="440" />
                    <param name="pagecontrol" value="60" />
                    <param name="scrolltime" value="200" />
                </include>
				<onup>9001</onup>
				<ondown>9001</ondown>
				<onleft>9001</onleft>
				<onright>60</onright>

				<control type="spincontrolex" id="10">
					<description>Speaker Distance Unit Spinner</description>
                    <width>1240</width>
					<label>$ADDON[adsp.basic 30073]</label>
				</control>
				<control type="label" id="12">
					<description>Speaker Distance Info Label</description>
                    <width>1240</width>
                    <textcolor>$VAR[TextColor]</textcolor>
					<label>-</label>
				</control>
				<control type="spincontrolex" id="13">
					<description>Speaker Distance FL Spinner</description>
                    <width>1240</width>
					<label>$ADDON[adsp.basic 30031]</label>
				</control>
				<control type="spincontrolex" id="24">
					<description>Speaker Distance TFL Spinner</description>
                    <width>1240</width>
					<label>$ADDON[adsp.basic 30054]</label>
				</control>
				<control type="spincontrolex" id="19">
					<description>Speaker Distance FLOC Spinner</description>
                    <width>1240</width>
					<label>$ADDON[adsp.basic 30052]</label>
				</control>
				<control type="spincontrolex" id="15">
					<description>Speaker Distance Center Spinner</description>
                    <width>1240</width>
					<label>$ADDON[adsp.basic 30037]</label>
				</control>
				<control type="spincontrolex" id="26">
					<description>Speaker Distance TFC Spinner</description>
                    <width>1240</width>
					<label>$ADDON[adsp.basic 30056]</label>
				</control>
				<control type="spincontrolex" id="20">
					<description>Speaker Distance FLOC Spinner</description>
                    <width>1240</width>
					<label>$ADDON[adsp.basic 30053]</label>
				</control>
				<control type="spincontrolex" id="25">
					<description>Speaker Distance TFR Spinner</description>
                    <width>1240</width>
					<label>$ADDON[adsp.basic 30055]</label>
				</control>
				<control type="spincontrolex" id="14">
					<description>Speaker Distance FR Spinner</description>
                    <width>1240</width>
					<label>$ADDON[adsp.basic 30032]</label>
				</control>
				<control type="spincontrolex" id="23">
					<description>Speaker Distance SR Spinner</description>
                    <width>1240</width>
					<label>$ADDON[adsp.basic 30034]</label>
				</control>
				<control type="spincontrolex" id="18">
					<description>Speaker Distance BR Spinner</description>
                    <width>1240</width>
					<label>$ADDON[adsp.basic 30036]</label>
				</control>
				<control type="spincontrolex" id="29">
					<description>Speaker Distance TBL Spinner</description>
                    <width>1240</width>
					<label>$ADDON[adsp.basic 30063]</label>
				</control>
				<control type="spincontrolex" id="32">
					<description>Speaker Distance BROC Spinner</description>
                    <width>1240</width>
					<label>$ADDON[adsp.basic 30062]</label>
				</control>
				<control type="spincontrolex" id="21">
					<description>Speaker Distance BC Spinner</description>
                    <width>1240</width>
					<label>$ADDON[adsp.basic 30039]</label>
				</control>
				<control type="spincontrolex" id="30">
					<description>Speaker Distance TBC Spinner</description>
                    <width>1240</width>
					<label>$ADDON[adsp.basic 30060]</label>
				</control>
				<control type="spincontrolex" id="31">
					<description>Speaker Distance BLOC Spinner</description>
                    <width>1240</width>
					<label>$ADDON[adsp.basic 30061]</label>
				</control>
				<control type="spincontrolex" id="28">
					<description>Speaker Distance TBL Spinner</description>
                    <width>1240</width>
					<label>$ADDON[adsp.basic 30063]</label>
				</control>
				<control type="spincontrolex" id="17">
					<description>Speaker Distance BL Spinner</description>
                    <width>1240</width>
					<label>$ADDON[adsp.basic 30035]</label>
				</control>
				<control type="spincontrolex" id="22">
					<description>Speaker Distance SL Spinner</description>
                    <width>1240</width>
					<label>$ADDON[adsp.basic 30033]</label>
				</control>
				<control type="spincontrolex" id="27">
					<description>Speaker Distance Top Center Spinner</description>
                    <width>1240</width>
					<label>$ADDON[adsp.basic 30057]</label>
				</control>
				<control type="spincontrolex" id="16">
					<description>Speaker Distance Sub Spinner</description>
                    <width>1240</width>
					<label>$ADDON[adsp.basic 30038]</label>
				</control>
			</control>

            <include name="ScrollbarForDialog">
                <param name="id" value="60" />
                <param name="posy" value="80" />
                <param name="height" value="440" />
                <param name="onleft" value="9000" />
            </include>

			<control type="grouplist" id="9001">
                <include name="MarkupForButtonListForDialog">
                    <param name="posy" value="440" />
                    <param name="height" value="80" />
                </include>
				<onright>9000</onright>

				<control type="button" id="1">
					<description>OK Button</description>
					<label>$LOCALIZE[186]</label>
				</control>			
				<control type="button" id="2">
					<description>Cancel Button</description>
					<label>$LOCALIZE[222]</label>
				</control>		
			</control>
		</control>
	</controls>
</window>
