<window>
    <defaultcontrol always="true">9000</defaultcontrol>
    <menucontrol>9001</menucontrol>
	
    <controls>
		<control type="group">
			<posy>PosYForElevenLinesDialog</posy>
            <include name="WindowForDialog">
                <param name="height" value="HeightForElevenLinesDialog" />
                <param name="headerlabel" value="$ADDON[adsp.biquad.filters 30100]" />
                <param name="icontexture" value="icons/icon-speaker.png" />
            </include>

            <control type="image">
				<visible>Control.HasFocus(8000)</visible>
                <posx>560</posx>
				<posy>80</posy>
                <include name="BackgroundForSettingsForAudioDSPAddon" />
            </control>
            <control type="image">
				<visible>Control.HasFocus(8001)</visible>
                <posx>560</posx>
				<posy>120</posy>
                <include name="BackgroundForSettingsForAudioDSPAddon" />
            </control>
            <control type="image">
				<visible>Control.HasFocus(8002)</visible>
                <posx>560</posx>
				<posy>160</posy>
                <include name="BackgroundForSettingsForAudioDSPAddon" />
            </control>
            <control type="image">
				<visible>Control.HasFocus(8003)</visible>
                <posx>560</posx>
				<posy>200</posy>
                <include name="BackgroundForSettingsForAudioDSPAddon" />
            </control>
            <control type="image">
				<visible>Control.HasFocus(8004)</visible>
                <posx>560</posx>
				<posy>240</posy>
                <include name="BackgroundForSettingsForAudioDSPAddon" />
            </control>
            <control type="image">
				<visible>Control.HasFocus(8005)</visible>
                <posx>560</posx>
				<posy>280</posy>
                <include name="BackgroundForSettingsForAudioDSPAddon" />
            </control>
            <control type="image">
				<visible>Control.HasFocus(8006)</visible>
                <posx>560</posx>
				<posy>320</posy>
                <include name="BackgroundForSettingsForAudioDSPAddon" />
            </control>
            <control type="image">
				<visible>Control.HasFocus(8007)</visible>
                <posx>560</posx>
				<posy>360</posy>
                <include name="BackgroundForSettingsForAudioDSPAddon" />
            </control>
            <control type="image">
				<visible>Control.HasFocus(8008)</visible>
                <posx>560</posx>
				<posy>400</posy>
                <include name="BackgroundForSettingsForAudioDSPAddon" />
            </control>
            <control type="image">
				<visible>Control.HasFocus(8009)</visible>
                <posx>560</posx>
				<posy>440</posy>
                <include name="BackgroundForSettingsForAudioDSPAddon" />
            </control>
            <control type="image">
				<visible>Control.HasFocus(8010)</visible>
                <posx>560</posx>
				<posy>480</posy>
                <include name="BackgroundForSettingsForAudioDSPAddon" />
            </control>
			
			<control type="grouplist">
                <posx>560</posx>
				<posy>80</posy>
				<width>200</width>
				<orientation>vertical</orientation>
				<itemgap>0</itemgap>

				<control type="label" id="8100">
					<description>Preamp Frequency Band Label</description>
					<visible>!Control.HasFocus(8000)</visible>
					<include name="MarkupForUnfocusedRightAlignedLabelForAudioDSPAddon" />
					<label>$ADDON[adsp.biquad.filters 30150]</label>
				</control>
				<control type="label" id="8100">
					<description>Preamp Frequency Band Label</description>
					<visible>Control.HasFocus(8000)</visible>
					<include name="MarkupForFocusedRightAlignedLabelForAudioDSPAddon" />
					<label>$ADDON[adsp.biquad.filters 30150]</label>
				</control>
				<control type="label" id="8101">
					<description>32Hz Frequency Band Label</description>
					<visible>!Control.HasFocus(8001)</visible>
					<include name="MarkupForUnfocusedRightAlignedLabelForAudioDSPAddon" />
					<label>$ADDON[adsp.biquad.filters 30151]</label>
				</control>
				<control type="label" id="8101">
					<description>32Hz Frequency Band Label</description>
					<visible>Control.HasFocus(8001)</visible>
					<include name="MarkupForFocusedRightAlignedLabelForAudioDSPAddon" />
					<label>$ADDON[adsp.biquad.filters 30151]</label>
				</control>
				<control type="label" id="8102">
					<description>64Hz Frequency Band Label</description>
					<visible>!Control.HasFocus(8002)</visible>
					<include name="MarkupForUnfocusedRightAlignedLabelForAudioDSPAddon" />
					<label>$ADDON[adsp.biquad.filters 30152]</label>
				</control>
				<control type="label" id="8102">
					<description>64Hz Frequency Band Label</description>
					<visible>Control.HasFocus(8002)</visible>
					<include name="MarkupForFocusedRightAlignedLabelForAudioDSPAddon" />
					<label>$ADDON[adsp.biquad.filters 30152]</label>
				</control>
				<control type="label" id="8103">
					<description>128Hz Frequency Band Label</description>
					<visible>!Control.HasFocus(8003)</visible>
					<include name="MarkupForUnfocusedRightAlignedLabelForAudioDSPAddon" />
					<label>$ADDON[adsp.biquad.filters 30153]</label>
				</control>
				<control type="label" id="8103">
					<description>128Hz Frequency Band Label</description>
					<visible>Control.HasFocus(8003)</visible>
					<include name="MarkupForFocusedRightAlignedLabelForAudioDSPAddon" />
					<label>$ADDON[adsp.biquad.filters 30153]</label>
				</control>
				<control type="label" id="8104">
					<description>250Hz Frequency Band Label</description>
					<visible>!Control.HasFocus(8004)</visible>
					<include name="MarkupForUnfocusedRightAlignedLabelForAudioDSPAddon" />
					<label>$ADDON[adsp.biquad.filters 30154]</label>
				</control>
				<control type="label" id="8104">
					<description>250Hz Frequency Band Label</description>
					<visible>Control.HasFocus(8004)</visible>
					<include name="MarkupForFocusedRightAlignedLabelForAudioDSPAddon" />
					<label>$ADDON[adsp.biquad.filters 30154]</label>
				</control>
				<control type="label" id="8105">
					<description>500Hz Frequency Band Label</description>
					<visible>!Control.HasFocus(8005)</visible>
					<include name="MarkupForUnfocusedRightAlignedLabelForAudioDSPAddon" />
					<label>$ADDON[adsp.biquad.filters 30155]</label>
				</control>
				<control type="label" id="8105">
					<description>500Hz Frequency Band Label</description>
					<visible>Control.HasFocus(8005)</visible>
					<include name="MarkupForFocusedRightAlignedLabelForAudioDSPAddon" />
					<label>$ADDON[adsp.biquad.filters 30155]</label>
				</control>
				<control type="label" id="8106">
					<description>1kHz Frequency Band Label</description>
					<visible>!Control.HasFocus(8006)</visible>
					<include name="MarkupForUnfocusedRightAlignedLabelForAudioDSPAddon" />
					<label>$ADDON[adsp.biquad.filters 30156]</label>
				</control>
				<control type="label" id="8106">
					<description>1kHz Frequency Band Label</description>
					<visible>Control.HasFocus(8006)</visible>
					<include name="MarkupForFocusedRightAlignedLabelForAudioDSPAddon" />
					<label>$ADDON[adsp.biquad.filters 30156]</label>
				</control>
				<control type="label" id="8107">
					<description>2kHz Frequency Band Label</description>
					<visible>!Control.HasFocus(8007)</visible>
					<include name="MarkupForUnfocusedRightAlignedLabelForAudioDSPAddon" />
					<label>$ADDON[adsp.biquad.filters 30157]</label>
				</control>
				<control type="label" id="8107">
					<description>2kHz Frequency Band Label</description>
					<visible>Control.HasFocus(8007)</visible>
					<include name="MarkupForFocusedRightAlignedLabelForAudioDSPAddon" />
					<label>$ADDON[adsp.biquad.filters 30157]</label>
				</control>
				<control type="label" id="8108">
					<description>4kHz Frequency Band Label</description>
					<visible>!Control.HasFocus(8008)</visible>
					<include name="MarkupForUnfocusedRightAlignedLabelForAudioDSPAddon" />
					<label>$ADDON[adsp.biquad.filters 30158]</label>
				</control>
				<control type="label" id="8108">
					<description>4kHz Frequency Band Label</description>
					<visible>Control.HasFocus(8008)</visible>
					<include name="MarkupForFocusedRightAlignedLabelForAudioDSPAddon" />
					<label>$ADDON[adsp.biquad.filters 30158]</label>
				</control>
				<control type="label" id="8109">
					<description>8kHz Frequency Band Label</description>
					<visible>!Control.HasFocus(8009)</visible>
					<include name="MarkupForUnfocusedRightAlignedLabelForAudioDSPAddon" />
					<label>$ADDON[adsp.biquad.filters 30159]</label>
				</control>
				<control type="label" id="8109">
					<description>8kHz Frequency Band Label</description>
					<visible>Control.HasFocus(8009)</visible>
					<include name="MarkupForFocusedRightAlignedLabelForAudioDSPAddon" />
					<label>$ADDON[adsp.biquad.filters 30159]</label>
				</control>
				<control type="label" id="8110">
					<description>16kHz Frequency Band Label</description>
					<visible>!Control.HasFocus(8010)</visible>
					<include name="MarkupForUnfocusedRightAlignedLabelForAudioDSPAddon" />
					<label>$ADDON[adsp.biquad.filters 30160]</label>
				</control>
				<control type="label" id="8110">
					<description>16kHz Frequency Band Label</description>
					<visible>Control.HasFocus(8010)</visible>
					<include name="MarkupForFocusedRightAlignedLabelForAudioDSPAddon" />
					<label>$ADDON[adsp.biquad.filters 30160]</label>
				</control>
			</control>
			
			<control type="grouplist" id="9000">
                <posx>880</posx>
				<posy>80</posy>
				<width>400</width>
				<orientation>vertical</orientation>
				<itemgap>0</itemgap>
				<ondown>10052</ondown>
				<onup>10051</onup>

				<control type="slider" id="8000">
					<description>Preamp Frequency Band Slider</description>
					<width>400</width>
					<height>40</height>
				</control>
				<control type="slider" id="8001">
					<description>32Hz Frequency Band Slider</description>
					<width>400</width>
					<height>40</height>
				</control>
				<control type="slider" id="8002">
					<description>64Hz Frequency Band Slider</description>
					<width>400</width>
					<height>40</height>
				</control>
				<control type="slider" id="8003">
					<description>128Hz Frequency Band Slider</description>
					<width>400</width>
					<height>40</height>
				</control>
				<control type="slider" id="8004">
					<description>250Hz Frequency Band Slider</description>
					<width>400</width>
					<height>40</height>
				</control>
				<control type="slider" id="8005">
					<description>500Hz Frequency Band Slider</description>
					<width>400</width>
					<height>40</height>
				</control>
				<control type="slider" id="8006">
					<description>1kHz Frequency Band Slider</description>
					<width>400</width>
					<height>40</height>
				</control>
				<control type="slider" id="8007">
					<description>2kHz Frequency Band Slider</description>
					<width>400</width>
					<height>40</height>
				</control>
				<control type="slider" id="8008">
					<description>4kHz Frequency Band Slider</description>
					<width>400</width>
					<height>40</height>
				</control>
				<control type="slider" id="8009">
					<description>8kHz Frequency Band Slider</description>
					<width>400</width>
					<height>40</height>
				</control>
				<control type="slider" id="8010">
					<description>16kHz Frequency Band Slider</description>
					<width>400</width>
					<height>40</height>
				</control>
			</control>
			
			<control type="group">
				<posx>1300</posx>
				<control type="label" id="8200">
                    <visible>false</visible>
				</control>
				<control type="label" id="8201">
                    <visible>false</visible>
				</control>
				<control type="label" id="8202">
                    <visible>false</visible>
				</control>
				<control type="label" id="8203">
                    <visible>false</visible>
				</control>
				<control type="label" id="8204">
                    <visible>false</visible>
				</control>
				<control type="label" id="8205">
                    <visible>false</visible>
				</control>
				<control type="label" id="8206">
                    <visible>false</visible>
				</control>
				<control type="label" id="8207">
                    <visible>false</visible>
				</control>
				<control type="label" id="8208">
                    <visible>false</visible>
				</control>
				<control type="label" id="8209">
                    <visible>false</visible>
				</control>
				<control type="label" id="8210">
                    <visible>false</visible>
				</control>
			</control>
			
			<control type="grouplist">
				<posx>1300</posx>
				<posy>80</posy>
				<orientation>vertical</orientation>
				<itemgap>0</itemgap>

				<control type="label">
					<description>Preamp dB Level</description>
					<visible>!Control.HasFocus(8000)</visible>
					<include name="MarkupForUnfocusedRightAlignedLabelForAudioDSPAddon" />
					<label>$INFO[Control.GetLabel(8200)]</label>
				</control>
				<control type="label">
					<description>Preamp dB Level</description>
					<visible>Control.HasFocus(8000)</visible>
					<include name="MarkupForFocusedRightAlignedLabelForAudioDSPAddon" />
					<label>$INFO[Control.GetLabel(8200)]</label>
				</control>
				<control type="label">
					<description>32Hz dB Level</description>
					<visible>!Control.HasFocus(8001)</visible>
					<include name="MarkupForUnfocusedRightAlignedLabelForAudioDSPAddon" />
					<label>$INFO[Control.GetLabel(8201)]</label>
				</control>
				<control type="label">
					<description>32Hz dB Level</description>
					<visible>Control.HasFocus(8001)</visible>
					<include name="MarkupForFocusedRightAlignedLabelForAudioDSPAddon" />
					<label>$INFO[Control.GetLabel(8201)]</label>
				</control>
				<control type="label">
					<description>64Hz dB Level</description>
					<visible>!Control.HasFocus(8002)</visible>
					<include name="MarkupForUnfocusedRightAlignedLabelForAudioDSPAddon" />
					<label>$INFO[Control.GetLabel(8202)]</label>
				</control>
				<control type="label">
					<description>64Hz dB Level</description>
					<visible>Control.HasFocus(8002)</visible>
					<include name="MarkupForFocusedRightAlignedLabelForAudioDSPAddon" />
					<label>$INFO[Control.GetLabel(8202)]</label>
				</control>
				<control type="label">
					<description>128Hz dB Level</description>
					<visible>!Control.HasFocus(8003)</visible>
					<include name="MarkupForUnfocusedRightAlignedLabelForAudioDSPAddon" />
					<label>$INFO[Control.GetLabel(8203)]</label>
				</control>
				<control type="label">
					<description>128Hz dB Level</description>
					<visible>Control.HasFocus(8003)</visible>
					<include name="MarkupForFocusedRightAlignedLabelForAudioDSPAddon" />
					<label>$INFO[Control.GetLabel(8203)]</label>
				</control>
				<control type="label">
					<description>250Hz dB Level</description>
					<visible>!Control.HasFocus(8004)</visible>
					<include name="MarkupForUnfocusedRightAlignedLabelForAudioDSPAddon" />
					<label>$INFO[Control.GetLabel(8204)]</label>
				</control>
				<control type="label">
					<description>250Hz dB Level</description>
					<visible>Control.HasFocus(8004)</visible>
					<include name="MarkupForFocusedRightAlignedLabelForAudioDSPAddon" />
					<label>$INFO[Control.GetLabel(8204)]</label>
				</control>
				<control type="label">
					<description>500Hz dB Level</description>
					<visible>!Control.HasFocus(8005)</visible>
					<include name="MarkupForUnfocusedRightAlignedLabelForAudioDSPAddon" />
					<label>$INFO[Control.GetLabel(8205)]</label>
				</control>
				<control type="label">
					<description>500Hz dB Level</description>
					<visible>Control.HasFocus(8005)</visible>
					<include name="MarkupForFocusedRightAlignedLabelForAudioDSPAddon" />
					<label>$INFO[Control.GetLabel(8205)]</label>
				</control>
				<control type="label">
					<description>1kHz dB Level</description>
					<visible>!Control.HasFocus(8006)</visible>
					<include name="MarkupForUnfocusedRightAlignedLabelForAudioDSPAddon" />
					<label>$INFO[Control.GetLabel(8206)]</label>
				</control>
				<control type="label">
					<description>1kHz dB Level</description>
					<visible>Control.HasFocus(8006)</visible>
					<include name="MarkupForFocusedRightAlignedLabelForAudioDSPAddon" />
					<label>$INFO[Control.GetLabel(8206)]</label>
				</control>
				<control type="label">
					<description>2kHz dB Level</description>
					<visible>!Control.HasFocus(8007)</visible>
					<include name="MarkupForUnfocusedRightAlignedLabelForAudioDSPAddon" />
					<label>$INFO[Control.GetLabel(8207)]</label>
				</control>
				<control type="label">
					<description>2kHz dB Level</description>
					<visible>Control.HasFocus(8007)</visible>
					<include name="MarkupForFocusedRightAlignedLabelForAudioDSPAddon" />
					<label>$INFO[Control.GetLabel(8207)]</label>
				</control>
				<control type="label">
					<description>4kHz dB Level</description>
					<visible>!Control.HasFocus(8008)</visible>
					<include name="MarkupForUnfocusedRightAlignedLabelForAudioDSPAddon" />
					<label>$INFO[Control.GetLabel(8208)]</label>
				</control>
				<control type="label">
					<description>4kHz dB Level</description>
					<visible>Control.HasFocus(8008)</visible>
					<include name="MarkupForFocusedRightAlignedLabelForAudioDSPAddon" />
					<label>$INFO[Control.GetLabel(8208)]</label>
				</control>
				<control type="label">
					<description>8kHz dB Level</description>
					<visible>!Control.HasFocus(8009)</visible>
					<include name="MarkupForUnfocusedRightAlignedLabelForAudioDSPAddon" />
					<label>$INFO[Control.GetLabel(8209)]</label>
				</control>
				<control type="label">
					<description>8kHz dB Level</description>
					<visible>Control.HasFocus(8009)</visible>
					<include name="MarkupForFocusedRightAlignedLabelForAudioDSPAddon" />
					<label>$INFO[Control.GetLabel(8209)]</label>
				</control>
				<control type="label">
					<description>16kHz dB Level</description>
					<visible>!Control.HasFocus(8010)</visible>
					<include name="MarkupForUnfocusedRightAlignedLabelForAudioDSPAddon" />
					<label>$INFO[Control.GetLabel(8210)]</label>
				</control>
				<control type="label">
					<description>16kHz dB Level</description>
					<visible>Control.HasFocus(8010)</visible>
					<include name="MarkupForFocusedRightAlignedLabelForAudioDSPAddon" />
					<label>$INFO[Control.GetLabel(8210)]</label>
				</control>
			</control>
			
			<control type="grouplist" id="9001">
                <include name="MarkupForButtonListForDialog">
                    <param name="posy" value="380" />
                    <param name="height" value="140" />
                </include>
				<onup>8010</onup>
				<ondown>8000</ondown>
				<onright>9000</onright>

				<control type="button" id="10052">
					<description>Defaults Button</description>
					<label>$LOCALIZE[409]</label>
				</control>			
				<control type="button" id="10050">
					<description>OK Button</description>
                    <posy>20</posy>
					<label>$LOCALIZE[186]</label>
				</control>			
				<control type="button" id="10051">
					<description>Cancel Button</description>
					<label>$LOCALIZE[222]</label>
				</control>		
			</control>
		</control>
    </controls>
</window>
