<?xml version="1.0" encoding="UTF-8"?>
<window id="2">
	<defaultcontrol always="true">52</defaultcontrol>
    <menucontrol>9001</menucontrol>
	<views>52,55,51,53,56,57,58</views>

	<controls>
		<include name="FullscreenDimensions" />
		<include name="GlobalBackground" />

		<include name="DropListView" />
		<include name="CircleListView" />
     	<include name="LandscapeView" />
		<include name="ThumbnailsView" />
		<include name="PanelsView" />
		<include name="GalleryView" />
		<include name="RotateListView" />

		<control type="group" id="9000">
			<include name="SideMenu" />

			<control type="grouplist" id="9001">
                <include name="BeginOfButtonListForSideMenu" />

                <include name="ViewGroupLabelForSideMenu" />
				<include name="ViewTypeButtonForSideMenu" />
				<include name="SortCriteriumButtonForSideMenu" />
				<include name="SortOrderButtonForSideMenu" />
                <include name="NameForThumbnailsButtonForSideMenu" />
                <include name="DescriptionForLandscapeButtonForSideMenu" />
                
                <include name="SlideshowGroupLabelForSideMenu" />
				<include name="SlideshowButtonForSideMenu" />
				<include name="RecursiveSlideshowButtonForSideMenu" />
				<include name="RandomiseButtonForSideMenu" />
                
                <include name="NavigationGroupLabelForSideMenu">
                    <param name="visible" value="Skin.HasSetting(SideMenu.Grouped) + Control.IsVisible(91)" />
                </include>
				<include name="GlobalSearchButtonForSideMenu" />
                
                <include name="EndOfButtonListForSideMenu" />
			</control>

            <include name="PlayerControlsForSideMenu" />
		</control>
        
		<include name="Overlay" />
        <include name="BackButton" />
	</controls>
</window>
