<?xml version="1.0" encoding="UTF-8"?>
<window id="105">
    <defaultcontrol>-</defaultcontrol>
     <coordinates>
         <system>1</system>
         <posx>0</posx>
         <posy>0</posy>
     </coordinates>

	 <controls>
		<control type="image" id="1">
			<description>Default Pointer</description>
			<width>45</width>
			<height>45</height>
			<texture>pointers/pointer-normal.png</texture>
		</control>

		<control type="image" id="2">
			<description>Focused Pointer</description>
			<width>45</width>
			<height>45</height>
			<texture>pointers/pointer-focus.png</texture>
		</control>

		<control type="image" id="3">
			<description>Dragging Pointer</description>
			<width>45</width>
			<height>45</height>
			<texture>pointers/pointer-drag.png</texture>
		</control>

		<control type="image" id="4">
			<description>Clicking Pointer</description>
			<width>45</width>
			<height>45</height>
			<texture>pointers/pointer-click.png</texture>
		</control>
	</controls>
</window>
