<?xml version="1.0" encoding="UTF-8"?>
<includes>
	<include name="BannersView">
		<control type="group">
			<visible>Control.IsVisible(59)</visible>
            <animation effect="slide" end="0,70" time="200" condition="Container(59).Row(5)">conditional</animation>	
            <include name="BackgroundAnimationForBottomRing" />
		</control>

		<control type="panel" id="59">
			<viewtype label="31939">list</viewtype>
			<visible>true</visible>
			<animation effect="slide" start="0,1080" end="0,0" time="500">WindowOpen</animation>
			<animation effect="slide" start="0,0" end="0,1080" time="500">WindowClose</animation>
			
			<posx>190</posx>
			<posy>0</posy>
			<width>1600</width>
			<height>1060</height>
			<orientation>vertical</orientation>
			<defaultcontrol>6</defaultcontrol>
			<focusposition>6</focusposition>
			<scrolltime>200</scrolltime>
			<pagecontrol>69</pagecontrol>
			<preloaditems>2</preloaditems>
			<onup>59</onup>
			<ondown>59</ondown>
			<onleft>9000</onleft>
			<onright>69</onright>

			<itemlayout width="800" height="152">
				<control type="group">
					<posx>18</posx>
					<posy>3</posy>
					<include name="DefaultBannerIcon" />
                    <include name="OverlayForDefaultBannerIcon" />
				</control>
			</itemlayout>
			
			<focusedlayout width="800" height="152">
				<control type="group">
					<animation effect="zoom" start="100" end="120" time="100" condition="true">conditional</animation>
					<animation effect="slide" end="-60,-12" time="100" condition="true">conditional</animation>				
			
					<posx>18</posx>
					<posy>3</posy>
					<include name="ShadowForDefaultBannerIcon" />
					<include name="DefaultBannerIcon" />
                    <include name="OverlayForDefaultBannerIcon" />
                </control>
			</focusedlayout>
		</control>
        
		<control type="group">
			<visible>Control.IsVisible(59)</visible>
            
            <control type="group">
				<animation effect="slide" end="0,70" time="200" condition="Container(59).Row(5)">conditional</animation>				
                <include name="BottomRing" />
            </control>
            
            <include name="LabelsForBottomRing" />
		</control>
        
		<control type="scrollbar" id="69">
			<visible allowhiddenfocus="true">Control.IsVisible(59)</visible>
			<animation type="Conditional" condition="!Control.HasFocus(69) + !Container(59).Scrolling + !Skin.HasSetting(ViewScrollbar.Visible)">
				<effect type="slide" start="0,0" end="40,0" time="100" />
			</animation>

            <posx>PosXForVerticalScrollbarForView</posx>
			<posy>PosYForVerticalScrollbarForView</posy>
            <width>WidthForVerticalScrollbarForView</width>
			<height>HeightForVerticalScrollbarForView</height>
			<onleft>59</onleft>
			<onright>Noop</onright>
		</control>
	</include>
</includes>
