<?xml version="1.0" encoding="UTF-8"?>
<window id="6213" type="dialog">
	<!-- Aeon MQ 7 -->
	<!-- A-Playlist 13 -->
	<defaultcontrol>-</defaultcontrol>
	<include>SubMenuCommon</include>
	<controls>
	<control type="group">
	<include condition="Window.IsVisible(6000)">MenuCustom</include>
	<control type="group">
	<!-- default group -->
	<include>Animation_SubMenu</include>
	<include condition="Window.IsVisible(6000)">SubmenuGoTo</include>
	<include condition="Window.IsVisible(Home)">SubMenuDefault</include>
	<control type="panel" id="9000">
	<include condition="Window.IsVisible(6000)">SubmenuCustomList</include>
	<include condition="Window.IsVisible(Home) + !Skin.HasSetting(mainmenuvertical)">SubmenuHList</include>
	<include condition="Window.IsVisible(Home) + Skin.HasSetting(mainmenuvertical)">SubmenuVList</include>
	<content>
	<item>
	<label fallback="31014">$VAR[value_menu21301.label]</label>
	<property name="condition">$INFO[skin.string(menu21301.visible)]</property>
	<property name="name">menu21301</property>
	<property name="id">$INFO[skin.string(menu21301.master)]</property>
	<onclick condition="Window.IsVisible(6000)">SetFocus(5000)</onclick>
	<onclick condition="Window.IsVisible(Home)">Dialog.Close(6213)</onclick>
	<onclick condition="Window.IsVisible(Home)">Skin.SetString(submenu_action,$VAR[value_menu21301.action])</onclick>
	<visible>![IsEmpty(skin.string(menu21301.master)) | SubString(skin.string(menu21301.visible),off)] | Window.IsVisible(6000)</visible>
	</item>
	<item>
	<label fallback="31014">$VAR[value_menu21302.label]</label>
	<property name="condition">$INFO[skin.string(menu21302.visible)]</property>
	<property name="name">menu21302</property>
	<property name="id">$INFO[skin.string(menu21302.master)]</property>
	<onclick condition="Window.IsVisible(6000)">SetFocus(5000)</onclick>
	<onclick condition="Window.IsVisible(Home)">Dialog.Close(6213)</onclick>
	<onclick condition="Window.IsVisible(Home)">Skin.SetString(submenu_action,$VAR[value_menu21302.action])</onclick>
	<visible>![IsEmpty(skin.string(menu21302.master)) | SubString(skin.string(menu21302.visible),off)] | Window.IsVisible(6000)</visible>
	</item>
	<item>
	<label fallback="31014">$VAR[value_menu21303.label]</label>
	<property name="condition">$INFO[skin.string(menu21303.visible)]</property>
	<property name="name">menu21303</property>
	<property name="id">$INFO[skin.string(menu21303.master)]</property>
	<onclick condition="Window.IsVisible(6000)">SetFocus(5000)</onclick>
	<onclick condition="Window.IsVisible(Home)">Dialog.Close(6213)</onclick>
	<onclick condition="Window.IsVisible(Home)">Skin.SetString(submenu_action,$VAR[value_menu21303.action])</onclick>
	<visible>![IsEmpty(skin.string(menu21303.master)) | SubString(skin.string(menu21303.visible),off)] | Window.IsVisible(6000)</visible>
	</item>
	<item>
	<label fallback="31014">$VAR[value_menu21304.label]</label>
	<property name="condition">$INFO[skin.string(menu21304.visible)]</property>
	<property name="name">menu21304</property>
	<property name="id">$INFO[skin.string(menu21304.master)]</property>
	<onclick condition="Window.IsVisible(6000)">SetFocus(5000)</onclick>
	<onclick condition="Window.IsVisible(Home)">Dialog.Close(6213)</onclick>
	<onclick condition="Window.IsVisible(Home)">Skin.SetString(submenu_action,$VAR[value_menu21304.action])</onclick>
	<visible>![IsEmpty(skin.string(menu21304.master)) | SubString(skin.string(menu21304.visible),off)] | Window.IsVisible(6000)</visible>
	</item>
	<item>
	<label fallback="31014">$VAR[value_menu21305.label]</label>
	<property name="condition">$INFO[skin.string(menu21305.visible)]</property>
	<property name="name">menu21305</property>
	<property name="id">$INFO[skin.string(menu21305.master)]</property>
	<onclick condition="Window.IsVisible(6000)">SetFocus(5000)</onclick>
	<onclick condition="Window.IsVisible(Home)">Dialog.Close(6213)</onclick>
	<onclick condition="Window.IsVisible(Home)">Skin.SetString(submenu_action,$VAR[value_menu21305.action])</onclick>
	<visible>![IsEmpty(skin.string(menu21305.master)) | SubString(skin.string(menu21305.visible),off)] | Window.IsVisible(6000)</visible>
	</item>
	<item>
	<label fallback="31014">$VAR[value_menu21306.label]</label>
	<property name="condition">$INFO[skin.string(menu21306.visible)]</property>
	<property name="name">menu21306</property>
	<property name="id">$INFO[skin.string(menu21306.master)]</property>
	<onclick condition="Window.IsVisible(6000)">SetFocus(5000)</onclick>
	<onclick condition="Window.IsVisible(Home)">Dialog.Close(6213)</onclick>
	<onclick condition="Window.IsVisible(Home)">Skin.SetString(submenu_action,$VAR[value_menu21306.action])</onclick>
	<visible>![IsEmpty(skin.string(menu21306.master)) | SubString(skin.string(menu21306.visible),off)] | Window.IsVisible(6000)</visible>
	</item>
	<item>
	<label fallback="31014">$VAR[value_menu21307.label]</label>
	<property name="condition">$INFO[skin.string(menu21307.visible)]</property>
	<property name="name">menu21307</property>
	<property name="id">$INFO[skin.string(menu21307.master)]</property>
	<onclick condition="Window.IsVisible(6000)">SetFocus(5000)</onclick>
	<onclick condition="Window.IsVisible(Home)">Dialog.Close(6213)</onclick>
	<onclick condition="Window.IsVisible(Home)">Skin.SetString(submenu_action,$VAR[value_menu21307.action])</onclick>
	<visible>![IsEmpty(skin.string(menu21307.master)) | SubString(skin.string(menu21307.visible),off)] | Window.IsVisible(6000)</visible>
	</item>
	<item>
	<label fallback="31014">$VAR[value_menu21308.label]</label>
	<property name="condition">$INFO[skin.string(menu21308.visible)]</property>
	<property name="name">menu21308</property>
	<property name="id">$INFO[skin.string(menu21308.master)]</property>
	<onclick condition="Window.IsVisible(6000)">SetFocus(5000)</onclick>
	<onclick condition="Window.IsVisible(Home)">Dialog.Close(6213)</onclick>
	<onclick condition="Window.IsVisible(Home)">Skin.SetString(submenu_action,$VAR[value_menu21308.action])</onclick>
	<visible>![IsEmpty(skin.string(menu21308.master)) | SubString(skin.string(menu21308.visible),off)] | Window.IsVisible(6000)</visible>
	</item>
	<item>
	<label fallback="31014">$VAR[value_menu21309.label]</label>
	<property name="condition">$INFO[skin.string(menu21309.visible)]</property>
	<property name="name">menu21309</property>
	<property name="id">$INFO[skin.string(menu21309.master)]</property>
	<onclick condition="Window.IsVisible(6000)">SetFocus(5000)</onclick>
	<onclick condition="Window.IsVisible(Home)">Dialog.Close(6213)</onclick>
	<onclick condition="Window.IsVisible(Home)">Skin.SetString(submenu_action,$VAR[value_menu21309.action])</onclick>
	<visible>![IsEmpty(skin.string(menu21309.master)) | SubString(skin.string(menu21309.visible),off)] | Window.IsVisible(6000)</visible>
	</item>
	<item>
	<label fallback="31014">$VAR[value_menu21310.label]</label>
	<property name="condition">$INFO[skin.string(menu21310.visible)]</property>
	<property name="name">menu21310</property>
	<property name="id">$INFO[skin.string(menu21310.master)]</property>
	<onclick condition="Window.IsVisible(6000)">SetFocus(5000)</onclick>
	<onclick condition="Window.IsVisible(Home)">Dialog.Close(6213)</onclick>
	<onclick condition="Window.IsVisible(Home)">Skin.SetString(submenu_action,$VAR[value_menu21310.action])</onclick>
	<visible>![IsEmpty(skin.string(menu21310.master)) | SubString(skin.string(menu21310.visible),off)] | Window.IsVisible(6000)</visible>
	</item>
	<item>
	<label fallback="31014">$VAR[value_menu21311.label]</label>
	<property name="condition">$INFO[skin.string(menu21311.visible)]</property>
	<property name="name">menu21311</property>
	<property name="id">$INFO[skin.string(menu21311.master)]</property>
	<onclick condition="Window.IsVisible(6000)">SetFocus(5000)</onclick>
	<onclick condition="Window.IsVisible(Home)">Dialog.Close(6213)</onclick>
	<onclick condition="Window.IsVisible(Home)">Skin.SetString(submenu_action,$VAR[value_menu21311.action])</onclick>
	<visible>![IsEmpty(skin.string(menu21311.master)) | SubString(skin.string(menu21311.visible),off)] | Window.IsVisible(6000)</visible>
	</item>
	<item>
	<label fallback="31014">$VAR[value_menu21312.label]</label>
	<property name="condition">$INFO[skin.string(menu21312.visible)]</property>
	<property name="name">menu21312</property>
	<property name="id">$INFO[skin.string(menu21312.master)]</property>
	<onclick condition="Window.IsVisible(6000)">SetFocus(5000)</onclick>
	<onclick condition="Window.IsVisible(Home)">Dialog.Close(6213)</onclick>
	<onclick condition="Window.IsVisible(Home)">Skin.SetString(submenu_action,$VAR[value_menu21312.action])</onclick>
	<visible>![IsEmpty(skin.string(menu21312.master)) | SubString(skin.string(menu21312.visible),off)] | Window.IsVisible(6000)</visible>
	</item>
	<item>
	<label fallback="31014">$VAR[value_menu21313.label]</label>
	<property name="condition">$INFO[skin.string(menu21313.visible)]</property>
	<property name="name">menu21313</property>
	<property name="id">$INFO[skin.string(menu21313.master)]</property>
	<onclick condition="Window.IsVisible(6000)">SetFocus(5000)</onclick>
	<onclick condition="Window.IsVisible(Home)">Dialog.Close(6213)</onclick>
	<onclick condition="Window.IsVisible(Home)">Skin.SetString(submenu_action,$VAR[value_menu21313.action])</onclick>
	<visible>![IsEmpty(skin.string(menu21313.master)) | SubString(skin.string(menu21313.visible),off)] | Window.IsVisible(6000)</visible>
	</item>
	<item>
	<label fallback="31014">$VAR[value_menu21314.label]</label>
	<property name="condition">$INFO[skin.string(menu21314.visible)]</property>
	<property name="name">menu21314</property>
	<property name="id">$INFO[skin.string(menu21314.master)]</property>
	<onclick condition="Window.IsVisible(6000)">SetFocus(5000)</onclick>
	<onclick condition="Window.IsVisible(Home)">Dialog.Close(6213)</onclick>
	<onclick condition="Window.IsVisible(Home)">Skin.SetString(submenu_action,$VAR[value_menu21314.action])</onclick>
	<visible>![IsEmpty(skin.string(menu21314.master)) | SubString(skin.string(menu21314.visible),off)] | Window.IsVisible(6000)</visible>
	</item>
	<item>
	<label fallback="31014">$VAR[value_menu21315.label]</label>
	<property name="condition">$INFO[skin.string(menu21315.visible)]</property>
	<property name="name">menu21315</property>
	<property name="id">$INFO[skin.string(menu21315.master)]</property>
	<onclick condition="Window.IsVisible(6000)">SetFocus(5000)</onclick>
	<onclick condition="Window.IsVisible(Home)">Dialog.Close(6213)</onclick>
	<onclick condition="Window.IsVisible(Home)">Skin.SetString(submenu_action,$VAR[value_menu21315.action])</onclick>
	<visible>![IsEmpty(skin.string(menu21315.master)) | SubString(skin.string(menu21315.visible),off)] | Window.IsVisible(6000)</visible>
	</item>
	</content>
	</control>
	</control>
	</control>
	</controls>
</window>