<?xml version="1.0" encoding="UTF-8"?>
<window id="6401" type="dialog">
	<!-- Aeon MQ 7 -->
	<!-- Favorito 1 -->
	<defaultcontrol>-</defaultcontrol>
	<include>SubMenuCommon</include>
	<controls>
	<control type="group">
	<include condition="Window.IsVisible(6000)">MenuCustom</include>
	<control type="group">
	<!-- default group -->
	<include>Animation_SubMenu</include>
	<include condition="Window.IsVisible(6000)">SubmenuGoTo</include>
	<include condition="Window.IsVisible(Home)">SubMenuDefault</include>
	<control type="panel" id="9000">
	<include condition="Window.IsVisible(6000)">SubmenuCustomList</include>
	<include condition="Window.IsVisible(Home) + !Skin.HasSetting(mainmenuvertical)">SubmenuHList</include>
	<include condition="Window.IsVisible(Home) + Skin.HasSetting(mainmenuvertical)">SubmenuVList</include>
	<content>
	<item>
	<label fallback="31014">$VAR[value_menu40101.label]</label>
	<property name="condition">$INFO[skin.string(menu40101.visible)]</property>
	<property name="name">menu40101</property>
	<property name="id">$INFO[skin.string(menu40101.master)]</property>
	<onclick condition="Window.IsVisible(6000)">SetFocus(5000)</onclick>
	<onclick condition="Window.IsVisible(Home)">Dialog.Close(6401)</onclick>
	<onclick condition="Window.IsVisible(Home)">Skin.SetString(submenu_action,$VAR[value_menu40101.action])</onclick>
	<visible>![IsEmpty(skin.string(menu40101.master)) | SubString(skin.string(menu40101.visible),off)] | Window.IsVisible(6000)</visible>
	</item>
	<item>
	<label fallback="31014">$VAR[value_menu40102.label]</label>
	<property name="condition">$INFO[skin.string(menu40102.visible)]</property>
	<property name="name">menu40102</property>
	<property name="id">$INFO[skin.string(menu40102.master)]</property>
	<onclick condition="Window.IsVisible(6000)">SetFocus(5000)</onclick>
	<onclick condition="Window.IsVisible(Home)">Dialog.Close(6401)</onclick>
	<onclick condition="Window.IsVisible(Home)">Skin.SetString(submenu_action,$VAR[value_menu40102.action])</onclick>
	<visible>![IsEmpty(skin.string(menu40102.master)) | SubString(skin.string(menu40102.visible),off)] | Window.IsVisible(6000)</visible>
	</item>
	<item>
	<label fallback="31014">$VAR[value_menu40103.label]</label>
	<property name="condition">$INFO[skin.string(menu40103.visible)]</property>
	<property name="name">menu40103</property>
	<property name="id">$INFO[skin.string(menu40103.master)]</property>
	<onclick condition="Window.IsVisible(6000)">SetFocus(5000)</onclick>
	<onclick condition="Window.IsVisible(Home)">Dialog.Close(6401)</onclick>
	<onclick condition="Window.IsVisible(Home)">Skin.SetString(submenu_action,$VAR[value_menu40103.action])</onclick>
	<visible>![IsEmpty(skin.string(menu40103.master)) | SubString(skin.string(menu40103.visible),off)] | Window.IsVisible(6000)</visible>
	</item>
	<item>
	<label fallback="31014">$VAR[value_menu40104.label]</label>
	<property name="condition">$INFO[skin.string(menu40104.visible)]</property>
	<property name="name">menu40104</property>
	<property name="id">$INFO[skin.string(menu40104.master)]</property>
	<onclick condition="Window.IsVisible(6000)">SetFocus(5000)</onclick>
	<onclick condition="Window.IsVisible(Home)">Dialog.Close(6401)</onclick>
	<onclick condition="Window.IsVisible(Home)">Skin.SetString(submenu_action,$VAR[value_menu40104.action])</onclick>
	<visible>![IsEmpty(skin.string(menu40104.master)) | SubString(skin.string(menu40104.visible),off)] | Window.IsVisible(6000)</visible>
	</item>
	<item>
	<label fallback="31014">$VAR[value_menu40105.label]</label>
	<property name="condition">$INFO[skin.string(menu40105.visible)]</property>
	<property name="name">menu40105</property>
	<property name="id">$INFO[skin.string(menu40105.master)]</property>
	<onclick condition="Window.IsVisible(6000)">SetFocus(5000)</onclick>
	<onclick condition="Window.IsVisible(Home)">Dialog.Close(6401)</onclick>
	<onclick condition="Window.IsVisible(Home)">Skin.SetString(submenu_action,$VAR[value_menu40105.action])</onclick>
	<visible>![IsEmpty(skin.string(menu40105.master)) | SubString(skin.string(menu40105.visible),off)] | Window.IsVisible(6000)</visible>
	</item>
	<item>
	<label fallback="31014">$VAR[value_menu40106.label]</label>
	<property name="condition">$INFO[skin.string(menu40106.visible)]</property>
	<property name="name">menu40106</property>
	<property name="id">$INFO[skin.string(menu40106.master)]</property>
	<onclick condition="Window.IsVisible(6000)">SetFocus(5000)</onclick>
	<onclick condition="Window.IsVisible(Home)">Dialog.Close(6401)</onclick>
	<onclick condition="Window.IsVisible(Home)">Skin.SetString(submenu_action,$VAR[value_menu40106.action])</onclick>
	<visible>![IsEmpty(skin.string(menu40106.master)) | SubString(skin.string(menu40106.visible),off)] | Window.IsVisible(6000)</visible>
	</item>
	<item>
	<label fallback="31014">$VAR[value_menu40107.label]</label>
	<property name="condition">$INFO[skin.string(menu40107.visible)]</property>
	<property name="name">menu40107</property>
	<property name="id">$INFO[skin.string(menu40107.master)]</property>
	<onclick condition="Window.IsVisible(6000)">SetFocus(5000)</onclick>
	<onclick condition="Window.IsVisible(Home)">Dialog.Close(6401)</onclick>
	<onclick condition="Window.IsVisible(Home)">Skin.SetString(submenu_action,$VAR[value_menu40107.action])</onclick>
	<visible>![IsEmpty(skin.string(menu40107.master)) | SubString(skin.string(menu40107.visible),off)] | Window.IsVisible(6000)</visible>
	</item>
	<item>
	<label fallback="31014">$VAR[value_menu40108.label]</label>
	<property name="condition">$INFO[skin.string(menu40108.visible)]</property>
	<property name="name">menu40108</property>
	<property name="id">$INFO[skin.string(menu40108.master)]</property>
	<onclick condition="Window.IsVisible(6000)">SetFocus(5000)</onclick>
	<onclick condition="Window.IsVisible(Home)">Dialog.Close(6401)</onclick>
	<onclick condition="Window.IsVisible(Home)">Skin.SetString(submenu_action,$VAR[value_menu40108.action])</onclick>
	<visible>![IsEmpty(skin.string(menu40108.master)) | SubString(skin.string(menu40108.visible),off)] | Window.IsVisible(6000)</visible>
	</item>
	<item>
	<label fallback="31014">$VAR[value_menu40109.label]</label>
	<property name="condition">$INFO[skin.string(menu40109.visible)]</property>
	<property name="name">menu40109</property>
	<property name="id">$INFO[skin.string(menu40109.master)]</property>
	<onclick condition="Window.IsVisible(6000)">SetFocus(5000)</onclick>
	<onclick condition="Window.IsVisible(Home)">Dialog.Close(6401)</onclick>
	<onclick condition="Window.IsVisible(Home)">Skin.SetString(submenu_action,$VAR[value_menu40109.action])</onclick>
	<visible>![IsEmpty(skin.string(menu40109.master)) | SubString(skin.string(menu40109.visible),off)] | Window.IsVisible(6000)</visible>
	</item>
	<item>
	<label fallback="31014">$VAR[value_menu40110.label]</label>
	<property name="condition">$INFO[skin.string(menu40110.visible)]</property>
	<property name="name">menu40110</property>
	<property name="id">$INFO[skin.string(menu40110.master)]</property>
	<onclick condition="Window.IsVisible(6000)">SetFocus(5000)</onclick>
	<onclick condition="Window.IsVisible(Home)">Dialog.Close(6401)</onclick>
	<onclick condition="Window.IsVisible(Home)">Skin.SetString(submenu_action,$VAR[value_menu40110.action])</onclick>
	<visible>![IsEmpty(skin.string(menu40110.master)) | SubString(skin.string(menu40110.visible),off)] | Window.IsVisible(6000)</visible>
	</item>
	<item>
	<label fallback="31014">$VAR[value_menu40111.label]</label>
	<property name="condition">$INFO[skin.string(menu40111.visible)]</property>
	<property name="name">menu40111</property>
	<property name="id">$INFO[skin.string(menu40111.master)]</property>
	<onclick condition="Window.IsVisible(6000)">SetFocus(5000)</onclick>
	<onclick condition="Window.IsVisible(Home)">Dialog.Close(6401)</onclick>
	<onclick condition="Window.IsVisible(Home)">Skin.SetString(submenu_action,$VAR[value_menu40111.action])</onclick>
	<visible>![IsEmpty(skin.string(menu40111.master)) | SubString(skin.string(menu40111.visible),off)] | Window.IsVisible(6000)</visible>
	</item>
	<item>
	<label fallback="31014">$VAR[value_menu40112.label]</label>
	<property name="condition">$INFO[skin.string(menu40112.visible)]</property>
	<property name="name">menu40112</property>
	<property name="id">$INFO[skin.string(menu40112.master)]</property>
	<onclick condition="Window.IsVisible(6000)">SetFocus(5000)</onclick>
	<onclick condition="Window.IsVisible(Home)">Dialog.Close(6401)</onclick>
	<onclick condition="Window.IsVisible(Home)">Skin.SetString(submenu_action,$VAR[value_menu40112.action])</onclick>
	<visible>![IsEmpty(skin.string(menu40112.master)) | SubString(skin.string(menu40112.visible),off)] | Window.IsVisible(6000)</visible>
	</item>
	<item>
	<label fallback="31014">$VAR[value_menu40113.label]</label>
	<property name="condition">$INFO[skin.string(menu40113.visible)]</property>
	<property name="name">menu40113</property>
	<property name="id">$INFO[skin.string(menu40113.master)]</property>
	<onclick condition="Window.IsVisible(6000)">SetFocus(5000)</onclick>
	<onclick condition="Window.IsVisible(Home)">Dialog.Close(6401)</onclick>
	<onclick condition="Window.IsVisible(Home)">Skin.SetString(submenu_action,$VAR[value_menu40113.action])</onclick>
	<visible>![IsEmpty(skin.string(menu40113.master)) | SubString(skin.string(menu40113.visible),off)] | Window.IsVisible(6000)</visible>
	</item>
	<item>
	<label fallback="31014">$VAR[value_menu40114.label]</label>
	<property name="condition">$INFO[skin.string(menu40114.visible)]</property>
	<property name="name">menu40114</property>
	<property name="id">$INFO[skin.string(menu40114.master)]</property>
	<onclick condition="Window.IsVisible(6000)">SetFocus(5000)</onclick>
	<onclick condition="Window.IsVisible(Home)">Dialog.Close(6401)</onclick>
	<onclick condition="Window.IsVisible(Home)">Skin.SetString(submenu_action,$VAR[value_menu40114.action])</onclick>
	<visible>![IsEmpty(skin.string(menu40114.master)) | SubString(skin.string(menu40114.visible),off)] | Window.IsVisible(6000)</visible>
	</item>
	<item>
	<label fallback="31014">$VAR[value_menu40115.label]</label>
	<property name="condition">$INFO[skin.string(menu40115.visible)]</property>
	<property name="name">menu40115</property>
	<property name="id">$INFO[skin.string(menu40115.master)]</property>
	<onclick condition="Window.IsVisible(6000)">SetFocus(5000)</onclick>
	<onclick condition="Window.IsVisible(Home)">Dialog.Close(6401)</onclick>
	<onclick condition="Window.IsVisible(Home)">Skin.SetString(submenu_action,$VAR[value_menu40115.action])</onclick>
	<visible>![IsEmpty(skin.string(menu40115.master)) | SubString(skin.string(menu40115.visible),off)] | Window.IsVisible(6000)</visible>
	</item>
	</content>
	</control>
	</control>
	</control>
	</controls>
</window>