<?xml version="1.0" encoding="UTF-8"?>
<window id="6404" type="dialog">
	<!-- Aeon MQ 7 -->
	<!-- Favorito 4 -->
	<defaultcontrol>-</defaultcontrol>
	<include>SubMenuCommon</include>
	<controls>
	<control type="group">
	<include condition="Window.IsVisible(6000)">MenuCustom</include>
	<control type="group">
	<!-- default group -->
	<include>Animation_SubMenu</include>
	<include condition="Window.IsVisible(6000)">SubmenuGoTo</include>
	<include condition="Window.IsVisible(Home)">SubMenuDefault</include>
	<control type="panel" id="9000">
	<include condition="Window.IsVisible(6000)">SubmenuCustomList</include>
	<include condition="Window.IsVisible(Home) + !Skin.HasSetting(mainmenuvertical)">SubmenuHList</include>
	<include condition="Window.IsVisible(Home) + Skin.HasSetting(mainmenuvertical)">SubmenuVList</include>
	<content>
	<item>
	<label fallback="31014">$VAR[value_menu40401.label]</label>
	<property name="condition">$INFO[skin.string(menu40401.visible)]</property>
	<property name="name">menu40401</property>
	<property name="id">$INFO[skin.string(menu40401.master)]</property>
	<onclick condition="Window.IsVisible(6000)">SetFocus(5000)</onclick>
	<onclick condition="Window.IsVisible(Home)">Dialog.Close(6404)</onclick>
	<onclick condition="Window.IsVisible(Home)">Skin.SetString(submenu_action,$VAR[value_menu40401.action])</onclick>
	<visible>![IsEmpty(skin.string(menu40401.master)) | SubString(skin.string(menu40401.visible),off)] | Window.IsVisible(6000)</visible>
	</item>
	<item>
	<label fallback="31014">$VAR[value_menu40402.label]</label>
	<property name="condition">$INFO[skin.string(menu40402.visible)]</property>
	<property name="name">menu40402</property>
	<property name="id">$INFO[skin.string(menu40402.master)]</property>
	<onclick condition="Window.IsVisible(6000)">SetFocus(5000)</onclick>
	<onclick condition="Window.IsVisible(Home)">Dialog.Close(6404)</onclick>
	<onclick condition="Window.IsVisible(Home)">Skin.SetString(submenu_action,$VAR[value_menu40402.action])</onclick>
	<visible>![IsEmpty(skin.string(menu40402.master)) | SubString(skin.string(menu40402.visible),off)] | Window.IsVisible(6000)</visible>
	</item>
	<item>
	<label fallback="31014">$VAR[value_menu40403.label]</label>
	<property name="condition">$INFO[skin.string(menu40403.visible)]</property>
	<property name="name">menu40403</property>
	<property name="id">$INFO[skin.string(menu40403.master)]</property>
	<onclick condition="Window.IsVisible(6000)">SetFocus(5000)</onclick>
	<onclick condition="Window.IsVisible(Home)">Dialog.Close(6404)</onclick>
	<onclick condition="Window.IsVisible(Home)">Skin.SetString(submenu_action,$VAR[value_menu40403.action])</onclick>
	<visible>![IsEmpty(skin.string(menu40403.master)) | SubString(skin.string(menu40403.visible),off)] | Window.IsVisible(6000)</visible>
	</item>
	<item>
	<label fallback="31014">$VAR[value_menu40404.label]</label>
	<property name="condition">$INFO[skin.string(menu40404.visible)]</property>
	<property name="name">menu40404</property>
	<property name="id">$INFO[skin.string(menu40404.master)]</property>
	<onclick condition="Window.IsVisible(6000)">SetFocus(5000)</onclick>
	<onclick condition="Window.IsVisible(Home)">Dialog.Close(6404)</onclick>
	<onclick condition="Window.IsVisible(Home)">Skin.SetString(submenu_action,$VAR[value_menu40404.action])</onclick>
	<visible>![IsEmpty(skin.string(menu40404.master)) | SubString(skin.string(menu40404.visible),off)] | Window.IsVisible(6000)</visible>
	</item>
	<item>
	<label fallback="31014">$VAR[value_menu40405.label]</label>
	<property name="condition">$INFO[skin.string(menu40405.visible)]</property>
	<property name="name">menu40405</property>
	<property name="id">$INFO[skin.string(menu40405.master)]</property>
	<onclick condition="Window.IsVisible(6000)">SetFocus(5000)</onclick>
	<onclick condition="Window.IsVisible(Home)">Dialog.Close(6404)</onclick>
	<onclick condition="Window.IsVisible(Home)">Skin.SetString(submenu_action,$VAR[value_menu40405.action])</onclick>
	<visible>![IsEmpty(skin.string(menu40405.master)) | SubString(skin.string(menu40405.visible),off)] | Window.IsVisible(6000)</visible>
	</item>
	<item>
	<label fallback="31014">$VAR[value_menu40406.label]</label>
	<property name="condition">$INFO[skin.string(menu40406.visible)]</property>
	<property name="name">menu40406</property>
	<property name="id">$INFO[skin.string(menu40406.master)]</property>
	<onclick condition="Window.IsVisible(6000)">SetFocus(5000)</onclick>
	<onclick condition="Window.IsVisible(Home)">Dialog.Close(6404)</onclick>
	<onclick condition="Window.IsVisible(Home)">Skin.SetString(submenu_action,$VAR[value_menu40406.action])</onclick>
	<visible>![IsEmpty(skin.string(menu40406.master)) | SubString(skin.string(menu40406.visible),off)] | Window.IsVisible(6000)</visible>
	</item>
	<item>
	<label fallback="31014">$VAR[value_menu40407.label]</label>
	<property name="condition">$INFO[skin.string(menu40407.visible)]</property>
	<property name="name">menu40407</property>
	<property name="id">$INFO[skin.string(menu40407.master)]</property>
	<onclick condition="Window.IsVisible(6000)">SetFocus(5000)</onclick>
	<onclick condition="Window.IsVisible(Home)">Dialog.Close(6404)</onclick>
	<onclick condition="Window.IsVisible(Home)">Skin.SetString(submenu_action,$VAR[value_menu40407.action])</onclick>
	<visible>![IsEmpty(skin.string(menu40407.master)) | SubString(skin.string(menu40407.visible),off)] | Window.IsVisible(6000)</visible>
	</item>
	<item>
	<label fallback="31014">$VAR[value_menu40408.label]</label>
	<property name="condition">$INFO[skin.string(menu40408.visible)]</property>
	<property name="name">menu40408</property>
	<property name="id">$INFO[skin.string(menu40408.master)]</property>
	<onclick condition="Window.IsVisible(6000)">SetFocus(5000)</onclick>
	<onclick condition="Window.IsVisible(Home)">Dialog.Close(6404)</onclick>
	<onclick condition="Window.IsVisible(Home)">Skin.SetString(submenu_action,$VAR[value_menu40408.action])</onclick>
	<visible>![IsEmpty(skin.string(menu40408.master)) | SubString(skin.string(menu40408.visible),off)] | Window.IsVisible(6000)</visible>
	</item>
	<item>
	<label fallback="31014">$VAR[value_menu40409.label]</label>
	<property name="condition">$INFO[skin.string(menu40409.visible)]</property>
	<property name="name">menu40409</property>
	<property name="id">$INFO[skin.string(menu40409.master)]</property>
	<onclick condition="Window.IsVisible(6000)">SetFocus(5000)</onclick>
	<onclick condition="Window.IsVisible(Home)">Dialog.Close(6404)</onclick>
	<onclick condition="Window.IsVisible(Home)">Skin.SetString(submenu_action,$VAR[value_menu40409.action])</onclick>
	<visible>![IsEmpty(skin.string(menu40409.master)) | SubString(skin.string(menu40409.visible),off)] | Window.IsVisible(6000)</visible>
	</item>
	<item>
	<label fallback="31014">$VAR[value_menu40410.label]</label>
	<property name="condition">$INFO[skin.string(menu40410.visible)]</property>
	<property name="name">menu40410</property>
	<property name="id">$INFO[skin.string(menu40410.master)]</property>
	<onclick condition="Window.IsVisible(6000)">SetFocus(5000)</onclick>
	<onclick condition="Window.IsVisible(Home)">Dialog.Close(6404)</onclick>
	<onclick condition="Window.IsVisible(Home)">Skin.SetString(submenu_action,$VAR[value_menu40410.action])</onclick>
	<visible>![IsEmpty(skin.string(menu40410.master)) | SubString(skin.string(menu40410.visible),off)] | Window.IsVisible(6000)</visible>
	</item>
	<item>
	<label fallback="31014">$VAR[value_menu40411.label]</label>
	<property name="condition">$INFO[skin.string(menu40411.visible)]</property>
	<property name="name">menu40411</property>
	<property name="id">$INFO[skin.string(menu40411.master)]</property>
	<onclick condition="Window.IsVisible(6000)">SetFocus(5000)</onclick>
	<onclick condition="Window.IsVisible(Home)">Dialog.Close(6404)</onclick>
	<onclick condition="Window.IsVisible(Home)">Skin.SetString(submenu_action,$VAR[value_menu40411.action])</onclick>
	<visible>![IsEmpty(skin.string(menu40411.master)) | SubString(skin.string(menu40411.visible),off)] | Window.IsVisible(6000)</visible>
	</item>
	<item>
	<label fallback="31014">$VAR[value_menu40412.label]</label>
	<property name="condition">$INFO[skin.string(menu40412.visible)]</property>
	<property name="name">menu40412</property>
	<property name="id">$INFO[skin.string(menu40412.master)]</property>
	<onclick condition="Window.IsVisible(6000)">SetFocus(5000)</onclick>
	<onclick condition="Window.IsVisible(Home)">Dialog.Close(6404)</onclick>
	<onclick condition="Window.IsVisible(Home)">Skin.SetString(submenu_action,$VAR[value_menu40412.action])</onclick>
	<visible>![IsEmpty(skin.string(menu40412.master)) | SubString(skin.string(menu40412.visible),off)] | Window.IsVisible(6000)</visible>
	</item>
	<item>
	<label fallback="31014">$VAR[value_menu40413.label]</label>
	<property name="condition">$INFO[skin.string(menu40413.visible)]</property>
	<property name="name">menu40413</property>
	<property name="id">$INFO[skin.string(menu40413.master)]</property>
	<onclick condition="Window.IsVisible(6000)">SetFocus(5000)</onclick>
	<onclick condition="Window.IsVisible(Home)">Dialog.Close(6404)</onclick>
	<onclick condition="Window.IsVisible(Home)">Skin.SetString(submenu_action,$VAR[value_menu40413.action])</onclick>
	<visible>![IsEmpty(skin.string(menu40413.master)) | SubString(skin.string(menu40413.visible),off)] | Window.IsVisible(6000)</visible>
	</item>
	<item>
	<label fallback="31014">$VAR[value_menu40414.label]</label>
	<property name="condition">$INFO[skin.string(menu40414.visible)]</property>
	<property name="name">menu40414</property>
	<property name="id">$INFO[skin.string(menu40414.master)]</property>
	<onclick condition="Window.IsVisible(6000)">SetFocus(5000)</onclick>
	<onclick condition="Window.IsVisible(Home)">Dialog.Close(6404)</onclick>
	<onclick condition="Window.IsVisible(Home)">Skin.SetString(submenu_action,$VAR[value_menu40414.action])</onclick>
	<visible>![IsEmpty(skin.string(menu40414.master)) | SubString(skin.string(menu40414.visible),off)] | Window.IsVisible(6000)</visible>
	</item>
	<item>
	<label fallback="31014">$VAR[value_menu40415.label]</label>
	<property name="condition">$INFO[skin.string(menu40415.visible)]</property>
	<property name="name">menu40415</property>
	<property name="id">$INFO[skin.string(menu40415.master)]</property>
	<onclick condition="Window.IsVisible(6000)">SetFocus(5000)</onclick>
	<onclick condition="Window.IsVisible(Home)">Dialog.Close(6404)</onclick>
	<onclick condition="Window.IsVisible(Home)">Skin.SetString(submenu_action,$VAR[value_menu40415.action])</onclick>
	<visible>![IsEmpty(skin.string(menu40415.master)) | SubString(skin.string(menu40415.visible),off)] | Window.IsVisible(6000)</visible>
	</item>
	</content>
	</control>
	</control>
	</control>
	</controls>
</window>