<?xml version="1.0" encoding="UTF-8"?>
<window id="6080" type="dialog">
	<!-- Aeon MQ 7 -->
	<!-- Add-ons de imagem -->
	<defaultcontrol>-</defaultcontrol>
	<include>SubMenuCommon</include>
	<controls>
	<control type="group">
	<include condition="Window.IsVisible(6000)">MenuCustom</include>
	<control type="group">
	<!-- default group -->
	<include>Animation_SubMenu</include>
	<include condition="Window.IsVisible(6000)">SubmenuGoTo</include>
	<include condition="Window.IsVisible(Home)">SubMenuDefault</include>
	<control type="panel" id="9000">
	<include condition="Window.IsVisible(6000)">SubmenuCustomList</include>
	<include condition="Window.IsVisible(Home) + !Skin.HasSetting(mainmenuvertical)">SubmenuHList</include>
	<include condition="Window.IsVisible(Home) + Skin.HasSetting(mainmenuvertical)">SubmenuVList</include>
	<content>
	<item>
	<label fallback="31014">$VAR[value_menu8001.label]</label>
	<property name="condition">$INFO[skin.string(menu8001.visible)]</property>
	<property name="name">menu8001</property>
	<property name="id">$INFO[skin.string(menu8001.master)]</property>
	<onclick condition="Window.IsVisible(6000)">SetFocus(5000)</onclick>
	<onclick condition="Window.IsVisible(Home)">Dialog.Close(6080)</onclick>
	<onclick condition="Window.IsVisible(Home)">Skin.SetString(submenu_action,$VAR[value_menu8001.action])</onclick>
	<visible>![IsEmpty(skin.string(menu8001.master)) | SubString(skin.string(menu8001.visible),off)] | Window.IsVisible(6000)</visible>
	</item>
	<item>
	<label fallback="31014">$VAR[value_menu8002.label]</label>
	<property name="condition">$INFO[skin.string(menu8002.visible)]</property>
	<property name="name">menu8002</property>
	<property name="id">$INFO[skin.string(menu8002.master)]</property>
	<onclick condition="Window.IsVisible(6000)">SetFocus(5000)</onclick>
	<onclick condition="Window.IsVisible(Home)">Dialog.Close(6080)</onclick>
	<onclick condition="Window.IsVisible(Home)">Skin.SetString(submenu_action,$VAR[value_menu8002.action])</onclick>
	<visible>![IsEmpty(skin.string(menu8002.master)) | SubString(skin.string(menu8002.visible),off)] | Window.IsVisible(6000)</visible>
	</item>
	<item>
	<label fallback="31014">$VAR[value_menu8003.label]</label>
	<property name="condition">$INFO[skin.string(menu8003.visible)]</property>
	<property name="name">menu8003</property>
	<property name="id">$INFO[skin.string(menu8003.master)]</property>
	<onclick condition="Window.IsVisible(6000)">SetFocus(5000)</onclick>
	<onclick condition="Window.IsVisible(Home)">Dialog.Close(6080)</onclick>
	<onclick condition="Window.IsVisible(Home)">Skin.SetString(submenu_action,$VAR[value_menu8003.action])</onclick>
	<visible>![IsEmpty(skin.string(menu8003.master)) | SubString(skin.string(menu8003.visible),off)] | Window.IsVisible(6000)</visible>
	</item>
	<item>
	<label fallback="31014">$VAR[value_menu8004.label]</label>
	<property name="condition">$INFO[skin.string(menu8004.visible)]</property>
	<property name="name">menu8004</property>
	<property name="id">$INFO[skin.string(menu8004.master)]</property>
	<onclick condition="Window.IsVisible(6000)">SetFocus(5000)</onclick>
	<onclick condition="Window.IsVisible(Home)">Dialog.Close(6080)</onclick>
	<onclick condition="Window.IsVisible(Home)">Skin.SetString(submenu_action,$VAR[value_menu8004.action])</onclick>
	<visible>![IsEmpty(skin.string(menu8004.master)) | SubString(skin.string(menu8004.visible),off)] | Window.IsVisible(6000)</visible>
	</item>
	<item>
	<label fallback="31014">$VAR[value_menu8005.label]</label>
	<property name="condition">$INFO[skin.string(menu8005.visible)]</property>
	<property name="name">menu8005</property>
	<property name="id">$INFO[skin.string(menu8005.master)]</property>
	<onclick condition="Window.IsVisible(6000)">SetFocus(5000)</onclick>
	<onclick condition="Window.IsVisible(Home)">Dialog.Close(6080)</onclick>
	<onclick condition="Window.IsVisible(Home)">Skin.SetString(submenu_action,$VAR[value_menu8005.action])</onclick>
	<visible>![IsEmpty(skin.string(menu8005.master)) | SubString(skin.string(menu8005.visible),off)] | Window.IsVisible(6000)</visible>
	</item>
	<item>
	<label fallback="31014">$VAR[value_menu8006.label]</label>
	<property name="condition">$INFO[skin.string(menu8006.visible)]</property>
	<property name="name">menu8006</property>
	<property name="id">$INFO[skin.string(menu8006.master)]</property>
	<onclick condition="Window.IsVisible(6000)">SetFocus(5000)</onclick>
	<onclick condition="Window.IsVisible(Home)">Dialog.Close(6080)</onclick>
	<onclick condition="Window.IsVisible(Home)">Skin.SetString(submenu_action,$VAR[value_menu8006.action])</onclick>
	<visible>![IsEmpty(skin.string(menu8006.master)) | SubString(skin.string(menu8006.visible),off)] | Window.IsVisible(6000)</visible>
	</item>
	<item>
	<label fallback="31014">$VAR[value_menu8007.label]</label>
	<property name="condition">$INFO[skin.string(menu8007.visible)]</property>
	<property name="name">menu8007</property>
	<property name="id">$INFO[skin.string(menu8007.master)]</property>
	<onclick condition="Window.IsVisible(6000)">SetFocus(5000)</onclick>
	<onclick condition="Window.IsVisible(Home)">Dialog.Close(6080)</onclick>
	<onclick condition="Window.IsVisible(Home)">Skin.SetString(submenu_action,$VAR[value_menu8007.action])</onclick>
	<visible>![IsEmpty(skin.string(menu8007.master)) | SubString(skin.string(menu8007.visible),off)] | Window.IsVisible(6000)</visible>
	</item>
	<item>
	<label fallback="31014">$VAR[value_menu8008.label]</label>
	<property name="condition">$INFO[skin.string(menu8008.visible)]</property>
	<property name="name">menu8008</property>
	<property name="id">$INFO[skin.string(menu8008.master)]</property>
	<onclick condition="Window.IsVisible(6000)">SetFocus(5000)</onclick>
	<onclick condition="Window.IsVisible(Home)">Dialog.Close(6080)</onclick>
	<onclick condition="Window.IsVisible(Home)">Skin.SetString(submenu_action,$VAR[value_menu8008.action])</onclick>
	<visible>![IsEmpty(skin.string(menu8008.master)) | SubString(skin.string(menu8008.visible),off)] | Window.IsVisible(6000)</visible>
	</item>
	<item>
	<label fallback="31014">$VAR[value_menu8009.label]</label>
	<property name="condition">$INFO[skin.string(menu8009.visible)]</property>
	<property name="name">menu8009</property>
	<property name="id">$INFO[skin.string(menu8009.master)]</property>
	<onclick condition="Window.IsVisible(6000)">SetFocus(5000)</onclick>
	<onclick condition="Window.IsVisible(Home)">Dialog.Close(6080)</onclick>
	<onclick condition="Window.IsVisible(Home)">Skin.SetString(submenu_action,$VAR[value_menu8009.action])</onclick>
	<visible>![IsEmpty(skin.string(menu8009.master)) | SubString(skin.string(menu8009.visible),off)] | Window.IsVisible(6000)</visible>
	</item>
	<item>
	<label fallback="31014">$VAR[value_menu8010.label]</label>
	<property name="condition">$INFO[skin.string(menu8010.visible)]</property>
	<property name="name">menu8010</property>
	<property name="id">$INFO[skin.string(menu8010.master)]</property>
	<onclick condition="Window.IsVisible(6000)">SetFocus(5000)</onclick>
	<onclick condition="Window.IsVisible(Home)">Dialog.Close(6080)</onclick>
	<onclick condition="Window.IsVisible(Home)">Skin.SetString(submenu_action,$VAR[value_menu8010.action])</onclick>
	<visible>![IsEmpty(skin.string(menu8010.master)) | SubString(skin.string(menu8010.visible),off)] | Window.IsVisible(6000)</visible>
	</item>
	</content>
	</control>
	</control>
	</control>
	</controls>
</window>