<?xml version="1.0" encoding="UTF-8"?>
<window id="6008" type="dialog">
	<!-- Aeon MQ 7 -->
	<!-- Programas -->
	<defaultcontrol>-</defaultcontrol>
	<include>SubMenuCommon</include>
	<controls>
	<control type="group">
	<include condition="Window.IsVisible(6000)">MenuCustom</include>
	<control type="group">
	<!-- default group -->
	<include>Animation_SubMenu</include>
	<include condition="Window.IsVisible(6000)">SubmenuGoTo</include>
	<include condition="Window.IsVisible(Home)">SubMenuDefault</include>
	<control type="panel" id="9000">
	<include condition="Window.IsVisible(6000)">SubmenuCustomList</include>
	<include condition="Window.IsVisible(Home) + !Skin.HasSetting(mainmenuvertical)">SubmenuHList</include>
	<include condition="Window.IsVisible(Home) + Skin.HasSetting(mainmenuvertical)">SubmenuVList</include>
	<content>
	<item>
	<label fallback="31014">$VAR[value_menu0801.label]</label>
	<property name="condition">$INFO[skin.string(menu0801.visible)]</property>
	<property name="name">menu0801</property>
	<property name="id">$INFO[skin.string(menu0801.master)]</property>
	<onclick condition="Window.IsVisible(6000)">SetFocus(5000)</onclick>
	<onclick condition="Window.IsVisible(Home)">Dialog.Close(6008)</onclick>
	<onclick condition="Window.IsVisible(Home)">Skin.SetString(submenu_action,$VAR[value_menu0801.action])</onclick>
	<visible>![IsEmpty(skin.string(menu0801.master)) | SubString(skin.string(menu0801.visible),off)] | Window.IsVisible(6000)</visible>
	</item>
	<item>
	<label fallback="31014">$VAR[value_menu0802.label]</label>
	<property name="condition">$INFO[skin.string(menu0802.visible)]</property>
	<property name="name">menu0802</property>
	<property name="id">$INFO[skin.string(menu0802.master)]</property>
	<onclick condition="Window.IsVisible(6000)">SetFocus(5000)</onclick>
	<onclick condition="Window.IsVisible(Home)">Dialog.Close(6008)</onclick>
	<onclick condition="Window.IsVisible(Home)">Skin.SetString(submenu_action,$VAR[value_menu0802.action])</onclick>
	<visible>![IsEmpty(skin.string(menu0802.master)) | SubString(skin.string(menu0802.visible),off)] | Window.IsVisible(6000)</visible>
	</item>
	<item>
	<label fallback="31014">$VAR[value_menu0803.label]</label>
	<property name="condition">$INFO[skin.string(menu0803.visible)]</property>
	<property name="name">menu0803</property>
	<property name="id">$INFO[skin.string(menu0803.master)]</property>
	<onclick condition="Window.IsVisible(6000)">SetFocus(5000)</onclick>
	<onclick condition="Window.IsVisible(Home)">Dialog.Close(6008)</onclick>
	<onclick condition="Window.IsVisible(Home)">Skin.SetString(submenu_action,$VAR[value_menu0803.action])</onclick>
	<visible>![IsEmpty(skin.string(menu0803.master)) | SubString(skin.string(menu0803.visible),off)] | Window.IsVisible(6000)</visible>
	</item>
	<item>
	<label fallback="31014">$VAR[value_menu0804.label]</label>
	<property name="condition">$INFO[skin.string(menu0804.visible)]</property>
	<property name="name">menu0804</property>
	<property name="id">$INFO[skin.string(menu0804.master)]</property>
	<onclick condition="Window.IsVisible(6000)">SetFocus(5000)</onclick>
	<onclick condition="Window.IsVisible(Home)">Dialog.Close(6008)</onclick>
	<onclick condition="Window.IsVisible(Home)">Skin.SetString(submenu_action,$VAR[value_menu0804.action])</onclick>
	<visible>![IsEmpty(skin.string(menu0804.master)) | SubString(skin.string(menu0804.visible),off)] | Window.IsVisible(6000)</visible>
	</item>
	<item>
	<label fallback="31014">$VAR[value_menu0805.label]</label>
	<property name="condition">$INFO[skin.string(menu0805.visible)]</property>
	<property name="name">menu0805</property>
	<property name="id">$INFO[skin.string(menu0805.master)]</property>
	<onclick condition="Window.IsVisible(6000)">SetFocus(5000)</onclick>
	<onclick condition="Window.IsVisible(Home)">Dialog.Close(6008)</onclick>
	<onclick condition="Window.IsVisible(Home)">Skin.SetString(submenu_action,$VAR[value_menu0805.action])</onclick>
	<visible>![IsEmpty(skin.string(menu0805.master)) | SubString(skin.string(menu0805.visible),off)] | Window.IsVisible(6000)</visible>
	</item>
	<item>
	<label fallback="31014">$VAR[value_menu0806.label]</label>
	<property name="condition">$INFO[skin.string(menu0806.visible)]</property>
	<property name="name">menu0806</property>
	<property name="id">$INFO[skin.string(menu0806.master)]</property>
	<onclick condition="Window.IsVisible(6000)">SetFocus(5000)</onclick>
	<onclick condition="Window.IsVisible(Home)">Dialog.Close(6008)</onclick>
	<onclick condition="Window.IsVisible(Home)">Skin.SetString(submenu_action,$VAR[value_menu0806.action])</onclick>
	<visible>![IsEmpty(skin.string(menu0806.master)) | SubString(skin.string(menu0806.visible),off)] | Window.IsVisible(6000)</visible>
	</item>
	<item>
	<label fallback="31014">$VAR[value_menu0807.label]</label>
	<property name="condition">$INFO[skin.string(menu0807.visible)]</property>
	<property name="name">menu0807</property>
	<property name="id">$INFO[skin.string(menu0807.master)]</property>
	<onclick condition="Window.IsVisible(6000)">SetFocus(5000)</onclick>
	<onclick condition="Window.IsVisible(Home)">Dialog.Close(6008)</onclick>
	<onclick condition="Window.IsVisible(Home)">Skin.SetString(submenu_action,$VAR[value_menu0807.action])</onclick>
	<visible>![IsEmpty(skin.string(menu0807.master)) | SubString(skin.string(menu0807.visible),off)] | Window.IsVisible(6000)</visible>
	</item>
	<item>
	<label fallback="31014">$VAR[value_menu0808.label]</label>
	<property name="condition">$INFO[skin.string(menu0808.visible)]</property>
	<property name="name">menu0808</property>
	<property name="id">$INFO[skin.string(menu0808.master)]</property>
	<onclick condition="Window.IsVisible(6000)">SetFocus(5000)</onclick>
	<onclick condition="Window.IsVisible(Home)">Dialog.Close(6008)</onclick>
	<onclick condition="Window.IsVisible(Home)">Skin.SetString(submenu_action,$VAR[value_menu0808.action])</onclick>
	<visible>![IsEmpty(skin.string(menu0808.master)) | SubString(skin.string(menu0808.visible),off)] | Window.IsVisible(6000)</visible>
	</item>
	<item>
	<label fallback="31014">$VAR[value_menu0809.label]</label>
	<property name="condition">$INFO[skin.string(menu0809.visible)]</property>
	<property name="name">menu0809</property>
	<property name="id">$INFO[skin.string(menu0809.master)]</property>
	<onclick condition="Window.IsVisible(6000)">SetFocus(5000)</onclick>
	<onclick condition="Window.IsVisible(Home)">Dialog.Close(6008)</onclick>
	<onclick condition="Window.IsVisible(Home)">Skin.SetString(submenu_action,$VAR[value_menu0809.action])</onclick>
	<visible>![IsEmpty(skin.string(menu0809.master)) | SubString(skin.string(menu0809.visible),off)] | Window.IsVisible(6000)</visible>
	</item>
	<item>
	<label fallback="31014">$VAR[value_menu0810.label]</label>
	<property name="condition">$INFO[skin.string(menu0810.visible)]</property>
	<property name="name">menu0810</property>
	<property name="id">$INFO[skin.string(menu0810.master)]</property>
	<onclick condition="Window.IsVisible(6000)">SetFocus(5000)</onclick>
	<onclick condition="Window.IsVisible(Home)">Dialog.Close(6008)</onclick>
	<onclick condition="Window.IsVisible(Home)">Skin.SetString(submenu_action,$VAR[value_menu0810.action])</onclick>
	<visible>![IsEmpty(skin.string(menu0810.master)) | SubString(skin.string(menu0810.visible),off)] | Window.IsVisible(6000)</visible>
	</item>
	<item>
	<label fallback="31014">$VAR[value_menu0811.label]</label>
	<property name="condition">$INFO[skin.string(menu0811.visible)]</property>
	<property name="name">menu0811</property>
	<property name="id">$INFO[skin.string(menu0811.master)]</property>
	<onclick condition="Window.IsVisible(6000)">SetFocus(5000)</onclick>
	<onclick condition="Window.IsVisible(Home)">Dialog.Close(6008)</onclick>
	<onclick condition="Window.IsVisible(Home)">Skin.SetString(submenu_action,$VAR[value_menu0811.action])</onclick>
	<visible>![IsEmpty(skin.string(menu0811.master)) | SubString(skin.string(menu0811.visible),off)] | Window.IsVisible(6000)</visible>
	</item>
	<item>
	<label fallback="31014">$VAR[value_menu0812.label]</label>
	<property name="condition">$INFO[skin.string(menu0812.visible)]</property>
	<property name="name">menu0812</property>
	<property name="id">$INFO[skin.string(menu0812.master)]</property>
	<onclick condition="Window.IsVisible(6000)">SetFocus(5000)</onclick>
	<onclick condition="Window.IsVisible(Home)">Dialog.Close(6008)</onclick>
	<onclick condition="Window.IsVisible(Home)">Skin.SetString(submenu_action,$VAR[value_menu0812.action])</onclick>
	<visible>![IsEmpty(skin.string(menu0812.master)) | SubString(skin.string(menu0812.visible),off)] | Window.IsVisible(6000)</visible>
	</item>
	<item>
	<label fallback="31014">$VAR[value_menu0813.label]</label>
	<property name="condition">$INFO[skin.string(menu0813.visible)]</property>
	<property name="name">menu0813</property>
	<property name="id">$INFO[skin.string(menu0813.master)]</property>
	<onclick condition="Window.IsVisible(6000)">SetFocus(5000)</onclick>
	<onclick condition="Window.IsVisible(Home)">Dialog.Close(6008)</onclick>
	<onclick condition="Window.IsVisible(Home)">Skin.SetString(submenu_action,$VAR[value_menu0813.action])</onclick>
	<visible>![IsEmpty(skin.string(menu0813.master)) | SubString(skin.string(menu0813.visible),off)] | Window.IsVisible(6000)</visible>
	</item>
	<item>
	<label fallback="31014">$VAR[value_menu0814.label]</label>
	<property name="condition">$INFO[skin.string(menu0814.visible)]</property>
	<property name="name">menu0814</property>
	<property name="id">$INFO[skin.string(menu0814.master)]</property>
	<onclick condition="Window.IsVisible(6000)">SetFocus(5000)</onclick>
	<onclick condition="Window.IsVisible(Home)">Dialog.Close(6008)</onclick>
	<onclick condition="Window.IsVisible(Home)">Skin.SetString(submenu_action,$VAR[value_menu0814.action])</onclick>
	<visible>![IsEmpty(skin.string(menu0814.master)) | SubString(skin.string(menu0814.visible),off)] | Window.IsVisible(6000)</visible>
	</item>
	<item>
	<label fallback="31014">$VAR[value_menu0815.label]</label>
	<property name="condition">$INFO[skin.string(menu0815.visible)]</property>
	<property name="name">menu0815</property>
	<property name="id">$INFO[skin.string(menu0815.master)]</property>
	<onclick condition="Window.IsVisible(6000)">SetFocus(5000)</onclick>
	<onclick condition="Window.IsVisible(Home)">Dialog.Close(6008)</onclick>
	<onclick condition="Window.IsVisible(Home)">Skin.SetString(submenu_action,$VAR[value_menu0815.action])</onclick>
	<visible>![IsEmpty(skin.string(menu0815.master)) | SubString(skin.string(menu0815.visible),off)] | Window.IsVisible(6000)</visible>
	</item>
	<item>
	<label fallback="31014">$VAR[value_menu0816.label]</label>
	<property name="condition">$INFO[skin.string(menu0816.visible)]</property>
	<property name="name">menu0816</property>
	<property name="id">$INFO[skin.string(menu0816.master)]</property>
	<onclick condition="Window.IsVisible(6000)">SetFocus(5000)</onclick>
	<onclick condition="Window.IsVisible(Home)">Dialog.Close(6008)</onclick>
	<onclick condition="Window.IsVisible(Home)">Skin.SetString(submenu_action,$VAR[value_menu0816.action])</onclick>
	<visible>![IsEmpty(skin.string(menu0816.master)) | SubString(skin.string(menu0816.visible),off)] | Window.IsVisible(6000)</visible>
	</item>
	<item>
	<label fallback="31014">$VAR[value_menu0817.label]</label>
	<property name="condition">$INFO[skin.string(menu0817.visible)]</property>
	<property name="name">menu0817</property>
	<property name="id">$INFO[skin.string(menu0817.master)]</property>
	<onclick condition="Window.IsVisible(6000)">SetFocus(5000)</onclick>
	<onclick condition="Window.IsVisible(Home)">Dialog.Close(6008)</onclick>
	<onclick condition="Window.IsVisible(Home)">Skin.SetString(submenu_action,$VAR[value_menu0817.action])</onclick>
	<visible>![IsEmpty(skin.string(menu0817.master)) | SubString(skin.string(menu0817.visible),off)] | Window.IsVisible(6000)</visible>
	</item>
	<item>
	<label fallback="31014">$VAR[value_menu0818.label]</label>
	<property name="condition">$INFO[skin.string(menu0818.visible)]</property>
	<property name="name">menu0818</property>
	<property name="id">$INFO[skin.string(menu0818.master)]</property>
	<onclick condition="Window.IsVisible(6000)">SetFocus(5000)</onclick>
	<onclick condition="Window.IsVisible(Home)">Dialog.Close(6008)</onclick>
	<onclick condition="Window.IsVisible(Home)">Skin.SetString(submenu_action,$VAR[value_menu0818.action])</onclick>
	<visible>![IsEmpty(skin.string(menu0818.master)) | SubString(skin.string(menu0818.visible),off)] | Window.IsVisible(6000)</visible>
	</item>
	<item>
	<label fallback="31014">$VAR[value_menu0819.label]</label>
	<property name="condition">$INFO[skin.string(menu0819.visible)]</property>
	<property name="name">menu0819</property>
	<property name="id">$INFO[skin.string(menu0819.master)]</property>
	<onclick condition="Window.IsVisible(6000)">SetFocus(5000)</onclick>
	<onclick condition="Window.IsVisible(Home)">Dialog.Close(6008)</onclick>
	<onclick condition="Window.IsVisible(Home)">Skin.SetString(submenu_action,$VAR[value_menu0819.action])</onclick>
	<visible>![IsEmpty(skin.string(menu0819.master)) | SubString(skin.string(menu0819.visible),off)] | Window.IsVisible(6000)</visible>
	</item>
	<item>
	<label fallback="31014">$VAR[value_menu0820.label]</label>
	<property name="condition">$INFO[skin.string(menu0820.visible)]</property>
	<property name="name">menu0820</property>
	<property name="id">$INFO[skin.string(menu0820.master)]</property>
	<onclick condition="Window.IsVisible(6000)">SetFocus(5000)</onclick>
	<onclick condition="Window.IsVisible(Home)">Dialog.Close(6008)</onclick>
	<onclick condition="Window.IsVisible(Home)">Skin.SetString(submenu_action,$VAR[value_menu0820.action])</onclick>
	<visible>![IsEmpty(skin.string(menu0820.master)) | SubString(skin.string(menu0820.visible),off)] | Window.IsVisible(6000)</visible>
	</item>
	</content>
	</control>
	</control>
	</control>
	</controls>
</window>