<?xml version="1.0" encoding="UTF-8"?>
<window id="6309" type="dialog">
	<!-- Aeon MQ 7 -->
	<!-- Vnode 9 -->
	<defaultcontrol>-</defaultcontrol>
	<include>SubMenuCommon</include>
	<controls>
	<control type="group">
	<include condition="Window.IsVisible(6000)">MenuCustom</include>
	<control type="group">
	<!-- default group -->
	<include>Animation_SubMenu</include>
	<include condition="Window.IsVisible(6000)">SubmenuGoTo</include>
	<include condition="Window.IsVisible(Home)">SubMenuDefault</include>
	<control type="panel" id="9000">
	<include condition="Window.IsVisible(6000)">SubmenuCustomList</include>
	<include condition="Window.IsVisible(Home) + !Skin.HasSetting(mainmenuvertical)">SubmenuHList</include>
	<include condition="Window.IsVisible(Home) + Skin.HasSetting(mainmenuvertical)">SubmenuVList</include>
	<content>
	<item>
	<label fallback="31014">$VAR[value_menu30901.label]</label>
	<property name="condition">$INFO[skin.string(menu30901.visible)]</property>
	<property name="name">menu30901</property>
	<property name="id">$INFO[skin.string(menu30901.master)]</property>
	<onclick condition="Window.IsVisible(6000)">SetFocus(5000)</onclick>
	<onclick condition="Window.IsVisible(Home)">Dialog.Close(6309)</onclick>
	<onclick condition="Window.IsVisible(Home)">Skin.SetString(submenu_action,$VAR[value_menu30901.action])</onclick>
	<visible>![IsEmpty(skin.string(menu30901.master)) | SubString(skin.string(menu30901.visible),off)] | Window.IsVisible(6000)</visible>
	</item>
	<item>
	<label fallback="31014">$VAR[value_menu30902.label]</label>
	<property name="condition">$INFO[skin.string(menu30902.visible)]</property>
	<property name="name">menu30902</property>
	<property name="id">$INFO[skin.string(menu30902.master)]</property>
	<onclick condition="Window.IsVisible(6000)">SetFocus(5000)</onclick>
	<onclick condition="Window.IsVisible(Home)">Dialog.Close(6309)</onclick>
	<onclick condition="Window.IsVisible(Home)">Skin.SetString(submenu_action,$VAR[value_menu30902.action])</onclick>
	<visible>![IsEmpty(skin.string(menu30902.master)) | SubString(skin.string(menu30902.visible),off)] | Window.IsVisible(6000)</visible>
	</item>
	<item>
	<label fallback="31014">$VAR[value_menu30903.label]</label>
	<property name="condition">$INFO[skin.string(menu30903.visible)]</property>
	<property name="name">menu30903</property>
	<property name="id">$INFO[skin.string(menu30903.master)]</property>
	<onclick condition="Window.IsVisible(6000)">SetFocus(5000)</onclick>
	<onclick condition="Window.IsVisible(Home)">Dialog.Close(6309)</onclick>
	<onclick condition="Window.IsVisible(Home)">Skin.SetString(submenu_action,$VAR[value_menu30903.action])</onclick>
	<visible>![IsEmpty(skin.string(menu30903.master)) | SubString(skin.string(menu30903.visible),off)] | Window.IsVisible(6000)</visible>
	</item>
	<item>
	<label fallback="31014">$VAR[value_menu30904.label]</label>
	<property name="condition">$INFO[skin.string(menu30904.visible)]</property>
	<property name="name">menu30904</property>
	<property name="id">$INFO[skin.string(menu30904.master)]</property>
	<onclick condition="Window.IsVisible(6000)">SetFocus(5000)</onclick>
	<onclick condition="Window.IsVisible(Home)">Dialog.Close(6309)</onclick>
	<onclick condition="Window.IsVisible(Home)">Skin.SetString(submenu_action,$VAR[value_menu30904.action])</onclick>
	<visible>![IsEmpty(skin.string(menu30904.master)) | SubString(skin.string(menu30904.visible),off)] | Window.IsVisible(6000)</visible>
	</item>
	<item>
	<label fallback="31014">$VAR[value_menu30905.label]</label>
	<property name="condition">$INFO[skin.string(menu30905.visible)]</property>
	<property name="name">menu30905</property>
	<property name="id">$INFO[skin.string(menu30905.master)]</property>
	<onclick condition="Window.IsVisible(6000)">SetFocus(5000)</onclick>
	<onclick condition="Window.IsVisible(Home)">Dialog.Close(6309)</onclick>
	<onclick condition="Window.IsVisible(Home)">Skin.SetString(submenu_action,$VAR[value_menu30905.action])</onclick>
	<visible>![IsEmpty(skin.string(menu30905.master)) | SubString(skin.string(menu30905.visible),off)] | Window.IsVisible(6000)</visible>
	</item>
	<item>
	<label fallback="31014">$VAR[value_menu30906.label]</label>
	<property name="condition">$INFO[skin.string(menu30906.visible)]</property>
	<property name="name">menu30906</property>
	<property name="id">$INFO[skin.string(menu30906.master)]</property>
	<onclick condition="Window.IsVisible(6000)">SetFocus(5000)</onclick>
	<onclick condition="Window.IsVisible(Home)">Dialog.Close(6309)</onclick>
	<onclick condition="Window.IsVisible(Home)">Skin.SetString(submenu_action,$VAR[value_menu30906.action])</onclick>
	<visible>![IsEmpty(skin.string(menu30906.master)) | SubString(skin.string(menu30906.visible),off)] | Window.IsVisible(6000)</visible>
	</item>
	<item>
	<label fallback="31014">$VAR[value_menu30907.label]</label>
	<property name="condition">$INFO[skin.string(menu30907.visible)]</property>
	<property name="name">menu30907</property>
	<property name="id">$INFO[skin.string(menu30907.master)]</property>
	<onclick condition="Window.IsVisible(6000)">SetFocus(5000)</onclick>
	<onclick condition="Window.IsVisible(Home)">Dialog.Close(6309)</onclick>
	<onclick condition="Window.IsVisible(Home)">Skin.SetString(submenu_action,$VAR[value_menu30907.action])</onclick>
	<visible>![IsEmpty(skin.string(menu30907.master)) | SubString(skin.string(menu30907.visible),off)] | Window.IsVisible(6000)</visible>
	</item>
	<item>
	<label fallback="31014">$VAR[value_menu30908.label]</label>
	<property name="condition">$INFO[skin.string(menu30908.visible)]</property>
	<property name="name">menu30908</property>
	<property name="id">$INFO[skin.string(menu30908.master)]</property>
	<onclick condition="Window.IsVisible(6000)">SetFocus(5000)</onclick>
	<onclick condition="Window.IsVisible(Home)">Dialog.Close(6309)</onclick>
	<onclick condition="Window.IsVisible(Home)">Skin.SetString(submenu_action,$VAR[value_menu30908.action])</onclick>
	<visible>![IsEmpty(skin.string(menu30908.master)) | SubString(skin.string(menu30908.visible),off)] | Window.IsVisible(6000)</visible>
	</item>
	<item>
	<label fallback="31014">$VAR[value_menu30909.label]</label>
	<property name="condition">$INFO[skin.string(menu30909.visible)]</property>
	<property name="name">menu30909</property>
	<property name="id">$INFO[skin.string(menu30909.master)]</property>
	<onclick condition="Window.IsVisible(6000)">SetFocus(5000)</onclick>
	<onclick condition="Window.IsVisible(Home)">Dialog.Close(6309)</onclick>
	<onclick condition="Window.IsVisible(Home)">Skin.SetString(submenu_action,$VAR[value_menu30909.action])</onclick>
	<visible>![IsEmpty(skin.string(menu30909.master)) | SubString(skin.string(menu30909.visible),off)] | Window.IsVisible(6000)</visible>
	</item>
	<item>
	<label fallback="31014">$VAR[value_menu30910.label]</label>
	<property name="condition">$INFO[skin.string(menu30910.visible)]</property>
	<property name="name">menu30910</property>
	<property name="id">$INFO[skin.string(menu30910.master)]</property>
	<onclick condition="Window.IsVisible(6000)">SetFocus(5000)</onclick>
	<onclick condition="Window.IsVisible(Home)">Dialog.Close(6309)</onclick>
	<onclick condition="Window.IsVisible(Home)">Skin.SetString(submenu_action,$VAR[value_menu30910.action])</onclick>
	<visible>![IsEmpty(skin.string(menu30910.master)) | SubString(skin.string(menu30910.visible),off)] | Window.IsVisible(6000)</visible>
	</item>
	<item>
	<label fallback="31014">$VAR[value_menu30911.label]</label>
	<property name="condition">$INFO[skin.string(menu30911.visible)]</property>
	<property name="name">menu30911</property>
	<property name="id">$INFO[skin.string(menu30911.master)]</property>
	<onclick condition="Window.IsVisible(6000)">SetFocus(5000)</onclick>
	<onclick condition="Window.IsVisible(Home)">Dialog.Close(6309)</onclick>
	<onclick condition="Window.IsVisible(Home)">Skin.SetString(submenu_action,$VAR[value_menu30911.action])</onclick>
	<visible>![IsEmpty(skin.string(menu30911.master)) | SubString(skin.string(menu30911.visible),off)] | Window.IsVisible(6000)</visible>
	</item>
	<item>
	<label fallback="31014">$VAR[value_menu30912.label]</label>
	<property name="condition">$INFO[skin.string(menu30912.visible)]</property>
	<property name="name">menu30912</property>
	<property name="id">$INFO[skin.string(menu30912.master)]</property>
	<onclick condition="Window.IsVisible(6000)">SetFocus(5000)</onclick>
	<onclick condition="Window.IsVisible(Home)">Dialog.Close(6309)</onclick>
	<onclick condition="Window.IsVisible(Home)">Skin.SetString(submenu_action,$VAR[value_menu30912.action])</onclick>
	<visible>![IsEmpty(skin.string(menu30912.master)) | SubString(skin.string(menu30912.visible),off)] | Window.IsVisible(6000)</visible>
	</item>
	<item>
	<label fallback="31014">$VAR[value_menu30913.label]</label>
	<property name="condition">$INFO[skin.string(menu30913.visible)]</property>
	<property name="name">menu30913</property>
	<property name="id">$INFO[skin.string(menu30913.master)]</property>
	<onclick condition="Window.IsVisible(6000)">SetFocus(5000)</onclick>
	<onclick condition="Window.IsVisible(Home)">Dialog.Close(6309)</onclick>
	<onclick condition="Window.IsVisible(Home)">Skin.SetString(submenu_action,$VAR[value_menu30913.action])</onclick>
	<visible>![IsEmpty(skin.string(menu30913.master)) | SubString(skin.string(menu30913.visible),off)] | Window.IsVisible(6000)</visible>
	</item>
	<item>
	<label fallback="31014">$VAR[value_menu30914.label]</label>
	<property name="condition">$INFO[skin.string(menu30914.visible)]</property>
	<property name="name">menu30914</property>
	<property name="id">$INFO[skin.string(menu30914.master)]</property>
	<onclick condition="Window.IsVisible(6000)">SetFocus(5000)</onclick>
	<onclick condition="Window.IsVisible(Home)">Dialog.Close(6309)</onclick>
	<onclick condition="Window.IsVisible(Home)">Skin.SetString(submenu_action,$VAR[value_menu30914.action])</onclick>
	<visible>![IsEmpty(skin.string(menu30914.master)) | SubString(skin.string(menu30914.visible),off)] | Window.IsVisible(6000)</visible>
	</item>
	<item>
	<label fallback="31014">$VAR[value_menu30915.label]</label>
	<property name="condition">$INFO[skin.string(menu30915.visible)]</property>
	<property name="name">menu30915</property>
	<property name="id">$INFO[skin.string(menu30915.master)]</property>
	<onclick condition="Window.IsVisible(6000)">SetFocus(5000)</onclick>
	<onclick condition="Window.IsVisible(Home)">Dialog.Close(6309)</onclick>
	<onclick condition="Window.IsVisible(Home)">Skin.SetString(submenu_action,$VAR[value_menu30915.action])</onclick>
	<visible>![IsEmpty(skin.string(menu30915.master)) | SubString(skin.string(menu30915.visible),off)] | Window.IsVisible(6000)</visible>
	</item>
	</content>
	</control>
	</control>
	</control>
	</controls>
</window>