<?xml version="1.0" encoding="UTF-8"?>
<window id="6626">
	<!-- Aeon MQ 7 -->
	<defaultcontrol always="true">9030</defaultcontrol>
	<controls>
	<control type="multiimage">
	<include>WindowBG</include>
	<imagepath background="true">$VAR[value_menutheme_settings]</imagepath>
	</control>
	<control type="group">
	<include>Animation_DialogPopup</include>
	<control type="image">
	<left>165</left>
	<top>0</top>
	<width>45</width>
	<height>1080</height>
	<texture flipx="true">shadow.png</texture>
	<colordiffuse>C3FFFFFF</colordiffuse>
	</control>
	<control type="image">
	<left>1710</left>
	<top>0</top>
	<width>45</width>
	<height>1080</height>
	<texture>shadow.png</texture>
	<colordiffuse>C3FFFFFF</colordiffuse>
	</control>
	<control type="image">
	<left>210</left>
	<top>0</top>
	<width>1500</width>
	<height>1080</height>
	<texture>darkgrey.png</texture>
	<colordiffuse>$INFO[Skin.String(colortexture)]</colordiffuse>
	<include>Animation_DefaultGlass</include>
	</control>
	<control type="image">
	<left>210</left>
	<top>0</top>
	<width>1500</width>
	<height>120</height>
	<texture>black.png</texture>
	<colordiffuse>90FFFFFF</colordiffuse>
	</control>
	<control type="label">
	<left>322</left>
	<top>8</top>
	<width>1278</width>
	<height>45</height>
	<align>center</align>
	<aligny>top</aligny>
	<label>31479</label>
	<font>Font_titlesettings</font>
	<textcolor>FFFFFAF0</textcolor>
	</control>
	<control type="label">
	<left>322</left>
	<top>68</top>
	<width>1278</width>
	<height>45</height>
	<align>center</align>
	<aligny>top</aligny>
	<label>31140</label>
	<font>Font_plot</font>
	<textcolor>FFFFFAF0</textcolor>
	</control>
	<control type="grouplist" id="9030">
	<left>210</left>
	<top>150</top>
	<width>1500</width>
	<height>900</height>
	<itemgap>0</itemgap>
	<onleft>back</onleft>
	<onright>back</onright>
	<!-- Clicar e Ativar -->
	<control type="radiobutton" id="19299">	
	<radioposx>1341</radioposx>
	<label>31496</label>
	<onclick>Skin.ToggleSetting(clickactivateview_music)</onclick>
	<selected>Skin.HasSetting(clickactivateview_music)</selected>
	</control>
	<!-- Poster -->
	<!-- 54 -->
	<control type="radiobutton" id="19254">	
	<radioposx>1341</radioposx>
	<label>31808</label>
	<onclick>Skin.ToggleSetting(viewposter_music)</onclick>
	<onclick condition="!Skin.HasSetting(viewposter_music)">Skin.SetString(setviewmusic,54)</onclick>
	<onclick condition="!Skin.HasSetting(viewposter_music) + Skin.HasSetting(clickactivateview_music)">back</onclick>
	<selected>Skin.HasSetting(viewposter_music)</selected>
	</control>
	<!-- Low List -->
	<!-- 55 -->
	<control type="radiobutton" id="19255">	
	<radioposx>1341</radioposx>
	<label>31807</label>
	<onclick>Skin.ToggleSetting(viewlowlist_music)</onclick>
	<onclick condition="!Skin.HasSetting(viewlowlist_music)">Skin.SetString(setviewmusic,55)</onclick>
	<onclick condition="!Skin.HasSetting(viewlowlist_music) + Skin.HasSetting(clickactivateview_music)">back</onclick>
	<selected>Skin.HasSetting(viewlowlist_music)</selected>
	</control>
	<!-- Wall -->
	<!-- 56 -->
	<control type="radiobutton" id="19256">	
	<radioposx>1341</radioposx>
	<label>31805</label>
	<onclick>Skin.ToggleSetting(viewwall_music)</onclick>
	<onclick condition="!Skin.HasSetting(viewwall_music)">Skin.SetString(setviewmusic,56)</onclick>
	<onclick condition="!Skin.HasSetting(viewwall_music) + Skin.HasSetting(clickactivateview_music)">back</onclick>
	<selected>Skin.HasSetting(viewwall_music)</selected>
	</control>
	<!-- CoverFlow -->
	<!-- 58 -->
	<control type="radiobutton" id="19258">	
	<radioposx>1341</radioposx>
	<label>31810</label>
	<onclick>Skin.ToggleSetting(viewcoverflow_music)</onclick>
	<onclick condition="!Skin.HasSetting(viewcoverflow_music)">Skin.SetString(setviewmusic,58)</onclick>
	<onclick condition="!Skin.HasSetting(viewcoverflow_music) + Skin.HasSetting(clickactivateview_music)">back</onclick>
	<selected>Skin.HasSetting(viewcoverflow_music)</selected>
	<visible>!StringCompare(skin.string(videocontent),programs)</visible>
	</control>
	<!-- Wide -->
	<!-- 59 -->
	<control type="radiobutton" id="19259">	
	<radioposx>1341</radioposx>
	<label>31813</label>
	<onclick>Skin.ToggleSetting(viewwide_music)</onclick>
	<onclick condition="!Skin.HasSetting(viewwide_music)">Skin.SetString(setviewmusic,59)</onclick>
	<onclick condition="!Skin.HasSetting(viewwide_music) + Skin.HasSetting(clickactivateview_music)">back</onclick>
	<selected>Skin.HasSetting(viewwide_music)</selected>
	</control>
	<!-- Panel -->
	<!-- 62 -->
	<control type="radiobutton" id="19262">	
	<radioposx>1341</radioposx>
	<label>31818</label>
	<onclick>Skin.ToggleSetting(viewpanel_music)</onclick>
	<onclick condition="!Skin.HasSetting(viewpanel_music)">Skin.SetString(setviewmusic,62)</onclick>
	<onclick condition="!Skin.HasSetting(viewpanel_music) + Skin.HasSetting(clickactivateview_music)">back</onclick>
	<selected>Skin.HasSetting(viewpanel_music)</selected>
	</control>
	</control>
	</control>
	</controls>
</window>