<?xml version="1.0" encoding="UTF-8"?>
<window id="6408" type="dialog">
	<!-- Aeon MQ 7 -->
	<!-- Favorito 8 -->
	<defaultcontrol>-</defaultcontrol>
	<include>SubMenuCommon</include>
	<controls>
	<control type="group">
	<include condition="Window.IsVisible(6000)">MenuCustom</include>
	<control type="group">
	<!-- default group -->
	<include>Animation_SubMenu</include>
	<include condition="Window.IsVisible(6000)">SubmenuGoTo</include>
	<include condition="Window.IsVisible(Home)">SubMenuDefault</include>
	<control type="panel" id="9000">
	<include condition="Window.IsVisible(6000)">SubmenuCustomList</include>
	<include condition="Window.IsVisible(Home) + !Skin.HasSetting(mainmenuvertical)">SubmenuHList</include>
	<include condition="Window.IsVisible(Home) + Skin.HasSetting(mainmenuvertical)">SubmenuVList</include>
	<content>
	<item>
	<label fallback="31014">$VAR[value_menu40801.label]</label>
	<property name="condition">$INFO[skin.string(menu40801.visible)]</property>
	<property name="name">menu40801</property>
	<property name="id">$INFO[skin.string(menu40801.master)]</property>
	<onclick condition="Window.IsVisible(6000)">SetFocus(5000)</onclick>
	<onclick condition="Window.IsVisible(Home)">Dialog.Close(6408)</onclick>
	<onclick condition="Window.IsVisible(Home)">Skin.SetString(submenu_action,$VAR[value_menu40801.action])</onclick>
	<visible>![IsEmpty(skin.string(menu40801.master)) | SubString(skin.string(menu40801.visible),off)] | Window.IsVisible(6000)</visible>
	</item>
	<item>
	<label fallback="31014">$VAR[value_menu40802.label]</label>
	<property name="condition">$INFO[skin.string(menu40802.visible)]</property>
	<property name="name">menu40802</property>
	<property name="id">$INFO[skin.string(menu40802.master)]</property>
	<onclick condition="Window.IsVisible(6000)">SetFocus(5000)</onclick>
	<onclick condition="Window.IsVisible(Home)">Dialog.Close(6408)</onclick>
	<onclick condition="Window.IsVisible(Home)">Skin.SetString(submenu_action,$VAR[value_menu40802.action])</onclick>
	<visible>![IsEmpty(skin.string(menu40802.master)) | SubString(skin.string(menu40802.visible),off)] | Window.IsVisible(6000)</visible>
	</item>
	<item>
	<label fallback="31014">$VAR[value_menu40803.label]</label>
	<property name="condition">$INFO[skin.string(menu40803.visible)]</property>
	<property name="name">menu40803</property>
	<property name="id">$INFO[skin.string(menu40803.master)]</property>
	<onclick condition="Window.IsVisible(6000)">SetFocus(5000)</onclick>
	<onclick condition="Window.IsVisible(Home)">Dialog.Close(6408)</onclick>
	<onclick condition="Window.IsVisible(Home)">Skin.SetString(submenu_action,$VAR[value_menu40803.action])</onclick>
	<visible>![IsEmpty(skin.string(menu40803.master)) | SubString(skin.string(menu40803.visible),off)] | Window.IsVisible(6000)</visible>
	</item>
	<item>
	<label fallback="31014">$VAR[value_menu40804.label]</label>
	<property name="condition">$INFO[skin.string(menu40804.visible)]</property>
	<property name="name">menu40804</property>
	<property name="id">$INFO[skin.string(menu40804.master)]</property>
	<onclick condition="Window.IsVisible(6000)">SetFocus(5000)</onclick>
	<onclick condition="Window.IsVisible(Home)">Dialog.Close(6408)</onclick>
	<onclick condition="Window.IsVisible(Home)">Skin.SetString(submenu_action,$VAR[value_menu40804.action])</onclick>
	<visible>![IsEmpty(skin.string(menu40804.master)) | SubString(skin.string(menu40804.visible),off)] | Window.IsVisible(6000)</visible>
	</item>
	<item>
	<label fallback="31014">$VAR[value_menu40805.label]</label>
	<property name="condition">$INFO[skin.string(menu40805.visible)]</property>
	<property name="name">menu40805</property>
	<property name="id">$INFO[skin.string(menu40805.master)]</property>
	<onclick condition="Window.IsVisible(6000)">SetFocus(5000)</onclick>
	<onclick condition="Window.IsVisible(Home)">Dialog.Close(6408)</onclick>
	<onclick condition="Window.IsVisible(Home)">Skin.SetString(submenu_action,$VAR[value_menu40805.action])</onclick>
	<visible>![IsEmpty(skin.string(menu40805.master)) | SubString(skin.string(menu40805.visible),off)] | Window.IsVisible(6000)</visible>
	</item>
	<item>
	<label fallback="31014">$VAR[value_menu40806.label]</label>
	<property name="condition">$INFO[skin.string(menu40806.visible)]</property>
	<property name="name">menu40806</property>
	<property name="id">$INFO[skin.string(menu40806.master)]</property>
	<onclick condition="Window.IsVisible(6000)">SetFocus(5000)</onclick>
	<onclick condition="Window.IsVisible(Home)">Dialog.Close(6408)</onclick>
	<onclick condition="Window.IsVisible(Home)">Skin.SetString(submenu_action,$VAR[value_menu40806.action])</onclick>
	<visible>![IsEmpty(skin.string(menu40806.master)) | SubString(skin.string(menu40806.visible),off)] | Window.IsVisible(6000)</visible>
	</item>
	<item>
	<label fallback="31014">$VAR[value_menu40807.label]</label>
	<property name="condition">$INFO[skin.string(menu40807.visible)]</property>
	<property name="name">menu40807</property>
	<property name="id">$INFO[skin.string(menu40807.master)]</property>
	<onclick condition="Window.IsVisible(6000)">SetFocus(5000)</onclick>
	<onclick condition="Window.IsVisible(Home)">Dialog.Close(6408)</onclick>
	<onclick condition="Window.IsVisible(Home)">Skin.SetString(submenu_action,$VAR[value_menu40807.action])</onclick>
	<visible>![IsEmpty(skin.string(menu40807.master)) | SubString(skin.string(menu40807.visible),off)] | Window.IsVisible(6000)</visible>
	</item>
	<item>
	<label fallback="31014">$VAR[value_menu40808.label]</label>
	<property name="condition">$INFO[skin.string(menu40808.visible)]</property>
	<property name="name">menu40808</property>
	<property name="id">$INFO[skin.string(menu40808.master)]</property>
	<onclick condition="Window.IsVisible(6000)">SetFocus(5000)</onclick>
	<onclick condition="Window.IsVisible(Home)">Dialog.Close(6408)</onclick>
	<onclick condition="Window.IsVisible(Home)">Skin.SetString(submenu_action,$VAR[value_menu40808.action])</onclick>
	<visible>![IsEmpty(skin.string(menu40808.master)) | SubString(skin.string(menu40808.visible),off)] | Window.IsVisible(6000)</visible>
	</item>
	<item>
	<label fallback="31014">$VAR[value_menu40809.label]</label>
	<property name="condition">$INFO[skin.string(menu40809.visible)]</property>
	<property name="name">menu40809</property>
	<property name="id">$INFO[skin.string(menu40809.master)]</property>
	<onclick condition="Window.IsVisible(6000)">SetFocus(5000)</onclick>
	<onclick condition="Window.IsVisible(Home)">Dialog.Close(6408)</onclick>
	<onclick condition="Window.IsVisible(Home)">Skin.SetString(submenu_action,$VAR[value_menu40809.action])</onclick>
	<visible>![IsEmpty(skin.string(menu40809.master)) | SubString(skin.string(menu40809.visible),off)] | Window.IsVisible(6000)</visible>
	</item>
	<item>
	<label fallback="31014">$VAR[value_menu40810.label]</label>
	<property name="condition">$INFO[skin.string(menu40810.visible)]</property>
	<property name="name">menu40810</property>
	<property name="id">$INFO[skin.string(menu40810.master)]</property>
	<onclick condition="Window.IsVisible(6000)">SetFocus(5000)</onclick>
	<onclick condition="Window.IsVisible(Home)">Dialog.Close(6408)</onclick>
	<onclick condition="Window.IsVisible(Home)">Skin.SetString(submenu_action,$VAR[value_menu40810.action])</onclick>
	<visible>![IsEmpty(skin.string(menu40810.master)) | SubString(skin.string(menu40810.visible),off)] | Window.IsVisible(6000)</visible>
	</item>
	<item>
	<label fallback="31014">$VAR[value_menu40811.label]</label>
	<property name="condition">$INFO[skin.string(menu40811.visible)]</property>
	<property name="name">menu40811</property>
	<property name="id">$INFO[skin.string(menu40811.master)]</property>
	<onclick condition="Window.IsVisible(6000)">SetFocus(5000)</onclick>
	<onclick condition="Window.IsVisible(Home)">Dialog.Close(6408)</onclick>
	<onclick condition="Window.IsVisible(Home)">Skin.SetString(submenu_action,$VAR[value_menu40811.action])</onclick>
	<visible>![IsEmpty(skin.string(menu40811.master)) | SubString(skin.string(menu40811.visible),off)] | Window.IsVisible(6000)</visible>
	</item>
	<item>
	<label fallback="31014">$VAR[value_menu40812.label]</label>
	<property name="condition">$INFO[skin.string(menu40812.visible)]</property>
	<property name="name">menu40812</property>
	<property name="id">$INFO[skin.string(menu40812.master)]</property>
	<onclick condition="Window.IsVisible(6000)">SetFocus(5000)</onclick>
	<onclick condition="Window.IsVisible(Home)">Dialog.Close(6408)</onclick>
	<onclick condition="Window.IsVisible(Home)">Skin.SetString(submenu_action,$VAR[value_menu40812.action])</onclick>
	<visible>![IsEmpty(skin.string(menu40812.master)) | SubString(skin.string(menu40812.visible),off)] | Window.IsVisible(6000)</visible>
	</item>
	<item>
	<label fallback="31014">$VAR[value_menu40813.label]</label>
	<property name="condition">$INFO[skin.string(menu40813.visible)]</property>
	<property name="name">menu40813</property>
	<property name="id">$INFO[skin.string(menu40813.master)]</property>
	<onclick condition="Window.IsVisible(6000)">SetFocus(5000)</onclick>
	<onclick condition="Window.IsVisible(Home)">Dialog.Close(6408)</onclick>
	<onclick condition="Window.IsVisible(Home)">Skin.SetString(submenu_action,$VAR[value_menu40813.action])</onclick>
	<visible>![IsEmpty(skin.string(menu40813.master)) | SubString(skin.string(menu40813.visible),off)] | Window.IsVisible(6000)</visible>
	</item>
	<item>
	<label fallback="31014">$VAR[value_menu40814.label]</label>
	<property name="condition">$INFO[skin.string(menu40814.visible)]</property>
	<property name="name">menu40814</property>
	<property name="id">$INFO[skin.string(menu40814.master)]</property>
	<onclick condition="Window.IsVisible(6000)">SetFocus(5000)</onclick>
	<onclick condition="Window.IsVisible(Home)">Dialog.Close(6408)</onclick>
	<onclick condition="Window.IsVisible(Home)">Skin.SetString(submenu_action,$VAR[value_menu40814.action])</onclick>
	<visible>![IsEmpty(skin.string(menu40814.master)) | SubString(skin.string(menu40814.visible),off)] | Window.IsVisible(6000)</visible>
	</item>
	<item>
	<label fallback="31014">$VAR[value_menu40815.label]</label>
	<property name="condition">$INFO[skin.string(menu40815.visible)]</property>
	<property name="name">menu40815</property>
	<property name="id">$INFO[skin.string(menu40815.master)]</property>
	<onclick condition="Window.IsVisible(6000)">SetFocus(5000)</onclick>
	<onclick condition="Window.IsVisible(Home)">Dialog.Close(6408)</onclick>
	<onclick condition="Window.IsVisible(Home)">Skin.SetString(submenu_action,$VAR[value_menu40815.action])</onclick>
	<visible>![IsEmpty(skin.string(menu40815.master)) | SubString(skin.string(menu40815.visible),off)] | Window.IsVisible(6000)</visible>
	</item>
	</content>
	</control>
	</control>
	</control>
	</controls>
</window>