<?xml version="1.0" encoding="UTF-8"?>
<window>
	<!-- Aeon MQ 7 -->
	<defaultcontrol always="true">9000</defaultcontrol>
	<controls>
	<include>SettingsBG</include>
	<control type="group">
	<!-- default group -->
	<include>Animation_Window</include>
	<include>SettingsBack</include>
	
	<!--#######################################################################   MENU DA ESQUERDA   #######################################################################-->
	<include>Date</include>
	<control type="label">
	<include>SettingsLeftTitle</include>
	<label>31202</label>
	</control>
	<control type="grouplist" id="9000">
	<left>0</left>
	<top>180</top>
	<width>450</width>
	<height>990</height>
	<orientation>vertical</orientation>
	<itemgap>0</itemgap>
	<!-- Enable -->
	<control type="button" id="6">	
	<label>24022</label>
	<include>SettingsButton</include>
	</control>
	<!-- Disable -->
	<control type="button" id="7">	
	<label>24021</label>
	<include>SettingsButton</include>
	</control>
	<!-- Settings -->
	<control type="button" id="9">	
	<label>24020</label>
	<include>SettingsButton</include>
	</control>
	<!-- Update -->
	<control type="button" id="8">	
	<label>24069</label>
	<include>SettingsButton</include>
	</control>
	<!-- Launch -->
	<control type="button" id="12">	
	<label>518</label>
	<include>SettingsButton</include>
	</control>
	<!-- Changelog -->
	<control type="button" id="10">	
	<label>24036</label>
	<include>SettingsButton</include>
	</control>
	</control>
	
	<!--#######################################################################   MENU DA DIREITA   #######################################################################-->
	<control type="label">
	<include>SettingsRightTitle</include>
	<label>$INFO[ListItem.Property(Addon.Name)]</label>
	</control>
	<control type="grouplist">
	<animation effect="fade" reversible="true" time="150">VisibleChange</animation>
	<left>520</left>
	<top>180</top>
	<width>1466</width>
	<height>741</height>
	<itemgap>0</itemgap>
	<!-- Tipo -->
	<control type="label">	
	<width>600</width>
	<height>38</height>
	<align>left</align>
	<aligny>center</aligny>
	<font>Font_settings</font>
	<textcolor>FFFFFAF0</textcolor>
	<label>[COLOR=$INFO[Skin.String(colorheader)]]$LOCALIZE[146][/COLOR] $INFO[ListItem.Property(Addon.Type)]</label>
	</control>
	<!-- Autor -->
	<control type="label">	
	<width>600</width>
	<height>38</height>
	<align>left</align>
	<aligny>center</aligny>
	<font>Font_settings</font>
	<textcolor>FFFFFAF0</textcolor>
	<label>[COLOR=$INFO[Skin.String(colorheader)]]$LOCALIZE[21863][/COLOR] $INFO[ListItem.Property(Addon.Creator)]</label>
	</control>
	<!-- Versao -->
	<control type="label">	
	<width>600</width>
	<height>38</height>
	<align>left</align>
	<aligny>center</aligny>
	<font>Font_settings</font>
	<textcolor>FFFFFAF0</textcolor>
	<label>[COLOR=$INFO[Skin.String(colorheader)]]$LOCALIZE[24051][/COLOR] $INFO[ListItem.Property(Addon.Version)]</label>
	</control>	
	</control>
	<!-- Sumario -->
	<control type="label">
	<left>520</left>
	<top>340</top>
	<width>600</width>
	<height>38</height>
	<align>left</align>
	<aligny>center</aligny>
	<font>Font_settings</font>
	<textcolor>$INFO[Skin.String(colorheader)]</textcolor>
	<label>$LOCALIZE[20037]</label>
	</control>
	<!-- Sumario -->
	<control type="textbox">
	<left>520</left>
	<top>375</top>
	<width>1300</width>
	<height>340</height>
	<textcolor>FFFFFAF0</textcolor>
	<font>Font_plot</font>
	<label>$INFO[ListItem.Property(Addon.Summary)]</label>
	<autoscroll delay="10000" time="2000" repeat="10000">!Skin.HasSetting(noallowscroll)</autoscroll>
	</control>
	
	<!-- Painel de info no rodape -->
	<control type="image">
	<left>454</left>
	<top>645</top>
	<width>1466</width>
	<height>8</height>
	<texture>grey.png</texture>
	<colordiffuse>$INFO[Skin.String(colortexture)]</colordiffuse>
	</control>
	<control type="image">
	<left>454</left>
	<top>653</top>
	<width>1466</width>
	<height>374</height>
	<texture>grey.png</texture>
	<colordiffuse>80FFFFFF</colordiffuse>
	</control>
	<!-- Fundo borda -->
	<control type="image">	
	<left>510</left>
	<top>650</top>
	<width>380</width>
	<height>380</height>
	<texture>musicframe.png</texture>
	</control>
	<control type="image">	
	<left>529</left>
	<top>668</top>
	<width>343</width>
	<height>343</height>
	<texture fallback="DefaultAddon.png" background="true">$INFO[ListItem.Icon]</texture>
	<aspectratio>keep</aspectratio>
	</control>
	<control type="textbox" id="401">
	<left>920</left>
	<top>665</top>
	<width>925</width>
	<height>340</height>
	<textcolor>FF101010</textcolor>
	<font>Font_plot</font>
	<label>$INFO[ListItem.Property(Addon.Description)]</label>
	<autoscroll delay="10000" time="2000" repeat="10000">!Skin.HasSetting(noallowscroll)</autoscroll>
	</control>
	<control type="image">
	<left>454</left>
	<top>653</top>
	<width>1466</width>
	<height>374</height>
	<texture>osd_glass.png</texture>
	<colordiffuse>90FFFFFF</colordiffuse>
	</control>
	</control>	
	<include>RSS</include>	
	<include>BGBlack</include>
	</controls>
</window>