<?xml version="1.0" encoding="UTF-8"?>
<window>
	<!-- Aeon MQ 7 -->
	<defaultcontrol always="true">149</defaultcontrol>
	<onload condition="System.HasAddon(script.artistslideshow)">RunScript(script.artistslideshow)</onload>
	<controls>
	<control type="group">
	<!-- default group -->
	<include>Animation_Window</include>
	<animation effect="slide" start="0" end="-1920" time="400" tween="cubic" easing="inout" condition="StringCompare(Window.Property(script.extendedinfo.isactive),1)">Conditional</animation>
	<control type="multiimage">
	<!-- Multi Fanart -->
	<include>WindowBG</include>
	<imagepath fallback="special://skin/backgrounds/music.jpg" background="true">$VAR[value_musicfanart]</imagepath>
	</control>
	<control type="image">
	<!-- Single Fanart -->
	<include>WindowBG</include>
	<texture background="true">$VAR[value_defaultmusicfanart]</texture>
	</control>
	<control type="multiimage" id="5032">
	<!-- Extra Fanart Artist/Album -->
	<include>WindowBG</include>
	<imagepath background="true">$INFO[Skin.String(CustomMusicLogoPath)]$INFO[ListItem.Artist,,/extrafanart/]</imagepath>
	<visible>[Container.Content(artists) | Container.Content(albums)] + SubString(skin.string(musicfanart),extra)</visible>
	</control>
	<control type="multiimage" id="5033">
	<!-- Extra Fanart Song -->
	<include>WindowBG</include>
	<imagepath background="true">$INFO[ListItem.Path]extrafanart/</imagepath>
	<visible>Container.Content(songs) + SubString(skin.string(musicfanart),extra)</visible>
	</control>
	<control type="image">
	<left>0</left>
	<top>0</top>
	<height>225</height>
	<width>1920</width>
	<texture flipy="true">shadow_mask.png</texture>
	<colordiffuse>75000000</colordiffuse>
	</control>
	<control type="label">
	<!-- Artist -->
	<left>45</left>
	<top>12</top>
	<width>1650</width>
	<height>60</height>
	<font>Font_title</font>
	<label>$VAR[value_music_title]</label>
	<textcolor>FFFFFAF0</textcolor>
	<scroll>true</scroll>
	</control>
	<control type="label">
	<left>45</left>
	<top>75</top>
	<width>1650</width>
	<height>38</height>
	<font>Font_subtitle</font>
	<label>$VAR[value_music_subtitle]</label>
	<textcolor>90FFFFFF</textcolor>
	<scroll>true</scroll>
	</control>
	<control type="image">
	<!-- Star -->
	<left>1768</left>
	<top>8</top>
	<width>110</width>
	<height>110</height>
	<align>center</align>
	<aligny>center</aligny>
	<texture>star.png</texture>
	<colordiffuse>$INFO[Skin.String(colorheader)]</colordiffuse>
	</control>
	<control type="label">
	<left>1778</left>
	<top>22</top>
	<width>90</width>
	<height>90</height>
	<align>center</align>
	<aligny>center</aligny>
	<font>Font_plot</font>
	<label>[B]$INFO[ListItem.Rating][/B]</label>
	<textcolor>FF101010</textcolor>
	</control>
	<control type="image">
	<left>0</left>
	<top>120</top>
	<width>1920</width>
	<height>579</height>
	<texture>darkgrey.png</texture>
	<colordiffuse>$INFO[Skin.String(colortexture)]</colordiffuse>
	<include>Animation_DefaultGlass</include>
	</control>
	<control type="image">
	<left>0</left>
	<top>0</top>
	<width>1920</width>
	<height>120</height>
	<texture>gradient_small.png</texture>
	</control>
	<control type="image">
	<left>308</left>
	<top>120</top>
	<height>285</height>
	<width>3</width>
	<texture>separator_v.png</texture>
	</control>
	<control type="image">
	<left>0</left>
	<top>204</top>
	<height>3</height>
	<width>1029</width>
	<texture>separator.png</texture>
	</control>
	<control type="label">
	<!-- Year -->
	<left>330</left>
	<top>120</top>
	<height>60</height>
	<width>165</width>
	<align>left</align>
	<aligny>center</aligny>
	<font>Font_list</font>
	<label>$INFO[ListItem.Year]</label>
	<textcolor>FFFFFAF0</textcolor>
	</control>
	<control type="label">
	<!-- Genre -->
	<left>330</left>
	<top>154</top>
	<height>60</height>
	<width>735</width>
	<align>left</align>
	<aligny>center</aligny>
	<font>Font_list</font>
	<label>$INFO[ListItem.Genre]</label>
	<textcolor>FFFFFAF0</textcolor>
	<scroll>true</scroll>
	</control>
	<control type="label">
	<!-- Track -->
	<left>-15</left>
	<top>210</top>
	<height>40</height>
	<width>300</width>
	<align>right</align>
	<aligny>center</aligny>
	<font>Font_plot</font>
	<label>$LOCALIZE[554]</label>
	<textcolor>$INFO[Skin.String(colorheader)]</textcolor>
	</control>
	<control type="label">
	<left>330</left>
	<top>210</top>
	<height>40</height>
	<width>660</width>
	<align>left</align>
	<aligny>center</aligny>
	<font>Font_plot</font>
	<label fallback="161">$VAR[value_songinfo_track]</label>
	<textcolor>FFFFFAF0</textcolor>
	<scroll>true</scroll>
	</control>
	<control type="label">
	<!-- Duration -->
	<left>-15</left>
	<top>240</top>
	<height>40</height>
	<width>300</width>
	<align>right</align>
	<aligny>center</aligny>
	<font>Font_plot</font>
	<label>$LOCALIZE[180]</label>
	<textcolor>$INFO[Skin.String(colorheader)]</textcolor>
	</control>
	<control type="label">
	<left>330</left>
	<top>240</top>
	<height>40</height>
	<width>660</width>
	<align>left</align>
	<aligny>center</aligny>
	<font>Font_plot</font>
	<label fallback="161">$VAR[value_songinfo_duration]</label>
	<textcolor>FFFFFAF0</textcolor>
	<scroll>true</scroll>
	</control>
	<control type="label">
	<!-- Data -->
	<left>-15</left>
	<top>270</top>
	<height>40</height>
	<width>300</width>
	<align>right</align>
	<aligny>center</aligny>
	<font>Font_plot</font>
	<label>$LOCALIZE[31942]</label>
	<textcolor>$INFO[Skin.String(colorheader)]</textcolor>
	<visible>Player.HasAudio</visible>
	</control>
	<control type="label">
	<left>330</left>
	<top>270</top>
	<height>40</height>
	<width>660</width>
	<align>left</align>
	<aligny>center</aligny>
	<font>Font_plot</font>
	<label>$LOCALIZE[31333] $INFO[MusicPlayer.Channels][COLOR=80ffffff] | [/COLOR]$INFO[MusicPlayer.SampleRate,,KHZ][COLOR=80ffffff] | [/COLOR]$INFO[MusicPlayer.BitRate,,Kbps][COLOR=80ffffff] | [/COLOR]$INFO[MusicPlayer.BitsPerSample,,Bits]</label>
	<textcolor>FFFFFAF0</textcolor>
	<scroll>true</scroll>
	<visible>Player.HasAudio</visible>
	</control>
	<control type="image">
	<left>0</left>
	<top>405</top>
	<height>3</height>
	<width>1029</width>
	<texture>separator.png</texture>
	</control>
	<control type="textbox">
	<!-- Plot -->
	<left>45</left>
	<top>420</top>
	<width>952</width>
	<height>262</height>
	<align>justify</align>
	<font>Font_plot</font>
	<label>$VAR[value_songinfo_plot]</label>
	<textcolor>FFFFFAF0</textcolor>
	<autoscroll delay="15000" time="5000" repeat="15000">!Skin.HasSetting(noinfoplotscroll)</autoscroll>
	</control>
	<control type="image">
	<!-- Thumb -->
	<left>1030</left>
	<top>120</top>
	<height>579</height>
	<width>844</width>
	<aspectratio align="left">keep</aspectratio>
	<texture background="true">$VAR[value_songinfo_thumb]</texture>
	<visible>IsEmpty(Window(Visualisation).Property(ArtistSlideshow))</visible>
	</control>
	<control type="multiimage">
	<!-- Artist -->
	<left>1030</left>
	<top>120</top>
	<height>579</height>
	<width>844</width>
	<timeperimage>5000</timeperimage>
	<randomize>true</randomize>
	<fadetime>FanartCrossFadeTime</fadetime>
	<aspectratio align="left">keep</aspectratio>
	<imagepath fallback="DefaultAudioCover.png" background="true">$INFO[Window(Visualisation).Property(ArtistSlideshow)]</imagepath>
	<visible>!IsEmpty(Window(Visualisation).Property(ArtistSlideshow))</visible>
	</control>
	<control type="image">
	<left>1029</left>
	<top>120</top>
	<height>579</height>
	<width>3</width>
	<texture>separator_v.png</texture>
	</control>
	<control type="image">
	<left>0</left>
	<top>120</top>
	<height>3</height>
	<width>1920</width>
	<texture>separator.png</texture>
	</control>
	<control type="image">
	<!-- Fundo do rodape -->
	<left>0</left>
	<top>975</top>
	<width>1920</width>
	<height>105</height>
	<texture>shadow_mask.png</texture>
	<colordiffuse>$INFO[Skin.String(colorfloor)]</colordiffuse>
	</control>
	<control type="grouplist">
	<!-- Etiquetas -->
	<left>30</left>
	<top>1023</top>
	<orientation>horizontal</orientation>
	<itemgap>50</itemgap>
	<animation effect="slide" start="0,450" end="0,0" time="500" tween="sine" easing="out">WindowOpen</animation>
	<animation effect="slide" start="0,450" end="0,0" time="500" tween="sine" easing="out">Visible</animation>
	<animation effect="slide" start="0,0" end="0,450" time="500" tween="sine" easing="in">Hidden</animation>
	<visible>Control.HasFocus(149)</visible>
	<control type="image">
	<!-- Audio Codec -->
	<include>FlagImage</include>
	<texture>$VAR[value_songinfo_codec]</texture>
	</control>
	<control type="image">
	<!-- Channels -->
	<include>FlagImage</include>
	<texture>$VAR[value_songinfo_channels]</texture>
	</control>
	</control>
	<control type="group">
	<!-- Discografia -->
	<left>0</left>
	<top>1028</top>
	<animation effect="slide" start="0,450" end="0,0" time="500" tween="sine" easing="out">WindowOpen</animation>
	<animation effect="slide" start="0,450" end="0,0" time="500" tween="sine" easing="out">Visible</animation>
	<animation effect="slide" start="0,0" end="0,450" time="500" tween="sine" easing="in">Hidden</animation>
	<visible>Control.HasFocus(50)</visible>
	<control type="label">
	<left>0</left>
	<top>14</top>
	<width>1920</width>
	<align>center</align>
	<aligny>center</aligny>
	<label>31939</label>
	<font>Font_plot</font>
	<textcolor>$INFO[Skin.String(colorflags)]</textcolor>
	<visible>IsEmpty(Window(Visualisation).Property(ArtistSlideshow.1.AlbumName))</visible>
	</control>
	<control type="label">
	<left>45</left>
	<top>0</top>
	<width>600</width>
	<height>40</height>
	<align>left</align>
	<aligny>center</aligny>
	<font>Font_plot</font>
	<textcolor>$INFO[Skin.String(colorflags)]</textcolor>
	<visible>IsEmpty(Window(Visualisation).Property(ArtistSlideshow.1.AlbumName)) + !IsEmpty(Window.Property(ArtistSlideshowRunning))</visible>
	</control>
	<control type="label">
	<!-- Discografia -->
	<left>45</left>
	<top>12</top>
	<width>975</width>
	<align>left</align>
	<aligny>center</aligny>
	<font>Font_plot</font>
	<label>$LOCALIZE[21888]: $INFO[Container(50).NumItems] $LOCALIZE[132]</label>
	<textcolor>$INFO[Skin.String(colorflags)]</textcolor>
	<scroll>true</scroll>
	<visible>!IsEmpty(Window(Visualisation).Property(ArtistSlideshow.1.AlbumName))</visible>
	</control>
	<control type="label">
	<left>45</left>
	<top>18</top>
	<width>600</width>
	<height>40</height>
	<align>left</align>
	<aligny>center</aligny>
	<font>Font_plot</font>
	<textcolor>$INFO[Skin.String(colorflags)]</textcolor>
	<label>$LOCALIZE[31941]: 50 $LOCALIZE[31040]</label>
	<visible>!IsEmpty(Window(Visualisation).Property(ArtistSlideshow.1.AlbumName))</visible>
	</control>
	<control type="label">
	<!-- Nome do album -->
	<left>472</left>
	<top>24</top>
	<width>975</width>
	<align>center</align>
	<aligny>center</aligny>
	<font>Font_list</font>
	<label>$INFO[Container(50).ListItem.Label]</label>
	<textcolor>$INFO[Skin.String(colorflags)]</textcolor>
	<scroll>true</scroll>
	<visible>!IsEmpty(Window(Visualisation).Property(ArtistSlideshow.1.AlbumName))</visible>
	</control>
	</control>
	<control type="image">
	<left>0</left>
	<top>1020</top>
	<height>64</height>
	<width>1920</width>
	<texture>gradient_small.png</texture>
	</control>
	<control type="image">
	<!-- Cast -->
	<left>0</left>
	<top>1018</top>
	<width>1920</width>
	<height>45</height>
	<texture flipy="true">shadow_h.png</texture>
	<colordiffuse>C3FFFFFF</colordiffuse>
	</control>
	<control type="image">
	<left>0</left>
	<top>741</top>
	<height>279</height>
	<width>1920</width>
	<texture>darkgrey.png</texture>
	<colordiffuse>$INFO[Skin.String(colortexture)]</colordiffuse>
	<include>Animation_DefaultGlass2</include>
	</control>
	<control type="group">
	<visible>Player.HasAudio + system.hasaddon(script.artistslideshow)</visible>
	<control type="list" id="50">
	<viewtype label="List">List Info</viewtype>
	<left>78</left>
	<top>738</top>
	<width>1800</width>
	<height>330</height>
	<onup>149</onup>
	<ondown>Skin.Reset(artistzoom)</ondown>
	<ondown>SetFocus(160)</ondown>
	<ondown>Skin.SetBool(coverzoom)</ondown>
	<orientation>horizontal</orientation>
	<scrolltime>350</scrolltime>
	<focusposition>2</focusposition>
	<movement>2</movement>
	<visible>!IsEmpty(Window(Visualisation).Property(ArtistSlideshow.1.AlbumName))</visible>
	<itemlayout height="255" width="372">
	<control type="image">
	<left>0</left>
	<top>8</top>
	<width>270</width>
	<height>270</height>
	<aligny>center</aligny>
	<align>left</align>
	<aspectratio>scale</aspectratio>
	<texture fallback="DefaultAudioCover.png" background="true">$INFO[ListItem.Icon]</texture>
	<bordertexture border="-2">black.png</bordertexture>
	<colordiffuse>FF909090</colordiffuse>
	</control>
	</itemlayout>
	<focusedlayout height="255" width="372">
	<control type="image">
	<left>0</left>
	<top>8</top>
	<width>270</width>
	<height>270</height>
	<aligny>center</aligny>
	<align>left</align>
	<aspectratio>scale</aspectratio>
	<texture fallback="DefaultAudioCover.png" background="true">$INFO[ListItem.Icon]</texture>
	<bordertexture border="-2">black.png</bordertexture>
	<colordiffuse>FF909090</colordiffuse>
	<include>Animation_Fade</include>
	<visible>!Control.HasFocus(50)</visible>
	</control>
	<control type="image">
	<left>0</left>
	<top>8</top>
	<width>270</width>
	<height>270</height>
	<aligny>center</aligny>
	<align>left</align>
	<aspectratio>scale</aspectratio>
	<texture fallback="DefaultAudioCover.png" background="true">$INFO[ListItem.Icon]</texture>
	<bordertexture border="-2">grey.png</bordertexture>
	<include>Animation_Fade</include>
	<visible>Control.HasFocus(50)</visible>
	</control>
	</focusedlayout>
	<include>AlbumContent</include>
	</control>
	</control>
	<control type="group">
	<!-- Menu bar -->
	<left>0</left>
	<top>698</top>
	<control type="image">
	<left>0</left>
	<top>-45</top>
	<width>1920</width>
	<height>45</height>
	<texture>shadow_h.png</texture>
	<colordiffuse>C3FFFFFF</colordiffuse>
	</control>
	<control type="image">
	<left>0</left>
	<top>44</top>
	<width>1920</width>
	<height>45</height>
	<texture flipy="true">shadow_h.png</texture>
	<colordiffuse>C3FFFFFF</colordiffuse>
	</control>
	<control type="image">
	<left>0</left>
	<top>0</top>
	<width>1920</width>
	<height>45</height>
	<texture>darkgrey.png</texture>
	<colordiffuse>$INFO[Skin.String(colortexture)]</colordiffuse>
	<include>Animation_DefaultGlass2</include>
	</control>
	<control type="list" id="149">
	<left>0</left>
	<top>4</top>
	<width>1920</width>
	<height>38</height>
	<onup condition="Container(149).HasFocus(4)">IncreaseRating</onup>
	<ondown condition="Container(149).HasFocus(4)">DecreaseRating</ondown>
	<ondown condition="![Container(149).HasFocus(4) | IsEmpty(Window(Visualisation).Property(ArtistSlideshow.1.AlbumName))]">50</ondown>
	<orientation>horizontal</orientation>
	<pagecontrol>-</pagecontrol>
	<scrolltime>300</scrolltime>
	<focusposition>3</focusposition>
	<itemlayout height="38" width="273">
	<control type="image">
	<left>0</left>
	<top>0</top>
	<width>1</width>
	<height>38</height>
	<texture>separator_v.png</texture>
	</control>
	<control type="label">
	<left>15</left>
	<top>0</top>
	<height>38</height>
	<width>243</width>
	<align>center</align>
	<aligny>center</aligny>
	<font>Font_button</font>
	<label>[UPPERCASE]$INFO[ListItem.Label][/UPPERCASE]</label>
	<textcolor>80FFFAF0</textcolor>
	</control>
	</itemlayout>
	<focusedlayout height="38" width="273">
	<control type="image">
	<left>0</left>
	<top>-2</top>
	<width>273</width>
	<height>40</height>
	<texture>grey.png</texture>
	<visible>Control.Hasfocus(149)</visible>
	</control>
	<control type="image">
	<left>9</left>
	<top>4</top>
	<width>30</width>
	<height>30</height>
	<texture>arrow_down.png</texture>
	<colordiffuse>FF101010</colordiffuse>
	<visible>Container(149).HasFocus(4)</visible>
	</control>
	<control type="image">
	<left>234</left>
	<top>4</top>
	<width>30</width>
	<height>30</height>
	<texture>arrow_up.png</texture>
	<colordiffuse>FF101010</colordiffuse>
	<visible>Container(149).HasFocus(4)</visible>
	</control>
	<control type="image">
	<left>0</left>
	<top>0</top>
	<width>1</width>
	<height>38</height>
	<texture>separator_v.png</texture>
	</control>
	<control type="label">
	<left>15</left>
	<top>0</top>
	<height>38</height>
	<width>243</width>
	<align>center</align>
	<aligny>center</aligny>
	<font>Font_button</font>
	<label>[UPPERCASE]$INFO[ListItem.Label][/UPPERCASE]</label>
	<textcolor>FF101010</textcolor>
	<visible>Control.Hasfocus(149)</visible>
	</control>
	<control type="label">
	<left>15</left>
	<top>0</top>
	<height>38</height>
	<width>243</width>
	<align>center</align>
	<aligny>center</aligny>
	<font>Font_button</font>
	<label>[UPPERCASE]$INFO[ListItem.Label][/UPPERCASE]</label>
	<textcolor>B6FFFFFF</textcolor>
	<visible>!Control.Hasfocus(149)</visible>
	</control>
	</focusedlayout>
	<content>
	<item id="1">
	<!-- Get Thumb -->
	<label>13405</label>
	<onclick>SendClick(13)</onclick>
	<visible>!Skin.HasSetting(kioskininfo)</visible>
	</item>
	<item id="2">
	<!-- Get Fanart -->
	<label>10523</label>
	<onclick>SendClick(12)</onclick>
	<visible>!Skin.HasSetting(kioskininfo)</visible>
	</item>
	<item id="3">
	<!-- Artist Info -->
	<label>31885</label>
	<onclick>RunScript(script.extendedinfo,$INFO[Listitem.Artist])</onclick>
	<visible>System.HasAddon(script.extendedinfo)</visible>
	</item>
	<item id="4">
	<!-- Rating -->
	<label>31936</label>
	<onclick>SendClick(10)</onclick>
	<visible>!Skin.HasSetting(kioskininfo)</visible>
	</item>
	<item id="5">
	<!-- Artist Zoom -->
	<label>31944</label>
	<onclick>Skin.Reset(coverzoom)</onclick>
	<onclick>Skin.SetBool(artistzoom)</onclick>
	<onclick>SetFocus(160)</onclick>
	</item>
	<item id="7">
	<!-- Increase/Decrease rating -->
	<label>38023</label>
	<onclick>SendClick(7)</onclick>
	<visible>!Skin.HasSetting(kioskininfo)</visible>
	</item>
	<item id="16">
	<!-- Video Clips -->
	<label>31949</label>
	<onclick>Dialog.Close(135)</onclick>
	<onclick>Skin.SetBool(musictrailers)</onclick>
	<onclick>ActivateWindow(videos,plugin://plugin.video.youtube/kodion/search/query/?q=$INFO[ListItem.Artist],return)</onclick>
	</item>
	<item id="17">
	<!-- Song Video Clip -->
	<label>31951</label>
	<onclick>Dialog.Close(135)</onclick>
	<onclick>Skin.SetBool(musictrailers)</onclick>
	<onclick>ActivateWindow(videos,plugin://plugin.video.youtube/kodion/search/query/?q=$INFO[ListItem.Title],return)</onclick>
	</item>
	</content>
	</control>
	</control>
	</control>
	<control type="button" id="160">
	<include>InvisibleButton</include>
	<onup condition="Skin.HasSetting(artistzoom)">SetFocus(149)</onup>
	<onup condition="Skin.HasSetting(coverzoom)">SetFocus(50)</onup>
	<ondown condition="Skin.HasSetting(artistzoom)">SetFocus(149)</ondown>
	<ondown condition="Skin.HasSetting(coverzoom)">SetFocus(50)</ondown>
	<onleft condition="Skin.HasSetting(artistzoom)">SetFocus(149)</onleft>
	<onleft condition="Skin.HasSetting(coverzoom)">SetFocus(50)</onleft>
	<onright condition="Skin.HasSetting(artistzoom)">SetFocus(149)</onright>
	<onright condition="Skin.HasSetting(coverzoom)">SetFocus(50)</onright>
	</control>
	<control type="image">
	<left>0</left>
	<top>0</top>
	<width>1920</width>
	<height>1080</height>
	<texture>darkgrey.png</texture>
	<animation effect="fade" start="0" end="100" time="200">Visible</animation>
	<animation effect="fade" start="100" end="0" time="400">Hidden</animation>
	<visible>Control.HasFocus(160)</visible>
	</control>
	<control type="image">
	<left>0</left>
	<top>0</top>
	<width>1920</width>
	<height>1080</height>
	<texture>special://skin/backgrounds/extras/default.jpg</texture>
	<animation effect="fade" start="0" end="100" time="200">Visible</animation>
	<animation effect="fade" start="100" end="0" time="400">Hidden</animation>
	<visible>Control.HasFocus(160)</visible>
	</control>
	<control type="group">
	<left>-1920</left>
	<top>22</top>
	<animation effect="slide" start="0,0" end="1920,0" time="400" tween="cubic" easing="inout" condition="Control.HasFocus(160)">Conditional</animation>
	<animation effect="slide" start="0,0" end="0,-38" time="600" delay="1000" tween="cubic" easing="inout" condition="Control.HasFocus(160)">Conditional</animation>
	<control type="image">
	<description>Cover image</description>
	<left>52</left>
	<top>48</top>
	<width>1920</width>
	<height>960</height>
	<aspectratio>keep</aspectratio>
	<texture diffuse="thumb_cdcover_mask.png" background="true">$INFO[Container(50).ListItem.Icon]</texture>
	<visible>Skin.HasSetting(coverzoom)</visible>
	</control>
	<control type="image">
	<!-- Thumb -->
	<left>52</left>
	<top>48</top>
	<width>1800</width>
	<height>960</height>
	<aspectratio align="center">keep</aspectratio>
	<texture background="true">$INFO[Listitem.Icon]</texture>
	<visible>!IsEmpty(ListItem.Thumb) + Skin.HasSetting(artistzoom)</visible>
	</control>
	<control type="multiimage">
	<!-- Artist -->
	<left>52</left>
	<top>48</top>
	<width>1800</width>
	<height>960</height>
	<timeperimage>5000</timeperimage>
	<randomize>true</randomize>
	<fadetime>FanartCrossFadeTime</fadetime>
	<aspectratio align="center">keep</aspectratio>
	<imagepath fallback="DefaultAudioCover.png" background="true">$INFO[Window(Visualisation).Property(ArtistSlideshow)]</imagepath>
	<visible>IsEmpty(ListItem.Thumb) + Skin.HasSetting(artistzoom)</visible>
	</control>
	</control>
	<control type="group">
	<visible>Control.HasFocus(160)</visible>
	<animation effect="slide" start="0,0" end="0,-120" time="600" delay="1000" tween="cubic" easing="inout" condition="Control.HasFocus(160)">Conditional</animation>
	<control type="image">
	<left>0</left>
	<top>1140</top>
	<height>60</height>
	<width>1920</width>
	<texture>darkgrey.png</texture>
	<colordiffuse>$INFO[Skin.String(colortexture)]</colordiffuse>
	<include>Animation_DefaultGlass2</include>
	</control>
	<control type="label">
	<left>0</left>
	<top>1140</top>
	<height>60</height>
	<width>1920</width>
	<align>center</align>
	<aligny>center</aligny>
	<label>$VAR[value_audioinfo_zoomlabel]</label>
	<font>Font_list</font>
	<textcolor>FFFFFAF0</textcolor>
	<scroll>true</scroll>
	<scrollout>false</scrollout>
	</control>
	<control type="image">
	<left>0</left>
	<top>1140</top>
	<height>60</height>
	<width>1920</width>
	<texture>gradient_small.png</texture>
	</control>
	<include>BGBlack</include>
	</control>
	</controls>
</window>