<?xml version="1.0" encoding="UTF-8"?>
<window>
	<!-- Aeon MQ 7 -->
	<defaultcontrol>23</defaultcontrol>
	<visible>Window.IsActive(fullscreenvideo) + ![Window.IsActive(videoosd) | Window.IsActive(fullscreeninfo) | Window.IsActive(123) | Window.IsActive(124) | Window.IsActive(SubtitleSearch)] + [Player.Seeking | Player.DisplayAfterSeek | Player.Paused | Player.Forwarding | Player.Rewinding]</visible>
	<controls>
	<control type="group">
	<animation effect="slide" time="400" start="0,-375" end="0,0" easing="inout" tween="cubic">WindowOpen</animation>
	<animation effect="slide" time="400" start="0,-375" end="0,0" easing="inout" tween="cubic">Visible</animation>
	<animation effect="slide" time="400" start="0,0" end="0,-375" easing="inout" tween="cubic">WindowClose</animation>
	<animation effect="slide" time="400" start="0,0" end="0,-375" easing="inout" tween="cubic">Hidden</animation>
	<visible>![SubString(skin.string(videofurniture),hide) | Window.IsActive(pvrosdguide) | Window.IsActive(pvrosdchannels)]</visible>
	<control type="image">
	<left>0</left>
	<top>0</top>
	<height>375</height>
	<width>1920</width>
	<texture flipy="true" diffuse="shadow_mask.png">darkgrey.png</texture>
	<colordiffuse>$INFO[Skin.String(colortexture)]</colordiffuse>
	<animation effect="fade" end="85" condition="true">Conditional</animation>
	</control>
	<!-- Titulo -->
	<control type="label">	
	<left>45</left>
	<top>12</top>
	<width>1605</width>
	<height>60</height>
	<font>Font_title</font>
	<label>$VAR[value_videoosdtitle]</label>
	<textcolor>FFFFFAF0</textcolor>
	<scroll>true</scroll>
	<scrollout>false</scrollout>
	</control>
	<!-- Subtitulo filmes -->
	<control type="label">
	<left>45</left>
	<top>82</top>
	<width>1575</width>
	<height>38</height>
	<font>Font_subtitle</font>
	<label>$VAR[value_videoosdtag]</label>
	<textcolor>FFFFFAF0</textcolor>
	<scroll>true</scroll>
	<scrollout>false</scrollout>
	<shadowcolor>grey</shadowcolor>
	</control>
	<!-- Estrelas -->
	<control type="image">	
	<left>1575</left>
	<top>30</top>
	<width>300</width>
	<height>30</height>
	<texture fallback="$VAR[value_styleratingstars,,0.png]">$VAR[value_styleratingstars]$INFO[VideoPlayer.Rating,,.png]</texture>
	<aspectratio align="left" aligny="center">keep</aspectratio>
	<colordiffuse>$VAR[value_colorratingstars_fs]</colordiffuse>
	<visible>!VideoPlayer.Content(LiveTV)</visible>
	</control>
	<!-- Nota -->
	<control type="label">
	<left>1650</left>
	<top>45</top>
	<width>225</width>
	<height>90</height>
	<align>right</align>
	<aligny>center</aligny>
	<font>Font_subtitle</font>
	<label>[B]$INFO[VideoPlayer.RatingAndVotes][/B]</label>
	<textcolor>$INFO[Skin.String(colorheader)]</textcolor>
	<scroll>true</scroll>
	<scrollout>false</scrollout>
	<visible>!VideoPlayer.Content(LiveTV)</visible>
	</control>
	<control type="group">
	<left>1760</left>
	<top>112</top>
	<visible>!SubString(VideoPlayer.top250,0,Left) + !IsEmpty(VideoPlayer.top250)</visible>
	<!-- Top 250 -->
	<control type="label">	
	<top>-15</top>
	<font>Font_plot</font>
	<include>FlagLabel</include>
	<label>$LOCALIZE[31994]</label>
	</control>
	<!-- Top 250 info -->
	<control type="label">	
	<top>9</top>
	<font>Font_list</font>
	<include>FlagLabel</include>
	<label>$INFO[VideoPlayer.Top250]</label>
	</control>
	</control>
	</control>
	<control type="group">
	<animation effect="slide" time="400" start="0,1200" end="0,0" easing="out" tween="cubic">WindowOpen</animation>
	<animation effect="slide" time="400" start="0,0" end="0,1200" easing="in" tween="cubic">WindowClose</animation>
	<visible>!SubString(skin.string(videofurniture),hide)</visible>
	<control type="image">
	<left>0</left>
	<top>825</top>
	<height>255</height>
	<width>1920</width>
	<texture diffuse="shadow_mask.png">darkgrey.png</texture>
	<colordiffuse>$INFO[Skin.String(colorfloor)]</colordiffuse>
	<animation effect="fade" end="95" condition="true">Conditional</animation>
	</control>
	<control type="group">
	<animation effect="slide" start="0,0" end="0,-38" time="300" tween="cubic" easing="out" condition="Player.Forwarding">Conditional</animation>
	<!-- Barra de cache -->
	<control type="progress">
	<left>30</left>
	<top>996</top>
	<width>375</width>
	<height>15</height>
	<info>Player.ProgressCache</info>
	<midtexture>progress_mid.png</midtexture>
	<colordiffuse>$INFO[Skin.String(colorheader)]</colordiffuse>
	</control>
	<!-- Barra de progresso -->
	<control type="progress" id="23">
	<left>30</left>
	<top>996</top>
	<width>375</width>
	<height>15</height>
	<info>Player.Progress</info>
	</control>
	<control type="label">
	<left>30</left>
	<top>1025</top>
	<width>375</width>
	<height>25</height>
	<font>Font_list</font>
	<align>center</align>
	<textcolor>FFFFFAF0</textcolor>
	<label>$INFO[VideoPlayer.Time] / $INFO[VideoPlayer.Duration]</label>
	<visible>!Player.Seeking</visible>
	</control>
	<control type="label">
	<left>30</left>
	<top>1025</top>
	<width>375</width>
	<height>25</height>
	<font>Font_list</font>
	<align>center</align>
	<textcolor>FFFFFAF0</textcolor>
	<label>$INFO[Player.SeekTime] / $INFO[VideoPlayer.Duration]</label>
	<visible>Player.Seeking</visible>
	</control>
	<control type="label">
	<left>390</left>
	<top>1025</top>
	<width>375</width>
	<height>25</height>
	<font>Font_list</font>
	<align>center</align>
	<textcolor>FFFFFAF0</textcolor>
	<label>$VAR[value_seeklabel]</label>
	<include>Animation_Fade</include>
	<visible>Player.Seeking | Player.DisplayAfterSeek</visible>
	</control>
	</control>
	<control type="group">
	<animation effect="slide" start="0,0" end="0,-38" time="300" tween="cubic" easing="out" condition="Player.Rewinding">Conditional</animation>
	<!-- Hora atual -->
	<control type="label">	
	<left>1260</left>
	<top>996</top>
	<width>200</width>
	<height>38</height>
	<align>right</align>
	<font>Font_headersmall</font>
	<textcolor>$INFO[Skin.String(colorheader)]</textcolor>
	<label>31310</label>
	</control>
	<control type="label">
	<left>1260</left>
	<top>1025</top>
	<width>200</width>
	<height>38</height>
	<align>right</align>
	<font>Font_list</font>
	<textcolor>FFFFFAF0</textcolor>
	<label>$INFO[System.Time]</label>
	</control>
	<control type="image">
	<left>1481</left>
	<top>998</top>
	<height>60</height>
	<width>1</width>
	<texture>line_v.png</texture>
	</control>
	<!-- Tempo restante -->
	<control type="label">	
	<left>1488</left>
	<top>996</top>
	<width>200</width>
	<height>38</height>
	<align>right</align>
	<font>Font_headersmall</font>
	<textcolor>$INFO[Skin.String(colorheader)]</textcolor>
	<label>31991</label>
	</control>
	<control type="label">
	<left>1488</left>
	<top>1025</top>
	<width>200</width>
	<height>38</height>
	<align>right</align>
	<font>Font_list</font>
	<textcolor>FFFFFAF0</textcolor>
	<label>$INFO[Player.TimeRemaining]</label>
	</control>
	<control type="image">
	<left>1708</left>
	<top>998</top>
	<height>60</height>
	<width>1</width>
	<texture>line_v.png</texture>
	</control>
	<!-- Hora do termino -->
	<control type="label">	
	<left>1695</left>
	<top>996</top>
	<width>200</width>
	<height>38</height>
	<align>right</align>
	<font>Font_headersmall</font>
	<textcolor>$INFO[Skin.String(colorheader)]</textcolor>
	<label>31311</label>
	<scroll>true</scroll>
	</control>
	<control type="label">
	<left>1695</left>
	<top>1025</top>
	<width>200</width>
	<height>38</height>
	<align>right</align>
	<font>Font_list</font>
	<textcolor>FFFFFAF0</textcolor>
	<label>$INFO[Player.FinishTime]</label>
	</control>
	</control>
	</control>
	<control type="group">
	<visible>Player.Paused</visible>
	<top>-52</top>
	<animation effect="slide" time="800" start="0,1200" end="0,0" easing="inout" tween="cubic" condition="System.IdleTime(3)">Conditional</animation>
	<animation effect="slide" time="800" start="0,0" end="0,1200" easing="inout" tween="cubic" condition="!System.IdleTime(3)">Conditional</animation>
	<animation effect="slide" start="0,0" end="0,750" time="700" tween="cubic" easing="out" condition="SubString(skin.string(videofurniture),partial) | SubString(skin.string(videofurniture),hide)">Conditional</animation>
	<!-- Barra de flags -->
	<control type="image">
	<left>330</left>
	<top>970</top>
	<height>46</height>
	<width>930</width>
	<texture>whitebar_h.png</texture>
	<colordiffuse>$INFO[Skin.String(colorfloor)]</colordiffuse>
	</control>
	<!-- Etiquetas -->
	<control type="grouplist">
	<left>375</left>
	<top>956</top>
	<orientation>horizontal</orientation>
	<itemgap>38</itemgap>
	<!-- Mpaa -->
	<control type="image">	
	<include>FlagImage</include>
	<texture>$VAR[value_mpaa_fs]</texture>
	</control>
	<!-- Codec de video -->
	<control type="image">	
	<include>FlagImage</include>
	<texture>$VAR[value_videocodec_fs]</texture>
	</control>
	<!-- Resolucao -->
	<control type="image">	
	<include>FlagImage</include>
	<texture>$VAR[value_mediaicons_path]videoresolution/$INFO[Videoplayer.VideoResolution,,.png]</texture>
	</control>
	<!-- Aspecto -->
	<control type="image">	
	<include>FlagImage</include>
	<texture>$VAR[value_mediaicons_path]aspectratio/$INFO[Videoplayer.VideoAspect,,.png]</texture>
	</control>
	<!-- Codec de audio -->
	<control type="image">	
	<include>FlagImage</include>
	<texture>$VAR[value_audiocodec_fs]</texture>
	</control>
	<!-- Canais -->
	<control type="image">	
	<include>FlagImage</include>
	<texture>$VAR[value_mediaicons_path]audiochannels/$INFO[Videoplayer.AudioChannels,,.png]</texture>
	</control>
	</control>
	<!-- Logo e Clearart -->
	<control type="image">	
	<left>1620</left>
	<top>110</top>
	<width>270</width>
	<height>510</height>
	<aspectratio aligny="bottom">keep</aspectratio>
	<texture background="true">$VAR[value_art]</texture>
	</control>
	<!-- Fundo -->
	<control type="image">
	<left>0</left>
	<top>602</top>
	<width>1920</width>
	<height>450</height>
	<texture>widget_fullscreen.png</texture>
	<colordiffuse>$INFO[Skin.String(colortexture)]</colordiffuse>
	<include>Animation_DefaultGlass</include>
	</control>
	<!-- Barra de titulos -->
	<control type="image">	
	<left>0</left>
	<top>621</top>
	<width>1920</width>
	<height>30</height>
	<texture>darkgrey.png</texture>
	<colordiffuse>$INFO[Skin.String(colortexture)]</colordiffuse>
	<include>Animation_DefaultGlass</include>
	</control>
	<!-- CDart -->
	<control type="group">	
	<animation effect="slide" time="800" start="0,128" end="0,0" easing="inout" tween="cubic" condition="System.IdleTime(4)">Conditional</animation>
	<animation effect="slide" time="800" start="0,0" end="0,128" easing="inout" tween="cubic" condition="!System.IdleTime(4)">Conditional</animation>
	<visible>!IsEmpty(Player.Art(discart))</visible>
	<control type="image">
	<animation effect="rotate" end="-360" center="auto" time="2000" loop="true" reversible="false" condition="StringCompare(skin.string(cdart_seconds),2000)">Conditional</animation>
	<animation effect="rotate" end="-360" center="auto" time="4000" loop="true" reversible="false" condition="StringCompare(skin.string(cdart_seconds),4000)">Conditional</animation>
	<animation effect="rotate" end="-360" center="auto" time="8000" loop="true" reversible="false" condition="StringCompare(skin.string(cdart_seconds),8000)">Conditional</animation>
	<animation effect="rotate" end="-360" center="auto" time="16000" loop="true" reversible="false" condition="StringCompare(skin.string(cdart_seconds),16000)">Conditional</animation>
	<animation effect="rotate" end="-360" center="auto" time="20000" loop="true" reversible="false" condition="StringCompare(skin.string(cdart_seconds),20000)">Conditional</animation>
	<left>30</left>
	<top>488</top>
	<width>270</width>
	<height>270</height>
	<texture diffuse="cdart_diffuse.png" background="true">$VAR[value_videodisc]</texture>
	<aspectratio align="center" aligny="center">keep</aspectratio>
	<visible>!IsEmpty(Player.Art(discart))</visible>
	</control>
	</control>
	<control type="image">
	<left>12</left>
	<top>624</top>
	<width>291</width>
	<height>402</height>
	<texture>darkgrey.png</texture>
	<colordiffuse>$INFO[Skin.String(colortexture)]</colordiffuse>
	</control>
	<!-- Cover -->
	<control type="image">	
	<left>15</left>
	<top>624</top>
	<width>285</width>
	<height>402</height>
	<texture>$VAR[value_thumbfullscreen]</texture>
	<aspectratio align="right">keep</aspectratio>
	<bordertexture border="-2">darkgrey.png</bordertexture>
	</control>
	<!-- Titulo enredo -->
	<control type="label">	
	<left>330</left>
	<top>618</top>
	<width>450</width>
	<height>38</height>
	<align>left</align>
	<font>Font_header</font>
	<textcolor>$INFO[Skin.String(colorheader)]</textcolor>
	<label>31530</label>
	</control>
	<!-- Plot -->
	<control type="textbox">	
	<left>330</left>
	<top>668</top>
	<width>930</width>
	<height>270</height>
	<font>Font_plot</font>
	<label>$INFO[VideoPlayer.Plot]</label>
	<textcolor>FFFFFAF0</textcolor>
	<autoscroll delay="20000" time="4000" repeat="15000">true</autoscroll>
	</control>
	<control type="group">
	<visible>!VideoPlayer.Content(LiveTV)</visible>
	<!-- Titulo elenco -->
	<control type="label">	
	<left>1320</left>
	<top>618</top>
	<width>450</width>
	<height>38</height>
	<align>left</align>
	<font>Font_header</font>
	<textcolor>$INFO[Skin.String(colorheader)]</textcolor>
	<label>31703</label>
	</control>
	<!-- Cast -->
	<control type="textbox">	
	<left>1320</left>
	<top>668</top>
	<width>570</width>
	<height>345</height>
	<font>Font_plot</font>
	<label>$INFO[VideoPlayer.CastAndRole]</label>
	<textcolor>FFFFFAF0</textcolor>
	<autoscroll delay="20000" time="4000" repeat="15000">true</autoscroll>
	<visible>Player.Paused</visible>
	</control>
	</control>
	</control>
	<!-- Seek Widget -->
	<control type="group">
	<animation type="WindowOpen" condition="true">
	<effect type="slide" time="400" start="0,1200" end="0,0" easing="out" tween="cubic" />
	</animation>
	<animation type="WindowClose" condition="true">
	<effect type="slide" time="400" start="0,0" end="0,1200" easing="in" tween="cubic" />
	</animation>
	<control type="group">
	<left>-750</left>
	<top>1040</top>
	<width>748</width>
	<height>42</height>
	<animation effect="slide" end="300,0" time="200" condition="Player.Forwarding2x">Conditional</animation>
	<animation effect="slide" end="412,0" time="200" condition="Player.Forwarding4x">Conditional</animation>
	<animation effect="slide" end="525,0" time="200" condition="Player.Forwarding8x">Conditional</animation>
	<animation effect="slide" end="638,0" time="200" condition="Player.Forwarding16x">Conditional</animation>
	<animation effect="slide" end="748,0" time="200" condition="Player.Forwarding32x">Conditional</animation>
	<control type="image">
	<left>0</left>
	<top>0</top>
	<width>748</width>
	<height>42</height>
	<texture flipy="true">osd_button_reverse.png</texture>
	</control>
	<control type="label">
	<include>OSDSeekForward</include>
	<label>$VAR[value_seekforward]</label>
	</control>
	</control>
	<control type="group">
	<left>1920</left>
	<top>1040</top>
	<width>748</width>
	<height>42</height>
	<animation effect="slide" end="-300,0" time="200" condition="Player.Rewinding2x">Conditional</animation>
	<animation effect="slide" end="-412,0" time="200" condition="Player.Rewinding4x">Conditional</animation>
	<animation effect="slide" end="-525,0" time="200" condition="Player.Rewinding8x">Conditional</animation>
	<animation effect="slide" end="-638,0" time="200" condition="Player.Rewinding16x">Conditional</animation>
	<animation effect="slide" end="-748,0" time="200" condition="Player.Rewinding32x">Conditional</animation>
	<control type="image">
	<left>0</left>
	<top>0</top>
	<width>748</width>
	<height>42</height>
	<texture flipy="true" flipx="true">osd_button_reverse.png</texture>
	</control>
	<control type="label">
	<include>OSDSeekReverse</include>
	<label>$VAR[value_seekreverse]</label>
	</control>
	</control>
	</control>
	<control type="label">
	<left>-480</left>
	<top>270</top>
	<width>2880</width>
	<height>158</height>
	<align>center</align>
	<aligny>center</aligny>
	<font>Font_pause</font>
	<label>31744</label>
	<textcolor>80FFFAF0</textcolor>
	<visible>Player.Paused + !Skin.HasSetting(nopausedlabel)</visible>
	<animation type="Visible">
	<effect type="slide" start="0,-900" end="0,0" time="600" tween="cubic" easing="out" />
	<effect type="fade" start="0" end="100" time="600" />
	</animation>
	<animation type="WindowOpen">
	<effect type="slide" start="0,-900" end="0,0" time="600" tween="cubic" easing="out" />
	<effect type="fade" start="0" end="100" time="600" />
	</animation>
	<animation type="WindowClose">
	<effect type="slide" start="0,0" end="-900,0" time="600" tween="cubic" easing="out" />
	<effect type="fade" start="100" end="0" time="600" />
	</animation>
	<animation type="Hidden">
	<effect type="slide" start="0,0" end="-900,0" time="600" tween="cubic" easing="out" />
	<effect type="fade" start="100" end="0" time="600" />
	</animation>
	</control>
	</controls>
</window>