<?xml version="1.0" encoding="UTF-8"?>
<window type="dialog">
	<!-- Aeon MQ 7 -->
	<defaultcontrol always="true">4112</defaultcontrol>
	<coordinates>
	<system>1</system>
	<left>0</left>
	<top>0</top>
	</coordinates>
	<controls>
	<control type="group">
	<include>Animation_DialogPopup</include>
	<control type="image">
	<left>615</left>
	<top>195</top>
	<width>681</width>
	<height>58</height>
	<texture>gradient_focus.png</texture>
	<colordiffuse>$INFO[Skin.String(colorheader)]</colordiffuse>
	</control>
	<control type="image">
	<left>615</left>
	<top>150</top>
	<width>681</width>
	<height>58</height>
	<texture>dialogs_context_nofocus.png</texture>
	<colordiffuse>F9FFFFFF</colordiffuse>
	</control>
	<control type="label">
	<left>735</left>
	<top>150</top>
	<width>450</width>
	<height>60</height>
	<align>center</align>
	<label>31177</label>
	<font>Font_header</font>
	<textcolor>$INFO[Skin.String(colorheader)]</textcolor>
	</control>
	<control type="list" id="4112">
	<left>615</left>
	<top>225</top>
	<width>681</width>
	<height>675</height>
	<onleft>Dialog.Close(111)</onleft>
	<onright>Dialog.Close(111)</onright>
	<orientation>vertical</orientation>
	<pagecontrol>-</pagecontrol>
	<scrolltime>300</scrolltime>
	<focusposition>0</focusposition>
	<itemlayout height="58" width="681">
	<control type="image">
	<left>0</left>
	<top>0</top>
	<width>681</width>
	<height>58</height>
	<texture>dialogs_context_nofocus.png</texture>
	</control>
	<control type="label">
	<left>22</left>
	<top>0</top>
	<height>58</height>
	<width>645</width>
	<align>center</align>
	<aligny>center</aligny>
	<font>Font_button</font>
	<label>[UPPERCASE]$INFO[ListItem.Label][/UPPERCASE]</label>
	<textcolor>FFFFFAF0</textcolor>
	</control>
	</itemlayout>
	<focusedlayout height="58" width="681">
	<control type="image">
	<left>0</left>
	<top>0</top>
	<width>681</width>
	<height>58</height>
	<texture>dialogs_context_focus.png</texture>
	</control>
	<control type="label">
	<left>22</left>
	<top>0</top>
	<height>58</height>
	<width>645</width>
	<align>center</align>
	<aligny>center</aligny>
	<font>Font_button</font>
	<label>[UPPERCASE]$INFO[ListItem.Label][/UPPERCASE]</label>
	<textcolor>FF101010</textcolor>
	</control>
	</focusedlayout>
	<content>
	<item id="1">
	<!-- Shutdown -->
	<label>31144</label>
	<onclick>ShutDown</onclick>
	</item>
	<item id="2">
	<!-- Presets do menu principal -->
	<label>31165</label>
	<onclick>Dialog.Close(111)</onclick>
	<onclick>ActivateWindow(6630)</onclick>
	<visible>![IsEmpty(skin.string(preset1.on)) + IsEmpty(skin.string(preset2.on)) + IsEmpty(skin.string(preset3.on)) + IsEmpty(skin.string(preset4.on)) + IsEmpty(skin.string(preset5.on)) + IsEmpty(skin.string(preset6.on)) + IsEmpty(skin.string(preset7.on)) + IsEmpty(skin.string(preset8.on)) + IsEmpty(skin.string(preset9.on)) + IsEmpty(skin.string(preset10.on))] + Window.IsVisible(0)</visible>
	</item>
	<item id="15">
	<!-- Settings -->
	<label>31011</label>
	<onclick>Dialog.Close(111)</onclick>
	<onclick>ActivateWindow(4)</onclick>
	</item>
	<item id="3">
	<!-- Home Visualiser Video -->
	<label>$VAR[value_buttonmenu_video]</label>
	<onclick>Skin.Togglesetting(homevisvideo)</onclick>
	<visible>Window.IsActive(0)</visible>
	</item>
	<item id="4">
	<!-- Home Visualiser Audio -->
	<label>$VAR[value_buttonmenu_audio]</label>
	<onclick>Skin.Togglesetting(homevisaudio)</onclick>
	<visible>Window.IsActive(0)</visible>
	</item>
	<item id="5">
	<!-- Now Playing - Playlist -->
	<label>31035</label>
	<onclick>ActivateWindow(500)</onclick>
	</item>
	<item id="12">
	<!-- Eject Tray -->
	<label>31742</label>
	<onclick>EjectTray</onclick>
	</item>
	<item id="13">
	<!-- File Manager -->
	<label>10003</label>
	<onclick>Dialog.Close(111)</onclick>
	<onclick>ActivateWindow(3)</onclick>
	</item>
	<item id="14">
	<!-- Favourites -->
	<label>1036</label>
	<onclick>Dialog.Close(111)</onclick>
	<onclick>ActivateWindow(Favourites)</onclick>
	</item>
	</content>
	</control>
	</control>
	</controls>
</window>