<?xml version="1.0" encoding="UTF-8"?>
<window>
	<!-- Aeon MQ 7 -->
	<defaultcontrol always="true">149</defaultcontrol>
	<onload condition="system.hasaddon(script.artistslideshow)">RunScript(script.artistslideshow)</onload>
	<onload>ClearProperty(script.extendedinfo.isactive)</onload>
	<onload>Skin.SetString(sextendalbum_list,6010)</onload>
	<onload condition="Container.Content(artists)">RunScript(script.extendedinfo,info=artistdetails,artistname='$INFO[ListItem.Artist]',silent=False)</onload>
	<onload condition="Container.Content(albums)">RunScript(script.extendedinfo,info=artistdetails,info=albuminfo,artistname='$INFO[ListItem.Artist]',albumname='$INFO[ListItem.Album]',silent=False)</onload>
	<controls>
	<!-- default group -->
	<control type="group">
	<include>Animation_Window</include>
	<animation effect="slide" start="0" end="-1920" time="400" tween="cubic" easing="inout" condition="StringCompare(Window.Property(script.extendedinfo.isactive),1)">Conditional</animation>
	<animation effect="slide" start="0" end="-1920" time="400" tween="cubic" easing="inout" condition="Window.IsActive(2006)">Conditional</animation>
	<!-- Multi Fanart -->
	<control type="multiimage">	
	<include>WindowBG</include>
	<imagepath fallback="special://skin/backgrounds/music.jpg" background="true">$VAR[value_musicfanart]</imagepath>
	</control>
	<!-- Single Fanart -->
	<control type="image">	
	<include>WindowBG</include>
	<texture background="true">$VAR[value_defaultmusicfanart]</texture>
	</control>
	<!-- Extra Fanart Artist/Album -->
	<control type="multiimage" id="5032">	
	<include>WindowBG</include>
	<imagepath background="true">$INFO[Skin.String(CustomMusicLogoPath)]$INFO[ListItem.Artist,,/extrafanart/]</imagepath>
	<visible>[Container.Content(artists) | Container.Content(albums)] + SubString(skin.string(musicfanart),extra)</visible>
	</control>
	<!-- Extra Fanart Song -->
	<control type="multiimage" id="5033">	
	<include>WindowBG</include>
	<imagepath background="true">$INFO[ListItem.Path]extrafanart/</imagepath>
	<visible>Container.Content(songs) + SubString(skin.string(musicfanart),extra)</visible>
	</control>
	<control type="image">
	<left>0</left>
	<top>0</top>
	<height>225</height>
	<width>1920</width>
	<texture flipy="true">shadow_mask.png</texture>
	<colordiffuse>75000000</colordiffuse>
	</control>
	<!-- Artist -->
	<control type="label">	
	<left>45</left>
	<top>12</top>
	<width>1650</width>
	<height>60</height>
	<font>Font_title</font>
	<label>$VAR[value_music_title]</label>
	<textcolor>FFFFFAF0</textcolor>
	<scroll>true</scroll>
	<scrollout>false</scrollout>
	</control>
	<control type="label">
	<left>45</left>
	<top>75</top>
	<width>1650</width>
	<height>38</height>
	<font>Font_subtitle</font>
	<label>$VAR[value_music_subtitle]</label>
	<textcolor>90FFFFFF</textcolor>
	<scroll>true</scroll>
	<scrollout>false</scrollout>
	</control>
	<!-- Star -->
	<control type="image">	
	<left>1768</left>
	<top>8</top>
	<width>110</width>
	<height>110</height>
	<align>center</align>
	<aligny>center</aligny>
	<texture>star.png</texture>
	<colordiffuse>$INFO[Skin.String(colorheader)]</colordiffuse>
	<visible>Container.Content(albums)</visible>
	</control>
	<control type="label">
	<left>1778</left>
	<top>22</top>
	<width>90</width>
	<height>90</height>
	<align>center</align>
	<aligny>center</aligny>
	<font>Font_plot</font>
	<label>[B]$INFO[ListItem.Rating][/B]</label>
	<textcolor>FF101010</textcolor>
	</control>
	<!-- Banner -->
	<control type="image">	
	<left>1088</left>
	<top>8</top>
	<aspectratio>keep</aspectratio>
	<width>490</width>
	<height>100</height>
	<texture background="true">$INFO[Window(home).Property(Banner)]</texture>
	<visible>!IsEmpty(Window(home).Property(Banner))</visible>
	</control>
	<control type="image">
	<left>0</left>
	<top>120</top>
	<width>1920</width>
	<height>579</height>
	<texture>darkgrey.png</texture>
	<colordiffuse>$INFO[Skin.String(colortexture)]</colordiffuse>
	<include>Animation_DefaultGlass</include>
	</control>
	<control type="image">
	<left>0</left>
	<top>0</top>
	<width>1920</width>
	<height>120</height>
	<texture>gradient_small.png</texture>
	</control>
	<control type="image">
	<left>308</left>
	<top>120</top>
	<height>285</height>
	<width>3</width>
	<texture>separator_v.png</texture>
	</control>
	<control type="image">
	<left>0</left>
	<top>204</top>
	<height>3</height>
	<width>1029</width>
	<texture>separator.png</texture>
	</control>
	<!-- Logo -->
	<control type="image">	
	<left>750</left>
	<top>120</top>
	<width>210</width>
	<height>90</height>
	<aspectratio>keep</aspectratio>
	<texture>$INFO[Window(home).Property(Logo)]</texture>
	<visible>!IsEmpty(Window(home).Property(Logo))</visible>
	</control>
	<!-- Ano -->
	<control type="label">	
	<left>330</left>
	<top>120</top>
	<height>60</height>
	<width>165</width>
	<align>left</align>
	<aligny>center</aligny>
	<font>Font_list</font>
	<label>$INFO[ListItem.Year]</label>
	<textcolor>FFFFFAF0</textcolor>
	</control>
	<!-- Genero -->
	<control type="label">	
	<left>330</left>
	<top>154</top>
	<height>60</height>
	<width>735</width>
	<align>left</align>
	<aligny>center</aligny>
	<font>Font_list</font>
	<label>$INFO[ListItem.Genre]</label>
	<textcolor>FFFFFAF0</textcolor>
	<scroll>true</scroll>
	<scrollout>false</scrollout>
	</control>
	<!-- Mood -->
	<control type="label">	
	<left>-15</left>
	<top>210</top>
	<height>40</height>
	<width>300</width>
	<align>right</align>
	<aligny>center</aligny>
	<font>Font_plot</font>
	<label>$LOCALIZE[175]</label>
	<textcolor>$INFO[Skin.String(colorheader)]</textcolor>
	</control>
	<control type="label">
	<left>330</left>
	<top>210</top>
	<height>40</height>
	<width>660</width>
	<align>left</align>
	<aligny>center</aligny>
	<font>Font_plot</font>
	<label>$INFO[ListItem.Property(Artist_Mood)]$INFO[ListItem.Property(Album_Mood)]</label>
	<textcolor>FFFFFAF0</textcolor>
	<scroll>true</scroll>
	<scrollout>false</scrollout>
	</control>
	<!-- Estilo -->
	<control type="label">	
	<left>-15</left>
	<top>240</top>
	<height>40</height>
	<width>300</width>
	<align>right</align>
	<aligny>center</aligny>
	<font>Font_plot</font>
	<label>$LOCALIZE[176]</label>
	<textcolor>$INFO[Skin.String(colorheader)]</textcolor>
	</control>
	<control type="label">
	<left>330</left>
	<top>240</top>
	<height>40</height>
	<width>660</width>
	<align>left</align>
	<aligny>center</aligny>
	<font>Font_plot</font>
	<label>$INFO[ListItem.Property(Artist_Style)]$INFO[ListItem.Property(Album_Style)]</label>
	<textcolor>FFFFFAF0</textcolor>
	<scroll>true</scroll>
	<scrollout>false</scrollout>
	</control>
	<!-- Formed/artists - Theme/Albums -->
	<control type="label">	
	<left>-15</left>
	<top>270</top>
	<height>40</height>
	<width>300</width>
	<align>right</align>
	<aligny>center</aligny>
	<font>Font_plot</font>
	<label>$VAR[value_audioinfo_label3]</label>
	<textcolor>$INFO[Skin.String(colorheader)]</textcolor>
	</control>
	<control type="label">
	<left>330</left>
	<top>270</top>
	<height>40</height>
	<width>660</width>
	<align>left</align>
	<aligny>center</aligny>
	<font>Font_plot</font>
	<label>$VAR[value_audioinfo_value3]</label>
	<textcolor>FFFFFAF0</textcolor>
	<scroll>true</scroll>
	<scrollout>false</scrollout>
	</control>
	<!-- YearsActive/Artists - Type/Albums -->
	<control type="label">	
	<left>-15</left>
	<top>300</top>
	<height>40</height>
	<width>300</width>
	<align>right</align>
	<aligny>center</aligny>
	<font>Font_plot</font>
	<label>$VAR[value_audioinfo_label4]</label>
	<textcolor>$INFO[Skin.String(colorheader)]</textcolor>
	</control>
	<control type="label">
	<left>330</left>
	<top>300</top>
	<height>40</height>
	<width>660</width>
	<align>left</align>
	<aligny>center</aligny>
	<font>Font_plot</font>
	<label>$VAR[value_audioinfo_value4]</label>
	<textcolor>FFFFFAF0</textcolor>
	<scroll>true</scroll>
	<scrollout>false</scrollout>
	</control>
	<!-- Born/Die - Record/Albums -->
	<control type="label">	
	<left>-15</left>
	<top>330</top>
	<height>40</height>
	<width>300</width>
	<align>right</align>
	<aligny>center</aligny>
	<font>Font_plot</font>
	<label>$VAR[value_audioinfo_label5]</label>
	<textcolor>$INFO[Skin.String(colorheader)]</textcolor>
	</control>
	<control type="label">
	<left>330</left>
	<top>330</top>
	<height>40</height>
	<width>660</width>
	<align>left</align>
	<aligny>center</aligny>
	<font>Font_plot</font>
	<label>$VAR[value_audioinfo_value5]</label>
	<textcolor>FFFFFAF0</textcolor>
	<scroll>true</scroll>
	<scrollout>false</scrollout>
	</control>
	<control type="image">
	<left>0</left>
	<top>405</top>
	<height>3</height>
	<width>1029</width>
	<texture>separator.png</texture>
	</control>
	<!-- Plot -->
	<control type="textbox">	
	<left>45</left>
	<top>420</top>
	<width>952</width>
	<height>262</height>
	<align>justify</align>
	<font>Font_plot</font>
	<label>$INFO[ListItem.Property(Album_Description)]$INFO[ListItem.Property(Artist_Description)]</label>
	<textcolor>FFFFFAF0</textcolor>
	<autoscroll delay="15000" time="5000" repeat="15000">!Skin.HasSetting(noinfoplotscroll)</autoscroll>
	</control>
	<!-- Thumb cv -->
	<control type="image">	
	<left>1330</left>
	<top>165</top>
	<width>518</width>
	<height>518</height>
	<texture diffuse="cdart_diffuse.png" background="true">$INFO[Skin.String(CustomMusicLogoPath)]$INFO[ListItem.Artist,,/cd.png]</texture>
	<fadetime>FanartCrossFadeTime</fadetime>
	<aspectratio align="center" aligny="top">stretch</aspectratio>
	<animation effect="rotate" start="0" end="-360" center="auto" time="40000" delay="6000" loop="true" reversible="false" condition="!Player.HasVideo">Conditional</animation>
	<include>Animation_ViewsCDart</include>
	</control>
	<!-- Thumb cd fake-->
	<control type="image">	
	<left>1330</left>
	<top>165</top>
	<width>518</width>
	<height>518</height>
	<aspectratio align="center" aligny="top">stretch</aspectratio>
	<texture diffuse="cdart_diffuse.png" background="true">$INFO[Listitem.Icon]</texture>
	<fadetime>FanartCrossFadeTime</fadetime>
	<animation effect="rotate" start="0" end="-360" center="auto" time="40000" delay="6000" loop="true" reversible="false" condition="!Player.HasVideo">Conditional</animation>
	<include>Animation_ViewsCDart</include>
	</control>
	<!-- Thumb cd -->
	<control type="image">	
	<left>1330</left>
	<top>165</top>
	<width>518</width>
	<height>518</height>
	<texture diffuse="cdart_diffuse.png" background="true">$INFO[Skin.String(CustomMusicLogoPath)]$INFO[ListItem.Artist,,/cd.png]</texture>
	<fadetime>FanartCrossFadeTime</fadetime>
	<aspectratio align="center" aligny="top">stretch</aspectratio>
	<animation effect="rotate" start="0" end="-360" center="auto" time="40000" delay="6000" loop="true" reversible="false" condition="!Player.HasVideo">Conditional</animation>
	<include>Animation_ViewsCDart</include>
	</control>
	<!-- Thumb cd fake-->
	<control type="image">	
	<left>1330</left>
	<top>165</top>
	<width>518</width>
	<height>518</height>
	<aspectratio align="center" aligny="top">stretch</aspectratio>
	<texture diffuse="cdart_diffuse.png" background="true">$INFO[Listitem.Icon]</texture>
	<visible>IsEmpty(Skin.String(CustomMusicLogoPath)$INFO[ListItem.Artist,,/cd.png]</visible>
	</control>
	<!-- Thumb -->
	<control type="image">	
	<left>1030</left>
	<top>120</top>
	<height>579</height>
	<width>844</width>
	<aspectratio align="left">keep</aspectratio>
	<texture fallback="DefaultAudio.png" diffuse="thumb_cdcover_mask_cdart.png" background="true">$INFO[Listitem.Icon]</texture>
	<visible>!IsEmpty(ListItem.Thumb)</visible>
	</control>
	<!-- Artist -->
	<control type="multiimage">	
	<left>1030</left>
	<top>120</top>
	<height>579</height>
	<width>844</width>
	<timeperimage>5000</timeperimage>
	<randomize>true</randomize>
	<fadetime>FanartCrossFadeTime</fadetime>
	<aspectratio align="left">keep</aspectratio>
	<imagepath fallback="DefaultAudioCover.png" background="true">$INFO[Window(Visualisation).Property(ArtistSlideshow)]</imagepath>
	<visible>IsEmpty(ListItem.Thumb)</visible>
	</control>
	<control type="image">
	<left>1029</left>
	<top>120</top>
	<height>579</height>
	<width>3</width>
	<texture>separator_v.png</texture>
	</control>
	<control type="image">
	<left>0</left>
	<top>120</top>
	<height>3</height>
	<width>1920</width>
	<texture>separator.png</texture>
	</control>
	<!-- Fundo do rodape -->
	<control type="image">	
	<left>0</left>
	<top>975</top>
	<width>1920</width>
	<height>105</height>
	<texture>shadow_mask.png</texture>
	<colordiffuse>$INFO[Skin.String(colorfloor)]</colordiffuse>
	</control>
	<control type="label">
	<left>45</left>
	<top>1031</top>
	<width>600</width>
	<height>40</height>
	<align>left</align>
	<aligny>center</aligny>
	<font>Font_plot</font>
	<label>31939</label>
	<textcolor>$INFO[Skin.String(colorflags)]</textcolor>
	<visible>IsEmpty(Window(Visualisation).Property(ArtistSlideshow.1.AlbumName)) + !IsEmpty(Window.Property(ArtistSlideshowRunning))</visible>
	</control>
	<control type="label">
	<left>45</left>
	<top>1031</top>
	<width>600</width>
	<height>40</height>
	<align>left</align>
	<aligny>center</aligny>
	<font>Font_plot</font>
	<label>$VAR[value_albumsong_items] $INFO[Container(6010).NumItems]</label>
	<textcolor>$INFO[Skin.String(colorflags)]</textcolor>
	</control>
	<control type="image">
	<left>0</left>
	<top>1020</top>
	<height>64</height>
	<width>1920</width>
	<texture>gradient_small.png</texture>
	</control>
	<!-- Cast -->
	<control type="image">	
	<left>0</left>
	<top>1018</top>
	<width>1920</width>
	<height>45</height>
	<texture flipy="true">shadow_h.png</texture>
	<colordiffuse>C3FFFFFF</colordiffuse>
	</control>
	<control type="image">
	<left>0</left>
	<top>741</top>
	<height>279</height>
	<width>1920</width>
	<texture>darkgrey.png</texture>
	<colordiffuse>$INFO[Skin.String(colortexture)]</colordiffuse>
	<include>Animation_DefaultGlass2</include>
	</control>
	<control type="label">
	<visible>SubString(skin.string(sextendalbum_list),6010)</visible>
	<left>472</left>
	<top>1031</top>
	<width>975</width>
	<height>40</height>
	<align>center</align>
	<aligny>center</aligny>
	<font>Font_list</font>
	<label>$INFO[Container(6010).ListItem.Year,, : ]$INFO[Container(6010).ListItem.Label]</label>
	<textcolor>$INFO[Skin.String(colorflags)]</textcolor>
	<scroll>true</scroll>
	</control>
	<control type="label">
	<visible>SubString(skin.string(sextendalbum_list),7010)</visible>
	<left>472</left>
	<top>1038</top>
	<width>975</width>
	<align>center</align>
	<aligny>center</aligny>
	<font>Font_list</font>
	<label>$INFO[Container(7010).ListItem.Year,, : ]$INFO[Container(7010).ListItem.Label]</label>
	<textcolor>$INFO[Skin.String(colorflags)]</textcolor>
	<scroll>true</scroll>
	</control>
	<control type="label">
	<visible>SubString(skin.string(sextendalbum_list),8010)</visible>
	<left>472</left>
	<top>1038</top>
	<width>975</width>
	<align>center</align>
	<aligny>center</aligny>
	<font>Font_list</font>
	<label>$INFO[Container(8010).ListItem.Label2] $INFO[Container(8010).ListItem.Property(City)]  : $INFO[Container(8010).ListItem.Property(Name)]</label>
	<textcolor>$INFO[Skin.String(colorflags)]</textcolor>
	<scroll>true</scroll>
	</control>
	<control type="label">
	<visible>SubString(skin.string(sextendalbum_list),5010)</visible>
	<left>472</left>
	<top>1038</top>
	<width>975</width>
	<align>center</align>
	<aligny>center</aligny>
	<font>Font_list</font>
	<label>$INFO[Container(5010).ListItem.Label]</label>
	<textcolor>$INFO[Skin.String(colorflags)]</textcolor>
	<scroll>true</scroll>
	</control>
	<control type="label">
	<visible>SubString(skin.string(sextendalbum_list),10010)</visible>
	<left>472</left>
	<top>1038</top>
	<width>975</width>
	<align>center</align>
	<aligny>center</aligny>
	<font>Font_list</font>
	<label>$INFO[Container(10010).ListItem.Label]</label>
	<textcolor>$INFO[Skin.String(colorflags)]</textcolor>
	<scroll>true</scroll>
	</control>
	<!-- Lists -->
	<control type="group" id="910">	
	<control type="list" id="6010">
	<visible>SubString(skin.string(sextendalbum_list),6010)</visible>
	<viewtype label="List">List Info</viewtype>
	<content>plugin://script.extendedinfo?info=discography&amp;&amp;artistname=$INFO[ListItem.Artist]</content>
	<left>78</left>
	<top>738</top>
	<width>1842</width>
	<height>330</height>
	<onup>149</onup>
	<ondown>Skin.Reset(artistzoom)</ondown>
	<ondown>SetFocus(160)</ondown>
	<ondown>Skin.SetBool(coverzoom)</ondown>
	<orientation>horizontal</orientation>
	<scrolltime>400</scrolltime>
	<focusposition>2</focusposition>
	<itemlayout height="255" width="372">
	<!-- Fake cd -->
	<control type="image">	
	<left>60</left>
	<top>8</top>
	<width>270</width>
	<height>270</height>
	<texture diffuse="cdart_diffuse.png" background="true">$INFO[ListItem.Icon]</texture>
	<fadetime>FanartCrossFadeTime</fadetime>
	<aspectratio align="center" aligny="top">stretch</aspectratio>
	<animation effect="rotate" start="0" end="-360" center="auto" time="40000" delay="6000" loop="true" reversible="false" condition="!Player.HasVideo">Conditional</animation>
	<include>Animation_ViewsCDart</include>
	</control>
	<control type="image">
	<left>0</left>
	<top>8</top>
	<width>270</width>
	<height>270</height>
	<texture fallback="DefaultAudio.png" diffuse="thumb_cdcover_mask_cdart.png" background="true">$INFO[ListItem.Icon]</texture>
	</control>
	</itemlayout>
	<focusedlayout height="255" width="372">
	<!-- Fake cd -->
	<control type="image">	
	<left>60</left>
	<top>8</top>
	<width>270</width>
	<height>270</height>
	<texture diffuse="cdart_diffuse.png" background="true">$INFO[ListItem.Icon]</texture>
	<fadetime>FanartCrossFadeTime</fadetime>
	<aspectratio align="center" aligny="top">stretch</aspectratio>
	<animation effect="rotate" start="0" end="-360" center="auto" time="40000" delay="6000" loop="true" reversible="false" condition="!Player.HasVideo">Conditional</animation>
	<include>Animation_ViewsCDart</include>
	</control>
	<control type="image">
	<left>0</left>
	<top>8</top>
	<width>270</width>
	<height>270</height>
	<aligny>center</aligny>
	<align>left</align>
	<aspectratio>scale</aspectratio>
	<texture fallback="DefaultAudio.png" diffuse="thumb_cdcover_mask_cdart.png" background="true">$INFO[ListItem.Icon]</texture>
	<bordertexture border="-2">black.png</bordertexture>
	<colordiffuse>FF909090</colordiffuse>
	<include>Animation_Fade</include>
	<visible>!Control.HasFocus(6010)</visible>
	</control>
	<control type="image">
	<left>0</left>
	<top>8</top>
	<width>270</width>
	<height>270</height>
	<aligny>center</aligny>
	<align>left</align>
	<aspectratio>scale</aspectratio>
	<texture fallback="DefaultAudio.png" diffuse="thumb_cdcover_mask_cdart.png" background="true">$INFO[ListItem.Icon]</texture>
	<bordertexture border="-2">grey.png</bordertexture>
	<include>Animation_Fade</include>
	<visible>Control.HasFocus(6010)</visible>
	</control>
	</focusedlayout>
	<include condition="Player.HasAudio + system.hasaddon(script.artistslideshow)">AlbumContent</include>
	</control>
	<control type="list" id="7010">
	<visible>SubString(skin.string(sextendalbum_list),7010)</visible>
	<viewtype label="List">List Info</viewtype>
	<content>plugin://script.extendedinfo?info=mostlovedtracks&amp;&amp;artistname=$INFO[ListItem.Artist]</content>
	<left>78</left>
	<top>738</top>
	<width>1800</width>
	<height>330</height>
	<onup>149</onup>
	<ondown>Skin.Reset(artistzoom)</ondown>
	<ondown>SetFocus(160)</ondown>
	<ondown>Skin.SetBool(coverzoom)</ondown>
	<orientation>horizontal</orientation>
	<scrolltime>400</scrolltime>
	<focusposition>2</focusposition>
	<itemlayout height="255" width="372">
	<control type="image">
	<left>0</left>
	<top>8</top>
	<width>270</width>
	<height>270</height>
	<aligny>center</aligny>
	<align>left</align>
	<aspectratio>scale</aspectratio>
	<texture fallback="DefaultAudioCover.png" background="true">$INFO[ListItem.Icon]</texture>
	<bordertexture border="-2">black.png</bordertexture>
	<colordiffuse>FF909090</colordiffuse>
	</control>
	</itemlayout>
	<focusedlayout height="255" width="372">
	<control type="image">
	<left>0</left>
	<top>8</top>
	<width>270</width>
	<height>270</height>
	<aligny>center</aligny>
	<align>left</align>
	<aspectratio>scale</aspectratio>
	<texture fallback="DefaultAudioCover.png" background="true">$INFO[ListItem.Icon]</texture>
	<bordertexture border="-2">black.png</bordertexture>
	<colordiffuse>FF909090</colordiffuse>
	<include>Animation_Fade</include>
	<visible>!Control.HasFocus(7010)</visible>
	</control>
	<control type="image">
	<left>0</left>
	<top>8</top>
	<width>270</width>
	<height>270</height>
	<aligny>center</aligny>
	<align>left</align>
	<aspectratio>scale</aspectratio>
	<texture fallback="DefaultAudioCover.png" background="true">$INFO[ListItem.Icon]</texture>
	<bordertexture border="-2">grey.png</bordertexture>
	<include>Animation_Fade</include>
	<visible>Control.HasFocus(7010)</visible>
	</control>
	</focusedlayout>
	<include condition="Player.HasAudio + system.hasaddon(script.artistslideshow)">AlbumContent</include>
	</control>
	<control type="list" id="8010">
	<viewtype label="List">List Info</viewtype>
	<visible>SubString(skin.string(sextendalbum_list),8010)</visible>
	<content>plugin://script.extendedinfo?info=artistevents&amp;&amp;artistname=$INFO[ListItem.Artist]</content>
	<left>78</left>
	<top>738</top>
	<width>1800</width>
	<height>330</height>
	<onup>149</onup>
	<ondown>Skin.Reset(artistzoom)</ondown>
	<ondown>SetFocus(160)</ondown>
	<ondown>Skin.SetBool(coverzoom)</ondown>
	<orientation>horizontal</orientation>
	<scrolltime>400</scrolltime>
	<focusposition>2</focusposition>
	<itemlayout height="255" width="372">
	<control type="image">
	<left>0</left>
	<top>8</top>
	<width>270</width>
	<height>270</height>
	<aligny>center</aligny>
	<align>left</align>
	<aspectratio>scale</aspectratio>
	<texture fallback="DefaultAudioCover.png" background="true">$INFO[ListItem.Icon]</texture>
	<bordertexture border="-2">black.png</bordertexture>
	<colordiffuse>FF909090</colordiffuse>
	</control>
	</itemlayout>
	<focusedlayout height="255" width="372">
	<control type="image">
	<left>0</left>
	<top>8</top>
	<width>270</width>
	<height>270</height>
	<aligny>center</aligny>
	<align>left</align>
	<aspectratio>scale</aspectratio>
	<texture fallback="DefaultAudioCover.png" background="true">$INFO[ListItem.Icon]</texture>
	<bordertexture border="-2">black.png</bordertexture>
	<colordiffuse>FF909090</colordiffuse>
	<include>Animation_Fade</include>
	<visible>!Control.HasFocus(8010)</visible>
	</control>
	<control type="image">
	<left>0</left>
	<top>8</top>
	<width>270</width>
	<height>270</height>
	<aligny>center</aligny>
	<align>left</align>
	<aspectratio>scale</aspectratio>
	<texture fallback="DefaultAudioCover.png" background="true">$INFO[ListItem.Icon]</texture>
	<bordertexture border="-2">grey.png</bordertexture>
	<include>Animation_Fade</include>
	<visible>Control.HasFocus(8010)</visible>
	</control>
	</focusedlayout>
	<include condition="Player.HasAudio + system.hasaddon(script.artistslideshow)">AlbumContent</include>
	</control>
	<control type="list" id="5010">
	<viewtype label="List">List Info</viewtype>
	<visible>SubString(skin.string(sextendalbum_list),5010)</visible>
	<content>plugin://script.extendedinfo?info=similarartistsinlibrary&amp;&amp;artistname=$INFO[ListItem.Artist]</content>
	<left>78</left>
	<top>738</top>
	<width>1800</width>
	<height>330</height>
	<onup>149</onup>
	<ondown>Skin.Reset(artistzoom)</ondown>
	<ondown>SetFocus(160)</ondown>
	<ondown>Skin.SetBool(coverzoom)</ondown>
	<onclick>plugin://script.extendedinfo?info=artistevents&amp;&amp;artistname=$INFO[Container(5010).ListItem.Label]</onclick>
	<orientation>horizontal</orientation>
	<scrolltime>400</scrolltime>
	<focusposition>2</focusposition>
	<itemlayout height="255" width="372">
	<control type="image">
	<left>0</left>
	<top>8</top>
	<width>270</width>
	<height>270</height>
	<aligny>center</aligny>
	<align>left</align>
	<aspectratio>scale</aspectratio>
	<texture fallback="DefaultAudioCover.png" background="true">$INFO[ListItem.Icon]</texture>
	<bordertexture border="-2">black.png</bordertexture>
	<colordiffuse>FF909090</colordiffuse>
	</control>
	</itemlayout>
	<focusedlayout height="255" width="372">
	<control type="image">
	<left>0</left>
	<top>8</top>
	<width>270</width>
	<height>270</height>
	<aligny>center</aligny>
	<align>left</align>
	<aspectratio>scale</aspectratio>
	<texture fallback="DefaultAudioCover.png" background="true">$INFO[ListItem.Icon]</texture>
	<bordertexture border="-2">black.png</bordertexture>
	<colordiffuse>FF909090</colordiffuse>
	<include>Animation_Fade</include>
	<visible>!Control.HasFocus(5010)</visible>
	</control>
	<control type="image">
	<left>0</left>
	<top>8</top>
	<width>270</width>
	<height>270</height>
	<aligny>center</aligny>
	<align>left</align>
	<aspectratio>scale</aspectratio>
	<texture fallback="DefaultAudioCover.png" background="true">$INFO[ListItem.Icon]</texture>
	<bordertexture border="-2">grey.png</bordertexture>
	<include>Animation_Fade</include>
	<visible>Control.HasFocus(5010)</visible>
	</control>
	</focusedlayout>
	<include condition="Player.HasAudio + system.hasaddon(script.artistslideshow)">AlbumContent</include>
	</control>
	<control type="list" id="10010">
	<viewtype label="List">List Info</viewtype>
	<visible>SubString(skin.string(sextendalbum_list),10010)</visible>
	<content>plugin://script.extendedinfo?info=youtubesearch&amp;&amp;id=$INFO[ListItem.Artist]</content>
	<left>78</left>
	<top>738</top>
	<width>1800</width>
	<height>330</height>
	<onup>149</onup>
	<ondown>Skin.Reset(artistzoom)</ondown>
	<ondown>SetFocus(160)</ondown>
	<ondown>Skin.SetBool(coverzoom)</ondown>
	<orientation>horizontal</orientation>
	<scrolltime>400</scrolltime>
	<focusposition>2</focusposition>
	<itemlayout height="255" width="372">
	<control type="image">
	<left>0</left>
	<top>8</top>
	<width>270</width>
	<height>270</height>
	<aligny>center</aligny>
	<align>left</align>
	<aspectratio>scale</aspectratio>
	<texture fallback="DefaultAudioCover.png" background="true">$INFO[ListItem.Icon]</texture>
	<bordertexture border="-2">black.png</bordertexture>
	<colordiffuse>FF909090</colordiffuse>
	</control>
	</itemlayout>
	<focusedlayout height="255" width="372">
	<control type="image">
	<left>0</left>
	<top>8</top>
	<width>270</width>
	<height>270</height>
	<aligny>center</aligny>
	<align>left</align>
	<aspectratio>scale</aspectratio>
	<texture fallback="DefaultAudioCover.png" background="true">$INFO[ListItem.Icon]</texture>
	<bordertexture border="-2">black.png</bordertexture>
	<colordiffuse>FF909090</colordiffuse>
	<include>Animation_Fade</include>
	<visible>!Control.HasFocus(10010)</visible>
	</control>
	<control type="image">
	<left>0</left>
	<top>8</top>
	<width>270</width>
	<height>270</height>
	<aligny>center</aligny>
	<align>left</align>
	<aspectratio>scale</aspectratio>
	<texture fallback="DefaultAudioCover.png" background="true">$INFO[ListItem.Icon]</texture>
	<bordertexture border="-2">grey.png</bordertexture>
	<include>Animation_Fade</include>
	<visible>Control.HasFocus(10010)</visible>
	</control>
	</focusedlayout>
	<include condition="Player.HasAudio + system.hasaddon(script.artistslideshow)">AlbumContent</include>
	</control>
	</control>
	<!-- Menu bar -->
	<control type="group">	
	<left>0</left>
	<top>698</top>
	<control type="image">
	<left>0</left>
	<top>-45</top>
	<width>1920</width>
	<height>45</height>
	<texture>shadow_h.png</texture>
	<colordiffuse>C3FFFFFF</colordiffuse>
	</control>
	<control type="image">
	<left>0</left>
	<top>44</top>
	<width>1920</width>
	<height>45</height>
	<texture flipy="true">shadow_h.png</texture>
	<colordiffuse>C3FFFFFF</colordiffuse>
	</control>
	<control type="image">
	<left>0</left>
	<top>0</top>
	<width>1920</width>
	<height>45</height>
	<texture>darkgrey.png</texture>
	<colordiffuse>$INFO[Skin.String(colortexture)]</colordiffuse>
	<include>Animation_DefaultGlass2</include>
	</control>
	<control type="list" id="149">
	<left>0</left>
	<top>4</top>
	<width>1920</width>
	<height>38</height>
	<ondown>910</ondown>
	<orientation>horizontal</orientation>
	<pagecontrol>-</pagecontrol>
	<scrolltime>300</scrolltime>
	<focusposition>3</focusposition>
	<itemlayout height="38" width="273">
	<control type="image">
	<left>0</left>
	<top>0</top>
	<width>1</width>
	<height>38</height>
	<texture>separator_v.png</texture>
	</control>
	<control type="label">
	<left>15</left>
	<top>0</top>
	<height>38</height>
	<width>243</width>
	<align>center</align>
	<aligny>center</aligny>
	<font>Font_button</font>
	<label>[UPPERCASE]$INFO[ListItem.Label][/UPPERCASE]</label>
	<textcolor>B6FFFFFF</textcolor>
	</control>
	</itemlayout>
	<focusedlayout height="38" width="273">
	<control type="image">
	<left>0</left>
	<top>-2</top>
	<width>273</width>
	<height>40</height>
	<texture>grey.png</texture>
	<visible>Control.Hasfocus(149)</visible>
	</control>
	<control type="image">
	<left>0</left>
	<top>0</top>
	<width>1</width>
	<height>38</height>
	<texture>separator_v.png</texture>
	</control>
	<control type="label">
	<left>15</left>
	<top>0</top>
	<height>38</height>
	<width>243</width>
	<align>center</align>
	<aligny>center</aligny>
	<font>Font_button</font>
	<label>[UPPERCASE]$INFO[ListItem.Label][/UPPERCASE]</label>
	<textcolor>FF101010</textcolor>
	<visible>Control.Hasfocus(149)</visible>
	</control>
	<control type="label">
	<left>15</left>
	<top>0</top>
	<height>38</height>
	<width>243</width>
	<align>center</align>
	<aligny>center</aligny>
	<font>Font_button</font>
	<label>[UPPERCASE]$INFO[ListItem.Label][/UPPERCASE]</label>
	<textcolor>B6FFFFFF</textcolor>
	<visible>!Control.Hasfocus(149)</visible>
	</control>
	</focusedlayout>
	<content>
	<!-- Albums -->
	<item id="1">	
	<label>Albums</label>
	<onclick>Skin.SetString(sextendalbum_list,6010)</onclick>
	<visible>IntegerGreaterThan(Container(6010).NumItems,0)</visible>
	</item>
	<!-- MostLoved Track -->
	<item id="12">	
	<label>MostLoved Track</label>
	<onclick>Skin.SetString(sextendalbum_list,7010)</onclick>
	<visible>IntegerGreaterThan(Container(7010).NumItems,0)</visible>
	</item>
	<!-- Concerts -->
	<item id="2">	
	<label>Concerts</label>
	<onclick>Skin.SetString(sextendalbum_list,8010)</onclick>
	<visible>IntegerGreaterThan(Container(8010).NumItems,0)</visible>
	</item>
	<!-- Similar -->
	<item id="3">	
	<label>Simular</label>
	<onclick>Skin.SetString(sextendalbum_list,5010)</onclick>
	<visible>IntegerGreaterThan(Container(5010).NumItems,0)</visible>
	</item>
	<!-- Youtube -->
	<item id="4">	
	<label>Youtube</label>
	<onclick>Skin.SetString(sextendalbum_list,10010)</onclick>
	<visible>IntegerGreaterThan(Container(10010).NumItems,0)</visible>
	</item>
	<!-- Refresh -->
	<item id="5">	
	<description>Refresh</description>
	<label>31695</label>
	<onclick>SendClick(2001,6)</onclick>
	<visible>!Skin.HasSetting(kioskininfo)</visible>
	</item>
	<!-- Get Thumb -->
	<item id="6">	
	<label>13405</label>
	<onclick>SendClick(2001,10)</onclick>
	<visible>!Skin.HasSetting(kioskininfo)</visible>
	</item>
	<!-- Get Fanart -->
	<item id="7">	
	<label>20413</label>
	<onclick>SendClick(2001,12)</onclick>
	<visible>!Skin.HasSetting(kioskininfo)</visible>
	</item>
	<!-- Artist Info -->
	<item id="8">	
	<label>31885</label>
	<onclick>RunScript(script.extendedinfo,info=extendedactorinfo,name=$INFO[ListItem.Artist])</onclick>
	<visible>System.HasAddon(script.extendedinfo)</visible>
	</item>
	<!-- Artist Zoom -->
	<item id="9">	
	<label>31944</label>
	<onclick>Skin.Reset(coverzoom)</onclick>
	<onclick>Skin.SetBool(artistzoom)</onclick>
	<onclick>SetFocus(160)</onclick>
	</item>
	<!-- Video Clips -->
	<item id="10">	
	<label>31950</label>
	<onclick>Dialog.Close(2001)</onclick>
	<onclick>Skin.SetBool(musictrailers)</onclick>
	<onclick>ActivateWindow(videos,plugin://plugin.video.youtube/kodion/search/query/?q=$INFO[ListItem.Artist],return)</onclick>
	</item>
	<!-- Song Video Clip -->
	<item id="11">	
	<label>31951</label>
	<onclick>Dialog.Close(2001)</onclick>
	<onclick>Skin.SetBool(musictrailers)</onclick>
	<onclick>ActivateWindow(videos,plugin://plugin.video.youtube/kodion/search/query/?q=$INFO[ListItem.Title],return)</onclick>
	</item>
	</content>
	</control>
	</control>
	<control type="button" id="160">
	<include>InvisibleButton</include>
	<onup condition="Skin.HasSetting(artistzoom)">SetFocus(149)</onup>
	<onup condition="Skin.HasSetting(coverzoom)">SetFocus(6010)</onup>
	<ondown condition="Skin.HasSetting(artistzoom)">SetFocus(149)</ondown>
	<ondown condition="Skin.HasSetting(coverzoom)">SetFocus(6010)</ondown>
	<onleft condition="Skin.HasSetting(artistzoom)">SetFocus(149)</onleft>
	<onleft condition="Skin.HasSetting(coverzoom)">SetFocus(6010)</onleft>
	<onright condition="Skin.HasSetting(artistzoom)">SetFocus(149)</onright>
	<onright condition="Skin.HasSetting(coverzoom)">SetFocus(6010)</onright>
	</control>
	<control type="image">
	<left>0</left>
	<top>0</top>
	<width>1920</width>
	<height>1080</height>
	<texture>darkgrey.png</texture>
	<animation effect="fade" start="0" end="100" time="200">Visible</animation>
	<animation effect="fade" start="100" end="0" time="400">Hidden</animation>
	<visible>Control.HasFocus(160)</visible>
	</control>
	<control type="image">
	<left>0</left>
	<top>0</top>
	<width>1920</width>
	<height>1080</height>
	<texture>special://skin/backgrounds/extras/default.jpg</texture>
	<animation effect="fade" start="0" end="100" time="200">Visible</animation>
	<animation effect="fade" start="100" end="0" time="400">Hidden</animation>
	<visible>Control.HasFocus(160)</visible>
	</control>
	<control type="group">
	<left>-1920</left>
	<top>22</top>
	<animation effect="slide" start="0,0" end="1920,0" time="400" tween="cubic" easing="inout" condition="Control.HasFocus(160)">Conditional</animation>
	<animation effect="slide" start="0,0" end="0,-38" time="600" delay="1000" tween="cubic" easing="inout" condition="Control.HasFocus(160)">Conditional</animation>
	<control type="image">
	<description>Cover image</description>
	<left>52</left>
	<top>48</top>
	<width>1920</width>
	<height>960</height>
	<aspectratio>keep</aspectratio>
	<texture diffuse="thumb_cdcover_mask.png" background="true">$INFO[Container(6010).ListItem.Icon]</texture>
	<visible>Skin.HasSetting(coverzoom)</visible>
	</control>
	<!-- Thumb -->
	<control type="image">	
	<left>52</left>
	<top>48</top>
	<width>1800</width>
	<height>960</height>
	<aspectratio align="center">keep</aspectratio>
	<texture background="true">$INFO[Listitem.Icon]</texture>
	<visible>!IsEmpty(ListItem.Thumb) + Skin.HasSetting(artistzoom)</visible>
	</control>
	<!-- Artist -->
	<control type="multiimage">	
	<left>52</left>
	<top>48</top>
	<width>1800</width>
	<height>960</height>
	<timeperimage>5000</timeperimage>
	<randomize>true</randomize>
	<fadetime>FanartCrossFadeTime</fadetime>
	<aspectratio align="center">keep</aspectratio>
	<imagepath fallback="DefaultAudioCover.png" background="true">$INFO[Window(Visualisation).Property(ArtistSlideshow)]</imagepath>
	<visible>IsEmpty(ListItem.Thumb) + Skin.HasSetting(artistzoom)</visible>
	</control>
	</control>
	<control type="group">
	<visible>Control.HasFocus(160)</visible>
	<animation effect="slide" start="0,0" end="0,-120" time="600" delay="1000" tween="cubic" easing="inout" condition="Control.HasFocus(160)">Conditional</animation>
	<control type="image">
	<left>0</left>
	<top>1140</top>
	<height>60</height>
	<width>1920</width>
	<texture>darkgrey.png</texture>
	<colordiffuse>$INFO[Skin.String(colortexture)]</colordiffuse>
	<include>Animation_DefaultGlass2</include>
	</control>
	<control type="label">
	<left>0</left>
	<top>1140</top>
	<height>60</height>
	<width>1920</width>
	<align>center</align>
	<aligny>center</aligny>
	<label>$VAR[value_audioinfo_zoomlabel]</label>
	<font>Font_list</font>
	<textcolor>FFFFFAF0</textcolor>
	<scroll>true</scroll>
	<scrollout>false</scrollout>
	</control>
	<control type="image">
	<left>0</left>
	<top>1140</top>
	<height>60</height>
	<width>1920</width>
	<texture>gradient_small.png</texture>
	</control>
	</control>
	<include>BGBlack</include>
	</control>
	</controls>
</window>