<?xml version="1.0" encoding="UTF-8"?>
<window>
	<!-- Aeon MQ 7 -->
	<defaultcontrol>50</defaultcontrol>
	<onunload condition="Skin.HasSetting(kioskcode)">Skin.Reset($INFO[skin.string(custom_code)])</onunload>
	<views>50</views>
	<controls>
	<!-- Fanart -->
	<control type="multiimage">	
	<include>WindowBG</include>
	<imagepath background="true">$VAR[value_menutheme_livetv]</imagepath>
	</control>
	<!-- Visualizacao de fundo -->
	<control type="group">	
	<animation effect="fade" reversible="true" time="300">VisibleChange</animation>
	<control type="image">
	<left>0</left>
	<top>0</top>
	<width>1920</width>
	<height>1080</height>
	<texture>black.png</texture>
	<colordiffuse>C3FFFFFF</colordiffuse>
	<include>Animation_Fade</include>
	<visible>Player.HasMedia</visible>
	</control>
	<control type="videowindow">
	<left>0</left>
	<top>0</top>
	<width>1920</width>
	<height>1080</height>
	<visible>Player.HasVideo</visible>
	<animation effect="slide" start="0,0" end="-3000,0" time="0">WindowClose</animation>
	</control>
	<control type="visualisation">
	<left>0</left>
	<top>0</top>
	<width>1920</width>
	<height>1080</height>
	<visible>Player.HasAudio</visible>
	<animation effect="slide" start="0,0" end="-3000,0" time="0">WindowClose</animation>
	</control>
	</control>
	<!-- default group -->
	<control type="group">	
	<include>Animation_Window</include>
	<visible>![Window.IsActive(PVRGuideInfo) | Window.IsActive(PVRRecordingInfo) | Window.IsActive(PVRGuideSearch) | Window.IsActive(PVRTimerSetting)]</visible>
	<!-- to menu/kiosk condition -->
	<control type="button" id="9900">	
	<include>InvisibleButton</include>
	<onfocus condition="![Skin.HasSetting(kiosk) | Skin.HasSetting(kiosksmart) + !SubString(skin.string(codestep),step3)]">SetFocus(9000)</onfocus>
	<onfocus condition="Skin.HasSetting(kiosksmart) + !SubString(skin.string(codestep),step3)">SetFocus(9100)</onfocus>
	</control>
	<!-- hidden colection/view fanart -->
	<control type="button" id="9920">	
	<include>InvisibleButton</include>
	<onleft>SetFocus(50)</onleft>
	<onright>SetFocus(50)</onright>
	<onup>SetFocus(50)</onup>
	<ondown>SetFocus(50)</ondown>
	</control>
	<!-- Recording/Time -->
	<control type="group">
	<animation effect="slide" start="0,-105" end="0,0" time="500" delay="1000" easing="inout" tween="cubic">WindowOpen</animation>
	<animation effect="slide" start="0,-105" end="0,0" time="500" delay="1000" easing="inout" tween="cubic">Visible</animation>
	<animation effect="slide" start="0,0" end="0,-105" time="300" easing="inout" tween="cubic">WindowClose</animation>
	<animation effect="slide" start="0,0" end="0,-105" time="300" easing="inout" tween="cubic">Hidden</animation>
	<animation effect="slide" start="0,0" end="450,0" time="0" easing="in" tween="cubic" condition="Control.IsVisible(50)">Conditional</animation>
	<visible>[PVR.IsRecording | PVR.HasNonRecordingTimer] + ![Player.HasMedia | Control.HasFocus(9920) | ControlGroup(9000).HasFocus]</visible>
	<control type="image">
	<left>0</left>
	<top>0</top>
	<width>750</width>
	<height>39</height>
	<texture>widgets_panel.png</texture>
	<colordiffuse>$INFO[Skin.String(colortexture)]</colordiffuse>
	<include>Animation_HomeGlass</include>
	</control>
	<control type="image">
	<left>30</left>
	<top>8</top>
	<width>22</width>
	<height>22</height>
	<aspectratio>keep</aspectratio>
	<texture>pvr_hastimer.png</texture>
	<visible>PVR.HasNonRecordingTimer + !PVR.IsRecording</visible>
	</control>
	<control type="image">
	<left>30</left>
	<top>8</top>
	<width>30</width>
	<height>22</height>
	<aspectratio>keep</aspectratio>
	<texture>pvr_isrecording.png</texture>
	<visible>PVR.IsRecording</visible>
	</control>
	<control type="label">
	<left>68</left>
	<top>3</top>
	<width>630</width>
	<height>30</height>
	<align>right</align>
	<aligny>center</aligny>
	<font>Font_plot</font>
	<textcolor>FFFFFAF0</textcolor>
	<label>$VAR[value_pvrstatus]</label>
	<scroll>true</scroll>
	</control>
	</control>
	
	<control type="label" id="29">
	<description>Current Category</description>
	<include>InvisibleButton</include>
	<visible>false</visible>
	</control>
	<control type="label" id="30">
	<description>Current Sub Category</description>
	<include>InvisibleButton</include>
	<visible>false</visible>
	</control>
	
	<!-- Barra do rodape -->
	<control type="group">	
	<animation effect="slide" start="0,450" end="0,0" time="500" tween="sine" easing="out">WindowOpen</animation>
	<animation effect="slide" start="0,450" end="0,0" time="500" tween="sine" easing="out">Visible</animation>
	<animation effect="fade" start="100" end="0" time="200">Hidden</animation>
	<animation effect="slide" time="400" start="0,0" end="0,600" easing="in" tween="cubic" condition="Player.HasMedia + System.IdleTime(8) | Control.HasFocus(9920)">Conditional</animation>
	<control type="image">	
	<left>0</left>
	<top>825</top>
	<width>1920</width>
	<height>255</height>
	<texture>shadow_mask.png</texture>
	<colordiffuse>$INFO[Skin.String(colorfloor)]</colordiffuse>
	</control>
	<control type="image">
	<left>0</left>
	<top>1020</top>
	<width>1920</width>
	<height>60</height>
	<texture>gradient_small.png</texture>
	</control>
	<!-- Info rodape -->
	<control type="label">
	<left>30</left>
	<top>1042</top>
	<width>390</width>
	<height>33</height>
	<font>Font_plot</font>
	<align>left</align>
	<textcolor>FFFFFAF0</textcolor>
	<include>Animation_Fade</include>
	<label>[UPPERCASE]$INFO[Control.GetLabel(29)]$INFO[Control.GetLabel(30), | ]$VAR[value_pvrnumitems, | ][/UPPERCASE]</label>
	<scroll>true</scroll>
	<scrollout>false</scrollout>
	<animation effect="slide" start="0,0" end="-480,0" time="300" easing="out" tween="cubic" condition="Player.HasVideo + System.IdleTime(8) | Control.HasFocus(9920)">Conditional</animation>
	</control>
	</control>
	
	<!--############################################################################ VISTAS ############################################################################-->
	<control type="group">	
	<top>45</top>
	<include>Animation_HiddenView</include>
	<!-- 50 -->
	<include>ViewRightListTV</include>
	</control>
	<include>ScrollLabel</include>
	<include condition="Skin.HasSetting(videoinfobar)">MultiData</include>
	<include>TopMenu_PVR</include>
	<include>BGBlack</include>
	<include>TouchScreen</include>
	</control>
	</controls>
	</window>