<?xml version="1.0" encoding="UTF-8"?>
<window>
	<!-- Aeon MQ 7 -->
	<defaultcontrol always="true">10</defaultcontrol>
	<views>10,11,12,13</views>
	<!--<onload>SetFocus(9200)</onload>-->
	<onunload condition="Skin.HasSetting(kioskcode)">Skin.Reset($INFO[skin.string(custom_code)])</onunload>
	<controls>
	<control type="multiimage">
	<!-- Fanart -->
	<include>WindowBG</include>
	<imagepath background="true">$VAR[value_menutheme_livetv]</imagepath>
	</control>
	<control type="group">
	<!-- Visualizacao de fundo -->
	<animation effect="fade" reversible="true" time="300">VisibleChange</animation>
	<control type="image">
	<left>0</left>
	<top>0</top>
	<width>1920</width>
	<height>1080</height>
	<texture>black.png</texture>
	<colordiffuse>C3FFFFFF</colordiffuse>
	<include>Animation_Fade</include>
	<visible>Player.HasMedia</visible>
	</control>
	<control type="videowindow">
	<left>0</left>
	<top>0</top>
	<width>1920</width>
	<height>1080</height>
	<visible>Player.HasVideo</visible>
	<animation effect="slide" start="0,0" end="-3000,0" time="0">WindowClose</animation>
	</control>
	<control type="visualisation">
	<left>0</left>
	<top>0</top>
	<width>1920</width>
	<height>1080</height>
	<visible>Player.HasAudio</visible>
	<animation effect="slide" start="0,0" end="-3000,0" time="0">WindowClose</animation>
	</control>
	</control>
	<control type="group">
	<!-- default group -->
	<include>Animation_Window</include>
	<visible>![Window.IsActive(PVRGuideInfo) | Window.IsActive(PVRRecordingInfo) | Window.IsActive(PVRGuideSearch) | Window.IsActive(PVRTimerSetting)]</visible>
	<control type="button" id="9900">
	<!-- to menu/kiosk condition -->
	<include>InvisibleButton</include>
	<onfocus condition="![Skin.HasSetting(kiosk) | Skin.HasSetting(kiosksmart) + !SubString(skin.string(codestep),step3)]">SetFocus(9000)</onfocus>
	<onfocus condition="Skin.HasSetting(kiosksmart) + !SubString(skin.string(codestep),step3)">SetFocus(9100)</onfocus>
	</control>
	<control type="button" id="9920">
	<!-- hidden colection/view fanart -->
	<include>InvisibleButton</include>
	<onleft>SetFocus(50)</onleft>
	<onright>SetFocus(50)</onright>
	<onup>SetFocus(50)</onup>
	<ondown>SetFocus(50)</ondown>
	</control>
	<!-- Recording/Time -->
	<control type="group">
	<animation effect="slide" start="0,-105" end="0,0" time="500" delay="1000" easing="inout" tween="cubic">WindowOpen</animation>
	<animation effect="slide" start="0,-105" end="0,0" time="500" delay="1000" easing="inout" tween="cubic">Visible</animation>
	<animation effect="slide" start="0,0" end="0,-105" time="300" easing="inout" tween="cubic">WindowClose</animation>
	<animation effect="slide" start="0,0" end="0,-105" time="300" easing="inout" tween="cubic">Hidden</animation>
	<animation effect="slide" start="0,0" end="450,0" time="0" easing="in" tween="cubic" condition="Control.IsVisible(11) | Control.IsVisible(12)">Conditional</animation>
	<visible>[PVR.IsRecording | PVR.HasNonRecordingTimer] + ![Player.HasMedia | Control.HasFocus(9920) | ControlGroup(9000).HasFocus]</visible>
	<control type="image">
	<left>0</left>
	<top>0</top>
	<width>750</width>
	<height>39</height>
	<texture>widgets_panel.png</texture>
	<colordiffuse>$INFO[Skin.String(colortexture)]</colordiffuse>
	<include>Animation_HomeGlass</include>
	</control>
	<control type="image">
	<left>30</left>
	<top>8</top>
	<width>22</width>
	<height>22</height>
	<aspectratio>keep</aspectratio>
	<texture>pvr_hastimer.png</texture>
	<visible>PVR.HasNonRecordingTimer + !PVR.IsRecording</visible>
	</control>
	<control type="image">
	<left>30</left>
	<top>8</top>
	<width>30</width>
	<height>22</height>
	<aspectratio>keep</aspectratio>
	<texture>pvr_isrecording.png</texture>
	<visible>PVR.IsRecording</visible>
	</control>
	<control type="label">
	<left>68</left>
	<top>3</top>
	<width>630</width>
	<height>30</height>
	<align>right</align>
	<aligny>center</aligny>
	<font>Font_plot</font>
	<textcolor>FFFFFAF0</textcolor>
	<label>$VAR[value_pvrstatus]</label>
	<scroll>true</scroll>
	</control>
	</control>
	<control type="label" id="29">
	<description>Current Category</description>
	<include>InvisibleButton</include>
	<visible>false</visible>
	</control>
	<control type="label" id="30">
	<description>Current Sub Category</description>
	<include>InvisibleButton</include>
	<visible>false</visible>
	</control>
	<!-- ViewTypes -->
	<control type="group" id="50">
	<include>ViewEPGTimeline</include>
	<!-- 10 -->
	<include>ViewLiveTVGuideNow</include>
	<!-- 11 -->
	<include>ViewLiveTVGuideNext</include>
	<!-- 12 -->
	<include>ViewLiveTVGuideChannel</include>
	<!-- 13 -->
	</control>
	<!-- Furniture -->
	<include>TopMenu_PVR</include>
	<include>BGBlack</include>
	<include>TouchScreen</include>
	</control>
	</controls>
</window>