<?xml version="1.0" encoding="UTF-8"?>
<includes>
	<!-- Aeon MQ 7 -->
	<!--##################################################################################   VISTA WIDE ID 50   #############################################################################-->
	<include name="ViewWideGames">
	<control type="group">
	<visible>Control.IsVisible(50)</visible>
	<control type="group">
	<animation effect="slide" time="500" start="-1200,0" end="0,0" tween="cubic" easing="out">WindowOpen</animation>
	<animation effect="slide" time="500" start="-1200,0" end="0,0" tween="cubic" easing="out">Visible</animation>
	<animation effect="fade" time="200" start="100" end="0">Hidden</animation>
	<control type="image">
	<left>0</left>
	<top>54</top>
	<width>960</width>
	<height>45</height>
	<texture>shadow_h.png</texture>
	<colordiffuse>C3FFFFFF</colordiffuse>
	</control>
	<control type="image">
	<left>0</left>
	<top>975</top>
	<width>1920</width>
	<height>45</height>
	<texture flipy="true">shadow_h.png</texture>
	<colordiffuse>C3FFFFFF</colordiffuse>
	</control>
	<control type="image">
	<left>0</left>
	<top>98</top>
	<width>960</width>
	<height>878</height>
	<texture>darkgrey.png</texture>
	<colordiffuse>$INFO[Skin.String(colortexture)]</colordiffuse>
	<animation effect="fade" end="95" condition="true">Conditional</animation>
	</control>
	<control type="button" id="562">
	<include>InvisibleButton</include>
	<onright>9920</onright>
	<onleft>50</onleft>
	<onup>50</onup>
	<ondown>50</ondown>
	</control>
	<control type="list" id="50">
	<viewtype label="31813">list</viewtype>
	<left>0</left>
	<top>98</top>
	<width>960</width>
	<height>876</height>
	<pagecontrol>61</pagecontrol>
	<onleft>61</onleft>
	<onright>562</onright>
	<orientation>vertical</orientation>
	<scrolltime>450</scrolltime>
	<preloaditems>2</preloaditems>
	<itemlayout height="60" width="960">
	<control type="image">
	<left>0</left>
	<top>0</top>
	<width>1108</width>
	<height>1</height>
	<texture>line.png</texture>
	</control>
	<control type="label">
	<left>68</left>
	<top>-2</top>
	<width>660</width>
	<height>60</height>
	<font>Font_list</font>
	<aligny>center</aligny>
	<include>listcolor</include>
	<label>$INFO[ListItem.Label]</label>
	</control>
	<control type="image">
	<left>878</left>
	<top>3</top>
	<width>56</width>
	<height>56</height>
	<texture>star.png</texture>
	<colordiffuse>$INFO[Skin.String(colorwatched)]</colordiffuse>
	<visible>!IsEmpty(ListItem.Property(isfavorite))</visible>
	</control>
	</itemlayout>
	<focusedlayout height="94" width="960">
	<control type="button">
	<include>InvisibleButton</include>
	<animation effect="fade" start="100" end="100" time="0" delay="0" condition="SubString(skin.string(gamevideo_seconds),0)">Focus</animation>
	<animation effect="fade" start="100" end="100" time="0" delay="1000" condition="SubString(skin.string(gamevideo_seconds),1)">Focus</animation>
	<animation effect="fade" start="100" end="100" time="0" delay="2000" condition="SubString(skin.string(gamevideo_seconds),2)">Focus</animation>
	<animation effect="fade" start="100" end="100" time="0" delay="3000" condition="SubString(skin.string(gamevideo_seconds),3)">Focus</animation>
	<animation effect="fade" start="100" end="100" time="0" delay="4000" condition="SubString(skin.string(gamevideo_seconds),4)">Focus</animation>
	<animation effect="fade" start="100" end="100" time="0" delay="5000" condition="SubString(skin.string(gamevideo_seconds),5)">Focus</animation>
	<onfocus condition="!Skin.HasSetting(fullscreengamevideo)">PlayMedia($ESCINFO[ListItem.Property(gameplaymain)],1)</onfocus>
	<onfocus condition="Skin.HasSetting(fullscreengamevideo)">PlayMedia($ESCINFO[ListItem.Property(gameplaymain)])</onfocus>
	<visible>![IsEmpty(ListItem.Property(autoplayvideomain)) | IsEmpty(ListItem.Property(gameplaymain))]</visible>
	</control>
	<control type="image">
	<left>0</left>
	<top>0</top>
	<width>960</width>
	<height>94</height>
	<texture>grey.png</texture>
	<animation effect="fade" start="100" end="50" time="0" condition="!Control.Hasfocus(50)">conditional</animation>
	</control>
	<control type="label">
	<left>68</left>
	<top>0</top>
	<width>660</width>
	<height>62</height>
	<font>Font_list</font>
	<aligny>center</aligny>
	<include>listcolorfocus</include>
	<label>$INFO[ListItem.Label]</label>
	</control>
	<control type="fadelabel">
	<left>68</left>
	<top>56</top>
	<width>660</width>
	<height>24</height>
	<font>Font_plot</font>
	<align>left</align>
	<aligny>center</aligny>
	<include>subcolorfocus</include>
	<label>[COLOR=$INFO[Skin.String(colorheader)]]$LOCALIZE[31770]: [/COLOR]$INFO[ListItem.Property(console)] - [COLOR=$INFO[Skin.String(colorheader)]]$LOCALIZE[515]: [/COLOR]$INFO[ListItem.Property(genre)]</label>
	<visible>!StringCompare(ListItem.Label,..)</visible>
	</control>
	<control type="image">
	<left>878</left>
	<top>18</top>
	<width>56</width>
	<height>56</height>
	<texture>star.png</texture>
	<colordiffuse>$INFO[Skin.String(colorwatched)]</colordiffuse>
	<visible>!IsEmpty(ListItem.Property(isfavorite))</visible>
	</control>
	<control type="group">
	<visible>SubString(skin.string(games_video),trigger)</visible>
	<control type="button">
	<include>InvisibleButton</include>
	<animation effect="fade" start="100" end="100" time="150" delay="500" condition="true">Focus</animation>
	<onfocus>PlayMedia($ESCINFO[ListItem.Property(gameplaymain)],1)</onfocus>
	<visible>!IsEmpty(ListItem.Property(autoplayvideomain)) + !IsEmpty(ListItem.Property(gameplaymain))</visible>
	</control>
	</control>
	</focusedlayout>
	</control>
	<control type="scrollbar" id="61">
	<include>ScrollBar_Vertical</include>
	<left>8</left>
	<top>102</top>
	<height>870</height>
	<onleft>9900</onleft>
	<onright>51</onright>
	<include>Animation_Fade</include>
	<visible allowhiddenfocus="true">Control.IsVisible(50) + Control.HasFocus(61)</visible>
	</control>
	</control>
	<control type="group">
	<!-- Grupo da direita -->
	<left>960</left>
	<top>0</top>
	<animation effect="slide" time="1000" start="900,0" end="0,0" tween="cubic" easing="out">WindowOpen</animation>
	<animation effect="slide" time="1000" start="900,0" end="0,0" tween="cubic" easing="out">Visible</animation>
	<animation effect="fade" time="400" start="100" end="0">Hidden</animation>
	<visible>Control.IsVisible(50)</visible>
	<control type="image">
	<left>-44</left>
	<top>-105</top>
	<width>45</width>
	<height>1080</height>
	<texture flipx="true">shadow.png</texture>
	<colordiffuse>C3FFFFFF</colordiffuse>
	</control>
	<control type="image">
	<left>0</left>
	<top>-105</top>
	<width>960</width>
	<height>1080</height>
	<texture>darkgrey.png</texture>
	<colordiffuse>$INFO[Skin.String(colortexture)]</colordiffuse>
	<animation effect="fade" end="85" condition="true">Conditional</animation>
	</control>
	<control type="image">
	<left>0</left>
	<top>594</top>
	<width>960</width>
	<height>381</height>
	<texture>darkgrey.png</texture>
	<colordiffuse>$INFO[Skin.String(colortexture)]</colordiffuse>
	<animation effect="fade" end="85" condition="true">Conditional</animation>
	<include>Animation_Fade</include>
	<visible>!Control.HasFocus(562)</visible>
	</control>
	<control type="image">
	<left>0</left>
	<top>-105</top>
	<width>960</width>
	<height>1080</height>
	<texture>black.png</texture>
	<colordiffuse>75FFFFFF</colordiffuse>
	<include>Animation_Fade</include>
	<visible>Control.HasFocus(562)</visible>
	</control>
	<control type="group">
	<!-- Grupo das artes -->
	<animation effect="slide" start="0,0" end="1050,0" time="400" easing="inout" tween="cubic" condition="Control.HasFocus(562) | Control.HasFocus(9920)">Conditional</animation>
	<include>Animation_Fade</include>
	<control type="image">
	<!-- miniatura reflexo -->
	<left>30</left>
	<top>602</top>
	<width>900</width>
	<height>550</height>
	<fadetime>FanartCrossFadeTime</fadetime>
	<aspectratio align="center" aligny="top">keep</aspectratio>
	<texture fallback="DefaultGame.png" flipy="true" diffuse="thumb_reflect.png" background="true">$INFO[ListItem.ActualIcon]</texture>
	<bordertexture flipy="true" diffuse="thumb_reflect.png" border="-2">black.png</bordertexture>
	</control>
	<control type="image">
	<!-- miniatura -->
	<left>30</left>
	<top>45</top>
	<width>900</width>
	<height>550</height>
	<fadetime>FanartCrossFadeTime</fadetime>
	<aspectratio align="center" aligny="bottom">keep</aspectratio>
	<texture fallback="DefaultGame.png" background="true">$INFO[ListItem.ActualIcon]</texture>
	<bordertexture flipy="true" border="-2">black.png</bordertexture>
	</control>
	<control type="image">
	<!-- gameinfobig -->
	<left>30</left>
	<top>602</top>
	<width>900</width>
	<height>550</height>
	<fadetime>FanartCrossFadeTime</fadetime>
	<aspectratio align="center" aligny="top">keep</aspectratio>
	<texture fallback="DefaultGame.png" flipy="true" diffuse="thumb_reflect.png" background="true">$INFO[ListItem.Property(gameinfobig)]</texture>
	<bordertexture flipy="true" diffuse="thumb_reflect.png" border="-2">black.png</bordertexture>
	<visible>![Player.HasVideo | IsEmpty(ListItem.Property(gameplaymain))]</visible>
	</control>
	<control type="image" id="2001">
	<!-- gameinfobig -->
	<left>30</left>
	<top>45</top>
	<width>900</width>
	<height>550</height>
	<fadetime>FanartCrossFadeTime</fadetime>
	<aspectratio align="center" aligny="bottom">keep</aspectratio>
	<texture fallback="DefaultGame.png" background="true">$INFO[ListItem.Property(gameinfobig)]</texture>
	<bordertexture border="-2">black.png</bordertexture>
	<visible>![Player.HasVideo | IsEmpty(ListItem.Property(gameplaymain))]</visible>
	</control>
	<control type="videowindow" id="2301">
	<!-- videowindowbig -->
	<left>30</left>
	<top>45</top>
	<width>900</width>
	<height>550</height>
	<animation effect="slide" start="0,0" end="-3000,0" time="0">WindowClose</animation>
	<visible>![IsEmpty(ListItem.Property(videosizebig)) | Skin.HasSetting(trailerplay)]</visible>
	</control>
	<control type="button">
	<!-- click absorber -->
	<left>30</left>
	<top>45</top>
	<width>900</width>
	<height>550</height>
	<texturefocus></texturefocus>
	<texturenofocus></texturenofocus>
	<visible>!IsEmpty(ListItem.Property(videosizebig))</visible>
	</control>
	<control type="image" id="2401">
	<!-- gameinfoupperleft -->
	<left>30</left>
	<top>45</top>
	<width>450</width>
	<height>274</height>
	<fadetime>FanartCrossFadeTime</fadetime>
	<aspectratio align="center" aligny="top">keep</aspectratio>
	<texture background="true">$INFO[ListItem.Property(gameinfoupperleft)]</texture>
	<bordertexture border="-2">black.png</bordertexture>
	</control>
	<control type="image" id="2501">
	<!-- gameinfoupperright -->
	<left>442</left>
	<top>45</top>
	<width>450</width>
	<height>274</height>
	<fadetime>FanartCrossFadeTime</fadetime>
	<aspectratio align="center" aligny="top">keep</aspectratio>
	<texture background="true">$INFO[ListItem.Property(gameinfoupperright)]</texture>
	<bordertexture border="-2">black.png</bordertexture>
	</control>
	<control type="image" id="2601">
	<!-- gameinfolowerleft -->
	<left>30</left>
	<top>322</top>
	<width>450</width>
	<height>274</height>
	<fadetime>FanartCrossFadeTime</fadetime>
	<aspectratio align="center" aligny="bottom">keep</aspectratio>
	<texture background="true">$INFO[ListItem.Property(gameinfolowerleft)]</texture>
	<bordertexture border="-2">black.png</bordertexture>
	</control>
	<control type="image" id="2701">
	<!-- gameinfolowerright -->
	<left>442</left>
	<top>322</top>
	<width>450</width>
	<height>274</height>
	<fadetime>FanartCrossFadeTime</fadetime>
	<aspectratio align="center" aligny="bottom">keep</aspectratio>
	<texture background="true">$INFO[ListItem.Property(gameinfolowerright)]</texture>
	<bordertexture border="-2">black.png</bordertexture>
	<visible>!Player.HasVideo</visible>
	</control>
	<control type="image" id="2711">
	<!-- gameinfoupper -->
	<left>38</left>
	<top>90</top>
	<width>807</width>
	<height>218</height>
	<texture background="true">$INFO[ListItem.Property(gameinfoupper)]</texture>
	<aspectratio>keep</aspectratio>
	<fadetime>FanartCrossfadeTime</fadetime>
	</control>
	<control type="image" id="2721">
	<!-- gameinfolower -->
	<left>38</left>
	<top>310</top>
	<width>807</width>
	<height>218</height>
	<texture background="true">$INFO[ListItem.Property(gameinfolower)]</texture>
	<aspectratio>keep</aspectratio>
	<fadetime>FanartCrossfadeTime</fadetime>
	</control>
	<control type="image" id="2731">
	<!-- gameinfoleft -->
	<left>38</left>
	<top>90</top>
	<width>402</width>
	<height>435</height>
	<texture background="true">$INFO[ListItem.Property(gameinfoleft)]</texture>
	<aspectratio>keep</aspectratio>
	<fadetime>FanartCrossfadeTime</fadetime>
	</control>
	<control type="image" id="2741">
	<!-- gameinforight -->
	<left>442</left>
	<top>90</top>
	<width>402</width>
	<height>435</height>
	<texture background="true">$INFO[ListItem.Property(gameinforight)]</texture>
	<aspectratio>keep</aspectratio>
	<fadetime>FanartCrossfadeTime</fadetime>
	</control>
	<control type="videowindow" id="2801">
	<!-- videowindowsmall -->
	<left>442</left>
	<top>310</top>
	<width>402</width>
	<height>218</height>
	<animation effect="slide" start="0,0" end="-3000,0" time="0">WindowClose</animation>
	<visible>![IsEmpty(ListItem.Property(videosizesmall)) | Skin.HasSetting(trailerplay)]</visible>
	</control>
	<control type="button">
	<!-- video absorber -->
	<left>404</left>
	<top>310</top>
	<width>402</width>
	<height>218</height>
	<texturefocus></texturefocus>
	<texturenofocus></texturenofocus>
	<visible>!IsEmpty(ListItem.Property(videosizesmall))</visible>
	</control>
	</control>
	</control>
	<control type="textbox" id="2101">
	<left>990</left>
	<top>615</top>
	<width>900</width>
	<height>352</height>
	<font>Font_plot</font>
	<label>$INFO[ListItem.Property(plot)]</label>
	<autoscroll delay="15000" time="2000" repeat="15000">!Skin.HasSetting(noallowscroll)</autoscroll>
	<include>Animation_Fade</include>
	<visible>!Control.HasFocus(562)</visible>
	</control>
	<control type="textbox" id="2101">
	<left>990</left>
	<top>440</top>
	<width>900</width>
	<height>530</height>
	<font>Font_plot</font>
	<label>$INFO[ListItem.Property(plot)]</label>
	<autoscroll delay="15000" time="2000" repeat="15000">!Skin.HasSetting(noallowscroll)</autoscroll>
	<include>Animation_Fade</include>
	<visible>Control.HasFocus(562)</visible>
	</control>
	<control type="group">
	<top>15</top>
	<animation effect="slide" start="1050,0" end="0,0" time="400" easing="inout" tween="cubic">Visible</animation>
	<animation effect="slide" start="0,0" end="1050,0" time="400" easing="inout" tween="cubic">Hidden</animation>
	<visible>Control.HasFocus(562)</visible>
	<control type="image">
	<left>975</left>
	<top>420</top>
	<height>1</height>
	<width>930</width>
	<texture>line.png</texture>
	</control>
	<control type="label">
	<!-- Year -->
	<include>WideLabel</include>
	<top>0</top>
	<label>$LOCALIZE[345]:</label>
	</control>
	<control type="label">
	<include>WideValue</include>
	<top>0</top>
	<label fallback="416">$INFO[ListItem.Property(year)]</label>
	</control>
	<control type="label">
	<!-- Genre -->
	<include>WideLabel</include>
	<top>66</top>
	<label>$LOCALIZE[515]:</label>
	</control>
	<control type="label">
	<include>WideValue</include>
	<top>66</top>
	<label fallback="416">$INFO[ListItem.Property(genre)]</label>
	</control>
	<control type="label">
	<!-- Publisher -->
	<include>WideLabel</include>
	<top>132</top>
	<label>$LOCALIZE[31771]:</label>
	</control>
	<control type="label">
	<include>WideValue</include>
	<top>132</top>
	<label fallback="416">$INFO[ListItem.Property(publisher)]</label>
	</control>
	<control type="label">
	<!-- Developer -->
	<include>WideLabel</include>
	<top>198</top>
	<label>$LOCALIZE[31788]:</label>
	</control>
	<control type="label">
	<include>WideValue</include>
	<top>198</top>
	<label fallback="416">$INFO[ListItem.Property(developer)]</label>
	</control>
	<control type="label">
	<!-- Players -->
	<include>WideLabel</include>
	<top>264</top>
	<label>$LOCALIZE[31773]:</label>
	</control>
	<control type="label">
	<include>WideValue</include>
	<top>264</top>
	<label fallback="416">$INFO[ListItem.Property(maxplayers)]</label>
	</control>
	<control type="label">
	<!-- Play count -->
	<include>WideLabel</include>
	<top>330</top>
	<label>$ADDON[script.games.rom.collection.browser 54005]:</label>
	</control>
	<control type="label">
	<include>WideValue</include>
	<top>330</top>
	<label fallback="416">$INFO[ListItem.Property(playcount)]</label>
	</control>
	</control>
	</control>
	</include>
	<!--##################################################################################   VISTA POSTER - ID 51   #############################################################################-->
	<include name="PosterGamesFixedList">
	<control type="fixedlist" id="51">
	<include>PosterGames_Content</include>
	</control>
	</include>
	<include name="PosterGamesWrapList">
	<control type="wraplist" id="51">
	<include>PosterGames_Content</include>
	</control>
	</include>
	<include name="PosterGames_Content">
	<viewtype label="31808">list</viewtype>
	<left>-132</left>
	<top>180</top>
	<width>2130</width>
	<height>600</height>
	<onleft>51</onleft>
	<onright>51</onright>
	<onup>9900</onup>
	<ondown>80</ondown>
	<orientation>horizontal</orientation>
	<focusposition>2</focusposition>
	<scrolltime>400</scrolltime>
	<preloaditems>2</preloaditems>
	<pagecontrol>80</pagecontrol>
	<itemlayout width="447" height="540">
	<control type="image">
	<left>0</left>
	<top>9</top>
	<width>390</width>
	<height>525</height>
	<aspectratio align="center" aligny="bottom">keep</aspectratio>
	<bordertexture border="-2">black.png</bordertexture>
	<texture fallback="DefaultGame.png" background="true">$INFO[ListItem.ActualIcon]</texture>
	</control>
	<control type="image">
	<left>318</left>
	<top>472</top>
	<width>60</width>
	<height>60</height>
	<texture>star.png</texture>
	<colordiffuse>$INFO[Skin.String(colorwatched)]</colordiffuse>
	<aspectratio align="center" aligny="bottom">keep</aspectratio>
	<visible>!IsEmpty(ListItem.Property(isfavorite))</visible>
	</control>
	</itemlayout>
	<focusedlayout width="447" height="540">
	<control type="image">
	<left>0</left>
	<top>9</top>
	<width>390</width>
	<height>525</height>
	<aspectratio align="center" aligny="bottom">keep</aspectratio>
	<texture fallback="DefaultGame.png" background="true">$INFO[ListItem.ActualIcon]</texture>
	<bordertexture border="-2">grey.png</bordertexture>
	<animation reversible="false" effect="zoom" end="120" center="auto" time="200">Focus</animation>
	</control>
	<control type="image">
	<left>318</left>
	<top>472</top>
	<width>60</width>
	<height>60</height>
	<texture>star.png</texture>
	<colordiffuse>$INFO[Skin.String(colorwatched)]</colordiffuse>
	<aspectratio align="center" aligny="bottom">keep</aspectratio>
	<animation reversible="false" effect="slide" start="0,0" end="36,54" center="auto" time="200">Focus</animation>
	<animation reversible="false" effect="zoom" end="120" center="auto" time="200">Focus</animation>
	<visible>!IsEmpty(ListItem.Property(isfavorite))</visible>
	</control>
	</focusedlayout>
	</include>
	<include name="ViewPosterGames">
	<control type="group">
	<!-- default group -->
	<visible>Control.IsVisible(51)</visible>
	<include>ViewBack</include>
	<!-- Fundo -->
	<control type="grouplist">
	<!-- Painel de info -->
	<left>45</left>
	<top>780</top>
	<orientation>vertical</orientation>
	<itemgap>0</itemgap>
	<control type="label">
	<!-- Year -->
	<include>PosterLabel</include>
	<label>$LOCALIZE[345]: [COLOR=FFFFFAF0]$INFO[ListItem.Property(year)][/COLOR]</label>
	</control>
	<control type="label">
	<!-- Genre -->
	<include>PosterLabel</include>
	<label>$LOCALIZE[515]: [COLOR=FFFFFAF0]$INFO[ListItem.Property(genre)][/COLOR]</label>
	</control>
	<control type="label">
	<!-- Publisher -->
	<include>PosterLabel</include>
	<label>$LOCALIZE[31771]: [COLOR=FFFFFAF0]$INFO[ListItem.Property(publisher)][/COLOR]</label>
	</control>
	<control type="label">
	<!-- Developer -->
	<include>PosterLabel</include>
	<label>$LOCALIZE[31788]: [COLOR=FFFFFAF0]$INFO[ListItem.Property(developer)][/COLOR]</label>
	</control>
	<control type="label">
	<!-- Players -->
	<include>PosterLabel</include>
	<label>$LOCALIZE[31773]: [COLOR=FFFFFAF0]$INFO[ListItem.Property(maxplayers)][/COLOR]</label>
	</control>
	<control type="label">
	<!-- Play count -->
	<include>PosterLabel</include>
	<label>$ADDON[script.games.rom.collection.browser 54005]: [COLOR=FFFFFAF0]$INFO[ListItem.Property(playcount)][/COLOR]</label>
	</control>
	</control>
	<control type="textbox" id="2101">
	<left>549</left>
	<top>788</top>
	<width>1328</width>
	<height>165</height>
	<textcolor>FFFFFAF0</textcolor>
	<font>Font_plot</font>
	<label>$INFO[ListItem.Property(plot)]</label>
	<autoscroll delay="15000" time="3000" repeat="15000">!Skin.HasSetting(noallowscroll)</autoscroll>
	</control>
	<include condition="Skin.HasSetting(postergamesfixedlist)">PosterGamesFixedList</include>
	<include condition="!Skin.HasSetting(postergamesfixedlist)">PosterGamesWrapList</include>
	<control type="scrollbar" id="80">
	<include>ScrollBar_Horizontal</include>
	<left>285</left>
	<top>720</top>
	<width>1350</width>
	<onup>51</onup>
	<ondown>9920</ondown>
	<include>Animation_Fade</include>
	<visible allowhiddenfocus="true">Control.IsVisible(51) + Control.HasFocus(80)</visible>
	</control>
	</control>
	</include>
	<!--##################################################################################   VISTA PANEL - ID 52   ##################################################################################-->
	<include name="ViewPanelGames">
	<control type="group">
	<!-- default group -->
	<animation effect="fade" time="400">VisibleChange</animation>
	<include>ViewBack</include>
	<!-- Fundo -->
	<visible>Control.IsVisible(52)</visible>
	<control type="group">
	<animation effect="slide" time="500" start="-1200,0" end="0,0" tween="cubic" easing="out">WindowOpen</animation>
	<animation effect="slide" time="500" start="-1200,0" end="0,0" tween="cubic" easing="out">Visible</animation>
	<animation effect="fade" time="200" start="100" end="0">Hidden</animation>
	<control type="panel" id="52">
	<viewtype label="31818">icon</viewtype>
	<left>758</left>
	<top>165</top>
	<width>1080</width>
	<height>765</height>
	<scrolltime>200</scrolltime>
	<orientation>vertical</orientation>
	<onup>9900</onup>
	<ondown>9920</ondown>
	<onleft>9900</onleft>
	<onright>80</onright>
	<pagecontrol>80</pagecontrol>
	<preloaditems>2</preloaditems>
	<itemlayout width="180" height="255">
	<control type="image">
	<left>12</left>
	<top>9</top>
	<width>150</width>
	<height>212</height>
	<texture fallback="DefaultGame.png" background="true">$INFO[ListItem.ActualIcon]</texture>
	<aspectratio>keep</aspectratio>
	</control>
	<control type="image">
	<left>130</left>
	<top>12</top>
	<width>30</width>
	<height>30</height>
	<texture>star.png</texture>
	<colordiffuse>$INFO[Skin.String(colorwatched)]</colordiffuse>
	<visible>!IsEmpty(ListItem.Property(isfavorite))</visible>
	</control>
	</itemlayout>
	<focusedlayout width="180" height="255">
	<control type="button">
	<include>InvisibleButton</include>
	<animation effect="fade" start="100" end="100" time="150" delay="500" condition="true">Focus</animation>
	<onfocus>PlayMedia($ESCINFO[ListItem.Property(gameplaymain)],1)</onfocus>
	<visible>!IsEmpty(ListItem.Property(autoplayvideomain)) + !IsEmpty(ListItem.Property(gameplaymain))</visible>
	</control>
	<control type="image">
	<left>12</left>
	<top>9</top>
	<width>150</width>
	<height>212</height>
	<texture fallback="DefaultGame.png" background="true">$INFO[ListItem.ActualIcon]</texture>
	<bordertexture border="-2">grey.png</bordertexture>
	<animation type="Focus" reversible="false">
	<effect type="zoom" center="auto" start="80" end="100" time="400" tween="back" easing="out" />
	<effect type="fade" start="80" end="100" time="400" />
	</animation>
	<aspectratio>keep</aspectratio>
	</control>
	<control type="image">
	<left>130</left>
	<top>12</top>
	<width>30</width>
	<height>30</height>
	<texture>star.png</texture>
	<colordiffuse>$INFO[Skin.String(colorwatched)]</colordiffuse>
	<animation type="Focus" reversible="false">
	<effect type="zoom" center="90,90" start="80" end="100" time="400" tween="back" easing="out" />
	<effect type="fade" start="80" end="100" time="400" />
	</animation>
	<visible>!IsEmpty(ListItem.Property(isfavorite))</visible>
	</control>
	</focusedlayout>
	</control>
	</control>
	<!-- Info Panel -->
	<control type="group">
	<animation effect="slide" time="700" start="-1200,0" end="0,0" tween="cubic" easing="out">WindowOpen</animation>
	<animation effect="slide" time="700" start="0,0" end="-1200,0" tween="cubic" easing="out">WindowClose</animation>
	<animation effect="slide" time="700" start="-1200,0" end="0,0" tween="cubic" easing="out">Visible</animation>
	<animation effect="fade" time="200" start="100" end="0">Hidden</animation>
	<visible>Control.IsVisible(52)</visible>
	<left>90</left>
	<top>120</top>
	<control type="image">
	<left>-8</left>
	<top>40</top>
	<width>626</width>
	<height>360</height>
	<texture>fanartframe.png</texture>
	</control>
	<control type="image" id="2001">
	<!-- gameinfobig -->
	<left>15</left>
	<top>63</top>
	<width>580</width>
	<height>315</height>
	<fadetime>FanartCrossFadeTime</fadetime>
	<aspectratio align="center" aligny="bottom">keep</aspectratio>
	<texture fallback="DefaultExtraThumbs.png" background="true">$INFO[ListItem.Property(gameinfobig)]</texture>
	<bordertexture border="-2">black.png</bordertexture>
	<visible>!Player.HasVideo | IsEmpty(ListItem.Property(gameplaymain))</visible>
	</control>
	<control type="videowindow" id="2301">
	<!-- videowindowbig -->
	<left>15</left>
	<top>63</top>
	<width>580</width>
	<height>315</height>
	<animation effect="slide" start="0,0" end="-3000,0" time="0">WindowClose</animation>
	<visible>![IsEmpty(ListItem.Property(videosizebig)) | Skin.HasSetting(trailerplay)]</visible>
	</control>
	<control type="label">
	<left>15</left>
	<top>393</top>
	<width>580</width>
	<height>22</height>
	<textcolor>FFFFFAF0</textcolor>
	<label>[COLOR=$INFO[Skin.String(colorheader)]]$LOCALIZE[345]: [/COLOR] $INFO[ListItem.Property(year)] - [COLOR=$INFO[Skin.String(colorheader)]]$LOCALIZE[515]: [/COLOR] $INFO[ListItem.Property(genre)] - [COLOR=$INFO[Skin.String(colorheader)]]$LOCALIZE[31788]: [/COLOR] $INFO[ListItem.Property(developer)]</label>
	<font>Font_plot</font>
	<scroll>true</scroll>
	<scrollout>false</scrollout>
	<visible>!StringCompare(ListItem.Label,..)</visible>
	</control>
	<control type="textbox">
	<left>15</left>
	<top>435</top>
	<width>580</width>
	<height>380</height>
	<label>$INFO[ListItem.Property(plot)]</label>
	<font>Font_plot</font>
	<autoscroll delay="8000" time="2000" repeat="8000">!Skin.HasSetting(noallowscroll)</autoscroll>
	</control>
	</control>
	<!-- Scroll Bar -->
	<control type="scrollbar" id="80">
	<include>ScrollBar_Vertical</include>
	<left>1845</left>
	<top>166</top>
	<height>706</height>
	<onleft>52</onleft>
	<onright>52</onright>
	<include>Animation_Fade</include>
	<visible allowhiddenfocus="true">Control.IsVisible(52) + Control.HasFocus(80)</visible>
	</control>
	</control>
	</include>
	<!--##################################################################################   VIEW MULTIPLEX - ID 53   #############################################################################-->
	<include name="ViewMultiplexGames">
	<control type="group">
	<!-- default group -->
	<animation effect="fade" time="400">VisibleChange</animation>
	<control type="button" id="9953">
	<include>InvisibleButton</include>
	<onleft>53</onleft>
	<onright>53</onright>
	<onup>9900</onup>
	<ondown>53</ondown>
	</control>
	<visible>Control.IsVisible(53)</visible>
	<control type="group">
	<!-- painel de info fanart layout -->
	<animation effect="slide" start="0,-900" end="0,0" time="500" tween="sine" easing="out">Visible</animation>
	<animation effect="slide" start="0,0" end="0,-900" time="500" tween="sine" easing="out">Hidden</animation>
	<visible>[Control.HasFocus(9953) | StringCompare(skin.string(multiplexgamespanel),alwayson) | StringCompare(skin.string(multiplexgamespanel),auto) + Control.IsVisible(9921) | Window.IsVisible(6621)] + IsEmpty(ListItem.Property(gameinfoupperleft)) + !StringCompare(ListItem.Label,..)</visible>
	<control type="image">
	<left>0</left>
	<top>84</top>
	<width>1920</width>
	<height>45</height>
	<texture>shadow_h.png</texture>
	<colordiffuse>C3FFFFFF</colordiffuse>
	</control>
	<control type="image">
	<left>0</left>
	<top>128</top>
	<width>1920</width>
	<height>795</height>
	<texture flipy="true" diffuse="shadow_mask.png">darkgrey.png</texture>
	<colordiffuse>$INFO[Skin.String(colortexture)]</colordiffuse>
	<animation effect="fade" end="85" condition="true">Conditional</animation>
	</control>
	<control type="grouplist">
	<left>45</left>
	<top>156</top>
	<orientation>vertical</orientation>
	<itemgap>15</itemgap>
	<control type="label">
	<!-- Developer -->
	<include>MultiplexLabel_Fanart</include>
	<label>$LOCALIZE[31788]: [COLOR=FFFFFAF0]$INFO[ListItem.Property(developer)][/COLOR]</label>
	</control>
	<control type="label">
	<!-- Publisher -->
	<include>MultiplexLabel_Fanart</include>
	<label>$LOCALIZE[31771]: [COLOR=FFFFFAF0]$INFO[ListItem.Property(publisher)][/COLOR]</label>
	</control>
	<control type="label">
	<!-- Plataform -->
	<include>MultiplexLabel_Fanart</include>
	<label>$LOCALIZE[31770]: [COLOR=FFFFFAF0]$INFO[ListItem.Property(console)][/COLOR]</label>
	</control>
	<control type="label">
	<!-- Year -->
	<include>MultiplexLabel_Fanart</include>
	<label>$LOCALIZE[31036]: [COLOR=FFFFFAF0]$INFO[ListItem.Property(year)][/COLOR]</label>
	</control>
	<control type="label">
	<!-- Genre -->
	<include>MultiplexLabel_Fanart</include>
	<label>$LOCALIZE[515]: [COLOR=FFFFFAF0]$INFO[ListItem.Property(genre)][/COLOR]</label>
	</control>
	<control type="label">
	<!-- Rating -->
	<include>MultiplexLabel_Fanart</include>
	<label>$LOCALIZE[31983]: [COLOR=FFFFFAF0]$INFO[ListItem.Property(rating)][/COLOR]</label>
	</control>
	<control type="label">
	<!-- Votes -->
	<include>MultiplexLabel_Fanart</include>
	<label>$LOCALIZE[205]: [COLOR=FFFFFAF0]$INFO[ListItem.Property(votes)][/COLOR]</label>
	</control>
	</control>
	<control type="image">
	<left>600</left>
	<top>128</top>
	<width>3</width>
	<height>410</height>
	<texture>separator_v.png</texture>
	</control>
	<control type="image">
	<left>1208</left>
	<top>128</top>
	<width>3</width>
	<height>410</height>
	<texture>separator_v.png</texture>
	</control>
	<control type="textbox">
	<left>634</left>
	<top>156</top>
	<width>540</width>
	<height>352</height>
	<font>Font_plot</font>
	<label>$INFO[ListItem.Property(plot)]</label>
	<autoscroll delay="15000" time="2000" repeat="15000">!Skin.HasSetting(noallowscroll)</autoscroll>
	</control>
	<control type="image">
	<left>0</left>
	<top>537</top>
	<width>1920</width>
	<height>3</height>
	<texture>separator.png</texture>
	</control>
	<control type="image" id="2401">
	<!-- gameinfoupperleft -->
	<left>1185</left>
	<top>159</top>
	<width>375</width>
	<height>176</height>
	<fadetime>FanartCrossFadeTime</fadetime>
	<aspectratio align="center" aligny="top">keep</aspectratio>
	<texture background="true">$INFO[ListItem.Property(gameinfoupperleft)]</texture>
	<bordertexture border="-2">black.png</bordertexture>
	</control>
	<control type="image" id="2501">
	<!-- gameinfoupperright -->
	<left>1560</left>
	<top>159</top>
	<width>375</width>
	<height>176</height>
	<fadetime>FanartCrossFadeTime</fadetime>
	<aspectratio align="center" aligny="top">keep</aspectratio>
	<texture background="true">$INFO[ListItem.Property(gameinfoupperright)]</texture>
	<bordertexture border="-2">black.png</bordertexture>
	</control>
	<control type="image" id="2601">
	<!-- gameinfolowerleft -->
	<left>1185</left>
	<top>334</top>
	<width>375</width>
	<height>176</height>
	<fadetime>FanartCrossFadeTime</fadetime>
	<aspectratio align="center" aligny="bottom">keep</aspectratio>
	<texture background="true">$INFO[ListItem.Property(gameinfolowerleft)]</texture>
	<bordertexture border="-2">black.png</bordertexture>
	</control>
	<control type="image" id="2701">
	<!-- gameinfolowerright -->
	<left>1560</left>
	<top>334</top>
	<width>375</width>
	<height>176</height>
	<fadetime>FanartCrossFadeTime</fadetime>
	<aspectratio align="center" aligny="bottom">keep</aspectratio>
	<texture background="true">$INFO[ListItem.Property(gameinfolowerright)]</texture>
	<bordertexture border="-2">black.png</bordertexture>
	<visible>!Player.HasVideo</visible>
	</control>
	<control type="image" id="2711">
	<!-- gameinfoupper -->
	<left>1185</left>
	<top>159</top>
	<width>750</width>
	<height>176</height>
	<texture background="true">$INFO[ListItem.Property(gameinfoupper)]</texture>
	<aspectratio>keep</aspectratio>
	<fadetime>FanartCrossfadeTime</fadetime>
	</control>
	<control type="image" id="2721">
	<!-- gameinfolower -->
	<left>1185</left>
	<top>310</top>
	<width>750</width>
	<height>176</height>
	<texture background="true">$INFO[ListItem.Property(gameinfolower)]</texture>
	<aspectratio>keep</aspectratio>
	<fadetime>FanartCrossfadeTime</fadetime>
	</control>
	<control type="image" id="2731">
	<!-- gameinfoleft -->
	<left>1185</left>
	<top>159</top>
	<width>375</width>
	<height>435</height>
	<texture background="true">$INFO[ListItem.Property(gameinfoleft)]</texture>
	<aspectratio>keep</aspectratio>
	<fadetime>FanartCrossfadeTime</fadetime>
	</control>
	<control type="image" id="2741">
	<!-- gameinforight -->
	<left>1560</left>
	<top>90</top>
	<width>375</width>
	<height>435</height>
	<texture background="true">$INFO[ListItem.Property(gameinforight)]</texture>
	<aspectratio>keep</aspectratio>
	<fadetime>FanartCrossfadeTime</fadetime>
	</control>
	<control type="videowindow" id="2801">
	<!-- videowindowsmall -->
	<left>1560</left>
	<top>310</top>
	<width>375</width>
	<height>176</height>
	<animation effect="slide" start="0,0" end="-3000,0" time="0">WindowClose</animation>
	<visible>![IsEmpty(ListItem.Property(videosizesmall)) | Skin.HasSetting(trailerplay)]</visible>
	</control>
	<control type="button">
	<!-- video absorber -->
	<left>1560</left>
	<top>310</top>
	<width>375</width>
	<height>176</height>
	<texturefocus></texturefocus>
	<texturenofocus></texturenofocus>
	<visible>!IsEmpty(ListItem.Property(videosizesmall))</visible>
	</control>
	<control type="image" id="2001">
	<!-- mainviewgameinfobig -->
	<left>1185</left>
	<top>159</top>
	<width>750</width>
	<height>352</height>
	<aspectratio>keep</aspectratio>
	<texture background="true">$INFO[ListItem.Property(gameinfobig)]</texture>
	<bordertexture border="-2">black.png</bordertexture>
	<fadetime>FanartCrossFadeTime</fadetime>
	</control>
	<control type="videowindow" id="2301">
	<!-- videowindowbig -->
	<left>1185</left>
	<top>159</top>
	<width>750</width>
	<height>352</height>
	<animation effect="slide" start="0,0" end="-3000,0" time="0">WindowClose</animation>
	<visible>![IsEmpty(ListItem.Property(videosizebig)) | Skin.HasSetting(trailerplay)]</visible>
	</control>
	<control type="button">
	<!-- click absorber -->
	<left>0</left>
	<top>0</top>
	<width>783</width>
	<height>438</height>
	<texturefocus></texturefocus>
	<texturenofocus></texturenofocus>
	<visible>!IsEmpty(ListItem.Property(videosizebig))</visible>
	</control>
	</control>
	<control type="group">
	<!-- painel de info extrathumbs layout -->
	<animation effect="slide" start="0,-900" end="0,0" time="500" tween="sine" easing="out">Visible</animation>
	<animation effect="slide" start="0,0" end="0,-900" time="500" tween="sine" easing="out">Hidden</animation>
	<visible>[Control.HasFocus(9953) | StringCompare(skin.string(multiplexgamespanel),alwayson) | StringCompare(skin.string(multiplexgamespanel),auto) + Control.IsVisible(9921)] + !IsEmpty(ListItem.Property(gameinfoupperleft)) + !StringCompare(ListItem.Label,..)</visible>
	<control type="image">
	<left>0</left>
	<top>84</top>
	<width>1920</width>
	<height>45</height>
	<texture>shadow_h.png</texture>
	<colordiffuse>C3FFFFFF</colordiffuse>
	</control>
	<control type="image">
	<left>0</left>
	<top>128</top>
	<width>1920</width>
	<height>795</height>
	<texture flipy="true" diffuse="shadow_mask.png">darkgrey.png</texture>
	<colordiffuse>$INFO[Skin.String(colortexture)]</colordiffuse>
	<animation effect="fade" end="85" condition="true">Conditional</animation>
	</control>
	<control type="image">
	<!-- Thumb 1 fundo -->
	<left>22</left>
	<top>128</top>
	<width>362</width>
	<height>210</height>
	<aspectratio align="left" aligny="bottom">stretch</aspectratio>
	<texture>fanartframe.png</texture>
	<colordiffuse>$INFO[Skin.String(colortexture)]</colordiffuse>
	</control>
	<control type="image" id="2401">
	<!-- game info upper left -->
	<!-- Thumb 1 -->
	<left>30</left>
	<top>135</top>
	<width>346</width>
	<height>195</height>
	<aspectratio align="center" aligny="bottom">keep</aspectratio>
	<fadetime>FanartCrossFadeTime</fadetime>
	<texture background="true">$INFO[ListItem.Property(gameinfoupperleft)]</texture>
	<bordersize>5</bordersize>
	</control>
	<control type="image" id="2711">
	<!-- game info upper -->
	<left>30</left>
	<top>135</top>
	<width>346</width>
	<height>195</height>
	<aspectratio align="center" aligny="bottom">keep</aspectratio>
	<fadetime>FanartCrossFadeTime</fadetime>
	<texture background="true">$INFO[ListItem.Property(gameinfoupper)]</texture>
	<bordersize>5</bordersize>
	</control>
	<control type="image">
	<!-- Thumb 2 fundo -->
	<left>22</left>
	<top>330</top>
	<width>362</width>
	<height>210</height>
	<aspectratio align="left" aligny="bottom">stretch</aspectratio>
	<texture>fanartframe.png</texture>
	<colordiffuse>$INFO[Skin.String(colortexture)]</colordiffuse>
	</control>
	<control type="image" id="2601">
	<!-- game info lower left -->
	<!-- Thumb 2 -->
	<left>30</left>
	<top>338</top>
	<width>346</width>
	<height>195</height>
	<aspectratio align="center" aligny="bottom">keep</aspectratio>
	<fadetime>FanartCrossFadeTime</fadetime>
	<texture background="true">$INFO[ListItem.Property(gameinfolowerleft)]</texture>
	<bordersize>5</bordersize>
	</control>
	<control type="image" id="2721">
	<!-- main view game info lower -->
	<left>30</left>
	<top>338</top>
	<width>346</width>
	<height>195</height>
	<aspectratio align="center" aligny="bottom">keep</aspectratio>
	<fadetime>FanartCrossFadeTime</fadetime>
	<texture background="true">$INFO[ListItem.Property(gameinfolower)]</texture>
	<bordersize>5</bordersize>
	</control>
	<control type="image">
	<!-- Thumb 3 fundo -->
	<left>1536</left>
	<top>128</top>
	<width>362</width>
	<height>210</height>
	<aspectratio align="left" aligny="bottom">stretch</aspectratio>
	<texture>fanartframe.png</texture>
	<colordiffuse>$INFO[Skin.String(colortexture)]</colordiffuse>
	</control>
	<control type="image" id="2501">
	<!-- Thumb 3 -->
	<left>1544</left>
	<top>135</top>
	<width>346</width>
	<height>195</height>
	<aspectratio align="center" aligny="bottom">keep</aspectratio>
	<fadetime>FanartCrossFadeTime</fadetime>
	<texture background="true">$INFO[ListItem.Property(gameinfoupperright)]</texture>
	<bordersize>5</bordersize>
	</control>
	<control type="image" id="2741">
	<!-- main view game info right -->
	<left>1544</left>
	<top>135</top>
	<width>346</width>
	<height>195</height>
	<aspectratio align="center" aligny="bottom">keep</aspectratio>
	<fadetime>FanartCrossFadeTime</fadetime>
	<texture background="true">$INFO[ListItem.Property(gameinforight)]</texture>
	<bordersize>5</bordersize>
	</control>
	<control type="image">
	<!-- Thumb 4 fundo -->
	<left>1536</left>
	<top>330</top>
	<width>362</width>
	<height>210</height>
	<aspectratio align="left" aligny="bottom">stretch</aspectratio>
	<texture>fanartframe.png</texture>
	<colordiffuse>$INFO[Skin.String(colortexture)]</colordiffuse>
	</control>
	<control type="image" id="2701">
	<!-- game info lower right -->
	<!-- Thumb 4 -->
	<left>1544</left>
	<top>338</top>
	<width>346</width>
	<height>195</height>
	<aspectratio align="center" aligny="bottom">keep</aspectratio>
	<fadetime>FanartCrossFadeTime</fadetime>
	<texture background="true">$INFO[ListItem.Property(gameinfolowerright)]</texture>
	<bordersize>5</bordersize>
	</control>
	<control type="videowindow" id="2801">
	<!-- video window small -->
	<left>1544</left>
	<top>338</top>
	<width>346</width>
	<height>195</height>
	<aspectratio align="center" aligny="bottom">keep</aspectratio>
	<animation effect="slide" start="0,0" end="-3000,0" time="0">WindowClose</animation>
	<bordersize>5</bordersize>
	<visible>![IsEmpty(ListItem.Property(videosizesmall)) | Skin.HasSetting(trailerplay)]</visible>
	</control>
	<control type="button">
	<!-- video absorber -->
	<left>1544</left>
	<top>338</top>
	<width>346</width>
	<height>195</height>
	<texturefocus></texturefocus>
	<texturenofocus></texturenofocus>
	<visible>!IsEmpty(ListItem.Property(videosizesmall))</visible>
	</control>
	<control type="label">
	<!-- Developer -->
	<include>MultiplexLabel_Extrathumbs</include>
	<top>156</top>
	<label>$LOCALIZE[31788]:</label>
	</control>
	<control type="fadelabel">
	<include>MultiplexValue_Extrathumbs</include>
	<top>186</top>
	<label>$INFO[ListItem.Property(developer)]</label>
	</control>
	<control type="label">
	<!-- Publisher -->
	<include>MultiplexLabel_Extrathumbs</include>
	<top>231</top>
	<label>$LOCALIZE[31771]:</label>
	</control>
	<control type="fadelabel">
	<include>MultiplexValue_Extrathumbs</include>
	<top>261</top>
	<label>$INFO[ListItem.Property(publisher)]</label>
	</control>
	<control type="label">
	<!-- Plataform -->
	<include>MultiplexLabel_Extrathumbs</include>
	<top>306</top>
	<label>$LOCALIZE[31770]:</label>
	</control>
	<control type="fadelabel">
	<include>MultiplexValue_Extrathumbs</include>
	<top>336</top>
	<label>$INFO[ListItem.Property(console)]</label>
	</control>
	<control type="label">
	<!-- Year -->
	<include>MultiplexLabel_Extrathumbs</include>
	<top>381</top>
	<label>$LOCALIZE[31036]:</label>
	</control>
	<control type="fadelabel">
	<include>MultiplexValue_Extrathumbs</include>
	<top>411</top>
	<label>$INFO[ListItem.Property(year)]</label>
	</control>
	<control type="label">
	<!-- Genre -->
	<include>MultiplexLabel_Extrathumbs</include>
	<top>456</top>
	<label>$LOCALIZE[515]:</label>
	</control>
	<control type="fadelabel">
	<include>MultiplexValue_Extrathumbs</include>
	<top>486</top>
	<label>$INFO[ListItem.Property(genre)]</label>
	</control>
	<control type="image">
	<left>412</left>
	<top>128</top>
	<width>3</width>
	<height>410</height>
	<texture>separator_v.png</texture>
	</control>
	<control type="image">
	<left>960</left>
	<top>128</top>
	<width>3</width>
	<height>410</height>
	<texture>separator_v.png</texture>
	</control>
	<control type="image">
	<left>1508</left>
	<top>128</top>
	<width>3</width>
	<height>410</height>
	<texture>separator_v.png</texture>
	</control>
	<control type="textbox">
	<left>998</left>
	<top>156</top>
	<width>465</width>
	<height>352</height>
	<font>Font_plot</font>
	<label>$INFO[ListItem.Property(plot)]</label>
	<autoscroll delay="15000" time="2000" repeat="15000">!Skin.HasSetting(noallowscroll)</autoscroll>
	</control>
	<control type="image">
	<left>0</left>
	<top>537</top>
	<width>1920</width>
	<height>3</height>
	<texture>separator.png</texture>
	</control>
	</control>
	<control type="wraplist" id="53">
	<viewtype label="31803">list</viewtype>
	<left>0</left>
	<top>540</top>
	<width>1920</width>
	<height>540</height>
	<onleft>53</onleft>
	<onright>53</onright>
	<onup condition="StringCompare(skin.string(multiplexgamespanel),manual) + !StringCompare(ListItem.Label,..)">9953</onup>
	<onup condition="![StringCompare(skin.string(multiplexgamespanel),manual) + !StringCompare(ListItem.Label,..)]">9900</onup>
	<ondown>60</ondown>
	<orientation>horizontal</orientation>
	<focusposition>4</focusposition>
	<scrolltime>400</scrolltime>
	<preloaditems>2</preloaditems>
	<pagecontrol>60</pagecontrol>
	<animation effect="slide" start="0,0" end="0,-15" time="300" tween="sine" easing="out" condition="Control.HasFocus(60)">Conditional</animation>
	<animation effect="fade" start="100" end="20" time="200" condition="Window.IsVisible(6621)">Conditional</animation>
	<itemlayout width="208" height="570">
	<control type="image">
	<!-- poster reflexo -->
	<left>0</left>
	<top>374</top>
	<width>207</width>
	<height>308</height>
	<aspectratio align="center" aligny="top">keep</aspectratio>
	<texture fallback="DefaultGame.png" flipy="true" diffuse="thumb_reflect.png" background="true">$INFO[ListItem.ActualIcon]</texture>
	<bordertexture flipy="true" diffuse="thumb_reflect.png" border="-2">black.png</bordertexture>
	</control>
	<control type="image">
	<!-- poster -->
	<left>0</left>
	<top>60</top>
	<width>207</width>
	<height>308</height>
	<aspectratio align="center" aligny="bottom">keep</aspectratio>
	<texture fallback="DefaultGame.png" background="true">$INFO[ListItem.ActualIcon]</texture>
	<bordertexture border="-2">black.png</bordertexture>
	</control>
	<control type="image">
	<left>158</left>
	<top>60</top>
	<width>45</width>
	<height>45</height>
	<texture>star.png</texture>
	<colordiffuse>$INFO[Skin.String(colorwatched)]</colordiffuse>
	<visible>!IsEmpty(ListItem.Property(isfavorite))</visible>
	</control>
	</itemlayout>
	<focusedlayout width="262" height="570">
	<control type="image">
	<!-- poster reflexo -->
	<left>8</left>
	<top>420</top>
	<width>262</width>
	<height>381</height>
	<aspectratio align="center" aligny="top">keep</aspectratio>
	<texture fallback="DefaultGame.png" flipy="true" diffuse="thumb_reflect.png" background="true">$INFO[ListItem.ActualIcon]</texture>
	<bordertexture flipy="true" diffuse="thumb_reflect.png" border="-2">black.png</bordertexture>
	<animation effect="zoom" start="100" end="110" center="202,382" time="400" easing="out" reversible="false" tween="cubic">Focus</animation>
	</control>
	<control type="image">
	<!-- poster -->
	<left>8</left>
	<top>33</top>
	<width>262</width>
	<height>381</height>
	<aspectratio align="center" aligny="bottom">keep</aspectratio>
	<texture fallback="DefaultGame.png" background="true">$INFO[ListItem.ActualIcon]</texture>
	<bordertexture border="-2">black.png</bordertexture>
	<animation effect="zoom" start="100" end="110" center="202,382" time="400" easing="out" reversible="false" tween="cubic">Focus</animation>
	</control>
	<control type="image">
	<left>210</left>
	<top>32</top>
	<width>60</width>
	<height>60</height>
	<texture>star.png</texture>
	<colordiffuse>$INFO[Skin.String(colorwatched)]</colordiffuse>
	<animation effect="zoom" start="100" end="110" center="202,382" time="400" easing="out" reversible="false" tween="cubic">Focus</animation>
	<visible>!IsEmpty(ListItem.Property(isfavorite))</visible>
	</control>
	<control type="button">
	<include>InvisibleButton</include>
	<animation effect="fade" start="100" end="100" time="0" delay="1000" condition="SubString(skin.string(panel_seconds),1)">Focus</animation>
	<animation effect="fade" start="100" end="100" time="0" delay="2000" condition="SubString(skin.string(panel_seconds),2)">Focus</animation>
	<animation effect="fade" start="100" end="100" time="0" delay="3000" condition="SubString(skin.string(panel_seconds),3)">Focus</animation>
	<animation effect="fade" start="100" end="100" time="0" delay="4000" condition="SubString(skin.string(panel_seconds),4)">Focus</animation>
	<animation effect="fade" start="100" end="100" time="0" delay="5000" condition="SubString(skin.string(panel_seconds),5)">Focus</animation>
	<onfocus condition="!Skin.HasSetting(fullscreengamevideo)">PlayMedia($ESCINFO[ListItem.Property(gameplaymain)],1)</onfocus>
	<onfocus condition="Skin.HasSetting(fullscreengamevideo)">PlayMedia($ESCINFO[ListItem.Property(gameplaymain)])</onfocus>
	<visible>![IsEmpty(ListItem.Property(autoplayvideomain)) | IsEmpty(ListItem.Property(gameplaymain))] + StringCompare(skin.string(multiplexgamespanel),auto)</visible>
	</control>
	<control type="button">
	<include>InvisibleButton</include>
	<animation effect="fade" start="100" end="100" time="150" delay="500" condition="true">Focus</animation>
	<onfocus>PlayMedia($ESCINFO[ListItem.Property(gameplaymain)],1)</onfocus>
	<visible>![IsEmpty(ListItem.Property(autoplayvideomain)) | IsEmpty(ListItem.Property(gameplaymain))] + StringCompare(skin.string(multiplexgamespanel),alwayson)</visible>
	</control>
	</focusedlayout>
	</control>
	<control type="scrollbar" id="60">
	<include>ScrollBar_Horizontal</include>
	<left>285</left>
	<top>920</top>
	<width>1350</width>
	<onup>53</onup>
	<ondown>9920</ondown>
	<include>Animation_Fade</include>
	<visible allowhiddenfocus="true">Control.IsVisible(53) + Control.HasFocus(60)</visible>
	</control>
	</control>
	</include>
	<!--##################################################################################   VISTA WALL - ID 56   ##################################################################################-->
	<include name="ViewWallGames">
	<control type="group">
	<animation effect="fade" time="400">VisibleChange</animation>
	<include>ViewBack</include>
	<!-- Fundo -->
	<visible>Control.IsVisible(56)</visible>
	<control type="panel" id="56">
	<viewtype label="31805">Panel</viewtype>
	<left>0</left>
	<top>136</top>
	<width>2062</width>
	<height>830</height>
	<onleft>9900</onleft>
	<onup>9900</onup>
	<ondown>9920</ondown>
	<orientation>vertical</orientation>
	<pagecontrol>-</pagecontrol>
	<itemlayout condition="SubString(skin.string(wallgamesgrid),default)" width="148" height="207">
	<!-- tamanho normal -->
	<control type="image">
	<left>3</left>
	<top>3</top>
	<width>141</width>
	<height>201</height>
	<texture fallback="DefaultGame.png" background="true">$INFO[ListItem.ActualIcon]</texture>
	<bordertexture border="-2">black.png</bordertexture>
	<aspectratio align="center" aligny="bottom">keep</aspectratio>
	</control>
	<control type="image">
	<left>110</left>
	<top>14</top>
	<width>30</width>
	<height>30</height>
	<texture>star.png</texture>
	<colordiffuse>$INFO[Skin.String(colorwatched)]</colordiffuse>
	<visible>!IsEmpty(ListItem.Property(isfavorite))</visible>
	</control>
	</itemlayout>
	<itemlayout condition="SubString(skin.string(wallgamesgrid),mid)" width="192" height="276">
	<!-- tamanho medio -->
	<control type="image">
	<left>3</left>
	<top>3</top>
	<width>186</width>
	<height>262</height>
	<texture fallback="DefaultGame.png" background="true">$INFO[ListItem.ActualIcon]</texture>
	<bordertexture border="-2">black.png</bordertexture>
	<aspectratio align="center" aligny="bottom">keep</aspectratio>
	</control>
	<control type="image">
	<left>147</left>
	<top>12</top>
	<width>38</width>
	<height>38</height>
	<texture>star.png</texture>
	<colordiffuse>$INFO[Skin.String(colorwatched)]</colordiffuse>
	<visible>!IsEmpty(ListItem.Property(isfavorite))</visible>
	</control>
	</itemlayout>
	<itemlayout condition="SubString(skin.string(wallgamesgrid),big)" width="315" height="414">
	<!-- tamanho grande -->
	<control type="image">
	<left>27</left>
	<top>3</top>
	<width>290</width>
	<height>408</height>
	<texture fallback="DefaultGame.png" background="true">$INFO[ListItem.ActualIcon]</texture>
	<bordertexture border="-2">black.png</bordertexture>
	<aspectratio align="center" aligny="bottom">keep</aspectratio>
	</control>
	<control type="image">
	<left>262</left>
	<top>12</top>
	<width>52</width>
	<height>52</height>
	<texture>star.png</texture>
	<colordiffuse>$INFO[Skin.String(colorwatched)]</colordiffuse>
	<visible>!IsEmpty(ListItem.Property(isfavorite))</visible>
	</control>
	</itemlayout>
	<focusedlayout condition="SubString(skin.string(wallgamesgrid),default)" width="148" height="207">
	<!-- tamanho normal -->
	<control type="image">
	<left>3</left>
	<top>3</top>
	<width>141</width>
	<height>201</height>
	<texture fallback="DefaultGame.png" background="true">$INFO[ListItem.ActualIcon]</texture>
	<bordertexture border="-2">grey.png</bordertexture>
	<aspectratio align="center" aligny="bottom">keep</aspectratio>
	<animation type="Focus" reversible="false">
	<effect type="zoom" center="auto" start="80" end="100" time="400" tween="back" easing="out" />
	<effect type="fade" start="80" end="100" time="400" />
	</animation>
	</control>
	<control type="image">
	<left>110</left>
	<top>14</top>
	<width>30</width>
	<height>30</height>
	<texture>star.png</texture>
	<colordiffuse>$INFO[Skin.String(colorwatched)]</colordiffuse>
	<animation type="Focus" reversible="false">
	<effect type="zoom" center="90,90" start="80" end="100" time="400" tween="back" easing="out" />
	<effect type="fade" start="80" end="100" time="400" />
	</animation>
	<visible>!IsEmpty(ListItem.Property(isfavorite))</visible>
	</control>
	</focusedlayout>
	<focusedlayout condition="SubString(skin.string(wallgamesgrid),mid)" width="192" height="276">
	<!-- tamanho medio -->
	<control type="image">
	<left>3</left>
	<top>3</top>
	<width>186</width>
	<height>262</height>
	<texture fallback="DefaultGame.png" background="true">$INFO[ListItem.ActualIcon]</texture>
	<bordertexture border="-2">grey.png</bordertexture>
	<aspectratio align="center" aligny="bottom">keep</aspectratio>
	<animation type="Focus" reversible="false">
	<effect type="zoom" center="auto" start="80" end="100" time="400" tween="back" easing="out" />
	<effect type="fade" start="80" end="100" time="400" />
	</animation>
	</control>
	<control type="image">
	<left>147</left>
	<top>12</top>
	<width>38</width>
	<height>38</height>
	<texture>star.png</texture>
	<colordiffuse>$INFO[Skin.String(colorwatched)]</colordiffuse>
	<animation type="Focus" reversible="false">
	<effect type="zoom" center="90,90" start="80" end="100" time="400" tween="back" easing="out" />
	<effect type="fade" start="80" end="100" time="400" />
	</animation>
	<visible>!IsEmpty(ListItem.Property(isfavorite))</visible>
	</control>
	</focusedlayout>
	<focusedlayout condition="SubString(skin.string(wallgamesgrid),big)" width="315" height="414">
	<!-- tamanho grande -->
	<control type="image">
	<left>27</left>
	<top>3</top>
	<width>290</width>
	<height>408</height>
	<texture fallback="DefaultGame.png" background="true">$INFO[ListItem.ActualIcon]</texture>
	<bordertexture border="-2">grey.png</bordertexture>
	<aspectratio align="center" aligny="bottom">keep</aspectratio>
	<animation type="Focus" reversible="false">
	<effect type="zoom" center="auto" start="80" end="100" time="400" tween="back" easing="out" />
	<effect type="fade" start="80" end="100" time="400" />
	</animation>
	</control>
	<control type="image">
	<left>262</left>
	<top>12</top>
	<width>52</width>
	<height>52</height>
	<texture>star.png</texture>
	<colordiffuse>$INFO[Skin.String(colorwatched)]</colordiffuse>
	<animation type="Focus" reversible="false">
	<effect type="zoom" center="90,90" start="80" end="100" time="400" tween="back" easing="out" />
	<effect type="fade" start="80" end="100" time="400" />
	</animation>
	<visible>!IsEmpty(ListItem.Property(isfavorite))</visible>
	</control>
	</focusedlayout>
	</control>
	</control>
	</include>
</includes>