<?xml version="1.0" encoding="UTF-8"?>
<includes>
	<!-- Aeon MQ 7 -->
	<!--##################################################################################   VISTA MULTIPLEX - ID 61   #############################################################################-->
	<include name="MultiplexLabel_Fanart">
	<left>0</left>
	<height>30</height>
	<width>518</width>
	<font>Font_plot</font>
	<aligny>top</aligny>
	<align>left</align>
	<textcolor>$INFO[Skin.String(colorheader)]</textcolor>
	<textoffsetx>0</textoffsetx>
	<textoffsety>0</textoffsety>
	<scroll>true</scroll>
	</include>
	<include name="MultiplexLabel_Extrathumbs">
	<left>450</left>
	<width>465</width>
	<height>20</height>
	<font>Font_plot</font>
	<textcolor>$INFO[Skin.String(colorheader)]</textcolor>
	</include>
	<include name="MultiplexValue_Extrathumbs">
	<left>450</left>
	<width>465</width>
	<height>20</height>
	<align>left</align>
	<font>Font_plot</font>
	<textcolor>FFFFFAF0</textcolor>
	<scroll>true</scroll>
	<scrollout>false</scrollout>
	</include>
	<include name="MultiplexFixedList">
	<control type="fixedlist" id="61">
	<include>Multiplex_Content</include>
	</control>
	</include>
	<include name="MultiplexWrapList">
	<control type="wraplist" id="61">
	<include>Multiplex_Content</include>
	</control>
	</include>
	<include name="Multiplex_Content">
	<viewtype label="31803">list</viewtype>
	<left>0</left>
	<top>540</top>
	<width>1920</width>
	<height>540</height>
	<onup condition="StringCompare(skin.string(multiplexvideopanel),manual) + !StringCompare(ListItem.Label,..)">9961</onup>
	<onup condition="![StringCompare(skin.string(multiplexvideopanel),manual) + !StringCompare(ListItem.Label,..)]">9900</onup>
	<ondown>80</ondown>
	<orientation>horizontal</orientation>
	<focusposition>4</focusposition>
	<scrolltime>400</scrolltime>
	<preloaditems>2</preloaditems>
	<pagecontrol>80</pagecontrol>
	<animation effect="slide" start="0,0" end="0,-15" time="300" tween="sine" easing="out" condition="Control.HasFocus(80)">Conditional</animation>
	<animation effect="fade" start="100" end="20" time="200" condition="Window.IsVisible(6621)">Conditional</animation>
	<visible>![Container.Content(episodes) | Container.Content(years)]</visible>
	<itemlayout condition="Skin.HasSetting(nomultiplexvideocase) + [Container.Content(movies) | Container.Content(musicvideos) | Container.Content(sets)] | Container.Content(tvshows) | Container.Content(seasons) | Container.Content(genres)  | Container.Content(countries)  | Container.Content(studios) | Window.IsActive(1)" width="208" height="570">
	<control type="image">
	<!-- poster reflexo sem estojo -->
	<left>0</left>
	<top>374</top>
	<width>207</width>
	<height>308</height>
	<aspectratio align="center" aligny="top">stretch</aspectratio>
	<texture flipy="true" diffuse="thumb_reflect.png" background="true">$VAR[value_poster]</texture>
	<bordertexture flipy="true" diffuse="thumb_reflect.png" border="-2">black.png</bordertexture>
	</control>
	<control type="image">
	<!-- poster sem estojo -->
	<left>0</left>
	<top>60</top>
	<width>207</width>
	<height>308</height>
	<aspectratio align="center" aligny="bottom">stretch</aspectratio>
	<texture fallback="DefaultVideoPoster.png" background="true">$VAR[value_poster]</texture>
	<bordertexture border="-2">black.png</bordertexture>
	</control>
	<control type="image">
	<left>162</left>
	<top>56</top>
	<width>45</width>
	<height>45</height>
	<texture>$VAR[value_watchedstyle]</texture>
	<colordiffuse>$INFO[Skin.String(colorwatched)]</colordiffuse>
	<visible>!Skin.HasSetting(nooverlays) + StringCompare(ListItem.Overlay,OverlayWatched.png)</visible>
	</control>
	</itemlayout>
	<itemlayout condition="!Skin.HasSetting(nomultiplexvideocase) + [Container.Content(movies) | Container.Content(musicvideos) | Container.Content(sets)]" width="208" height="570">
	<control type="image">
	<!-- poster reflexo com estojo -->
	<left>1</left>
	<top>410</top>
	<width>196</width>
	<height>297</height>
	<aspectratio align="center" aligny="top">stretch</aspectratio>
	<texture flipy="true" diffuse="thumb_reflect.png" background="true">$VAR[value_poster]</texture>
	</control>
	<control type="image">
	<!-- poster com estojo -->
	<left>1</left>
	<top>87</top>
	<width>196</width>
	<height>300</height>
	<aspectratio align="center" aligny="bottom">stretch</aspectratio>
	<texture fallback="DefaultVideoPoster.png" background="true">$VAR[value_poster]</texture>
	</control>
	<!-- Bluray -->
	<control type="group">
	<visible>[SubString(ListItem.Filenameandpath,bluray) | SubString(ListItem.Filenameandpath,blu-ray) | SubString(ListItem.Filenameandpath,bdrip)] + ![SubString(ListItem.Filenameandpath,.3dbd.) | SubString(ListItem.Filenameandpath,.3d.) | SubString(ListItem.Filenameandpath,4k)]</visible>
	<fadetime>FanartCrossFadeTime</fadetime>
	<!-- Estojo reflexo -->
	<control type="image">	
	<left>-16</left>
	<top>378</top>
	<width>243</width>
	<height>380</height>
	<aspectratio align="center" aligny="top">stretch</aspectratio>
	<texture flipy="true" diffuse="thumb_box_reflect.png" colordiffuse="$INFO[Skin.String(colorcasebluray)]">$VAR[value_stylevideocase]</texture>	
	</control>
	<!-- Estojo -->
	<control type="image">	
	<left>-16</left>
	<top>39</top>
	<width>243</width>
	<height>380</height>
	<aspectratio align="center" aligny="bottom">stretch</aspectratio>
	<texture colordiffuse="$INFO[Skin.String(colorcasebluray)]">$VAR[value_stylevideocase]</texture>	
	</control>
	</control>
	<!-- Webtv -->
	<control type="group">
	<visible>SubString(ListItem.Filenameandpath,web)</visible>
	<fadetime>FanartCrossFadeTime</fadetime>
	<!-- Estojo reflexo -->
	<control type="image">	
	<left>-16</left>
	<top>378</top>
	<width>243</width>
	<height>380</height>
	<aspectratio align="center" aligny="top">stretch</aspectratio>
	<texture flipy="true" diffuse="thumb_box_reflect.png" colordiffuse="$INFO[Skin.String(colorcasewebtv)]">$VAR[value_stylevideocase]</texture>	
	</control>
	<!-- Estojo -->
	<control type="image">	
	<left>-16</left>
	<top>39</top>
	<width>243</width>
	<height>380</height>
	<aspectratio align="center" aligny="bottom">stretch</aspectratio>
	<texture colordiffuse="$INFO[Skin.String(colorcasewebtv)]">$VAR[value_stylevideocase]</texture>	
	</control>
	</control>
	<!-- Hdtv -->
	<control type="group">
	<visible>SubString(ListItem.Filenameandpath,hdtv)</visible>
	<fadetime>FanartCrossFadeTime</fadetime>
	<!-- Estojo reflexo -->
	<control type="image">	
	<left>-16</left>
	<top>378</top>
	<width>243</width>
	<height>380</height>
	<aspectratio align="center" aligny="top">stretch</aspectratio>	
	<texture flipy="true" diffuse="thumb_box_reflect.png" colordiffuse="$INFO[Skin.String(colorcasehdtv)]">$VAR[value_stylevideocase]</texture>	
	</control>
	<!-- Estojo -->
	<control type="image">	
	<left>-16</left>
	<top>39</top>
	<width>243</width>
	<height>380</height>
	<aspectratio align="center" aligny="bottom">stretch</aspectratio>
	<texture colordiffuse="$INFO[Skin.String(colorcasehdtv)]">$VAR[value_stylevideocase]</texture>	
	</control>
	</control>
	<!-- Dvd -->
	<control type="group">
	<visible>SubString(ListItem.Filenameandpath,dvd) | SubString(ListItem.Filenameandpath,.ifo,Right) | SubString(ListItem.Filenameandpath,.iso,Right) + ![SubString(ListItem.Filenameandpath,bluray) | SubString(ListItem.Filenameandpath,.3dbd.) | SubString(ListItem.Filenameandpath,.3d.)]</visible>
	<fadetime>FanartCrossFadeTime</fadetime>
	<!-- Estojo reflexo -->
	<control type="image">	
	<left>-16</left>
	<top>378</top>
	<width>243</width>
	<height>380</height>
	<aspectratio align="center" aligny="top">stretch</aspectratio>	
	<texture flipy="true" diffuse="thumb_box_reflect.png" colordiffuse="$INFO[Skin.String(colorcasedvd)]">$VAR[value_stylevideocase]</texture>	
	</control>
	<!-- Estojo -->
	<control type="image">	
	<left>-16</left>
	<top>39</top>
	<width>243</width>
	<height>380</height>
	<aspectratio align="center" aligny="bottom">stretch</aspectratio>
	<texture colordiffuse="$INFO[Skin.String(colorcasedvd)]">$VAR[value_stylevideocase]</texture>	
	</control>
	</control>
	<!-- 3d -->
	<control type="group">
	<visible>SubString(ListItem.Filenameandpath,.3dbd.) | SubString(ListItem.Filenameandpath,.3d.)</visible>
	<fadetime>FanartCrossFadeTime</fadetime>
	<!-- Estojo reflexo -->
	<control type="image">	
	<left>-16</left>
	<top>378</top>
	<width>243</width>
	<height>380</height>
	<aspectratio align="center" aligny="top">stretch</aspectratio>
	<texture flipy="true" diffuse="thumb_box_reflect.png" colordiffuse="$INFO[Skin.String(colorcase3dbd)]">$VAR[value_stylevideocase]</texture>	
	</control>
	<!-- Estojo -->
	<control type="image">	
	<left>-16</left>
	<top>39</top>
	<width>243</width>
	<height>380</height>
	<aspectratio align="center" aligny="bottom">stretch</aspectratio>
	<texture colordiffuse="$INFO[Skin.String(colorcase3dbd)]">$VAR[value_stylevideocase]</texture>	
	</control>
	</control>
	<!-- Conjuntos -->
	<control type="group">
	<visible>SubString(ListItem.Path,videodb://movies/sets,left)</visible>
	<fadetime>FanartCrossFadeTime</fadetime>
	<!-- Estojo reflexo -->
	<control type="image">	
	<left>-16</left>
	<top>378</top>
	<width>243</width>
	<height>380</height>
	<aspectratio align="center" aligny="top">stretch</aspectratio>
	<texture flipy="true" diffuse="thumb_box_reflect.png" colordiffuse="$INFO[Skin.String(colorcaseset)]">$VAR[value_stylevideocase]</texture>	
	</control>
	<!-- Estojo -->
	<control type="image">	
	<left>-16</left>
	<top>39</top>
	<width>243</width>
	<height>380</height>
	<aspectratio align="center" aligny="bottom">stretch</aspectratio>
	<texture colordiffuse="$INFO[Skin.String(colorcaseset)]">$VAR[value_stylevideocase]</texture>	
	</control>
	</control>
	<!-- 4k -->
	<control type="group">
	<visible>SubString(ListItem.Filenameandpath,4k)</visible>
	<fadetime>FanartCrossFadeTime</fadetime>
	<!-- Estojo reflexo -->
	<control type="image">	
	<left>-16</left>
	<top>378</top>
	<width>243</width>
	<height>380</height>
	<aspectratio align="center" aligny="top">stretch</aspectratio>	
	<texture flipy="true" diffuse="thumb_box_reflect.png" colordiffuse="$INFO[Skin.String(colorcase4k)]">$VAR[value_stylevideocase]</texture>	
	</control>
	<!-- Estojo -->
	<control type="image">	
	<left>-16</left>
	<top>39</top>
	<width>243</width>
	<height>380</height>
	<aspectratio align="center" aligny="bottom">stretch</aspectratio>
	<texture colordiffuse="$INFO[Skin.String(colorcase4k)]">$VAR[value_stylevideocase]</texture>	
	</control>
	</control>
	<!-- Por codec -->
	<control type="group">
	<visible>![SubString(ListItem.Filenameandpath,bluray) | SubString(ListItem.Filenameandpath,blu-ray) | SubString(ListItem.Filenameandpath,bdrip) | SubString(ListItem.Filenameandpath,hdtv) | SubString(ListItem.Filenameandpath,web) | SubString(ListItem.Filenameandpath,dvd) | SubString(ListItem.Filenameandpath,.3dbd.) | SubString(ListItem.Filenameandpath,.3d.) | SubString(ListItem.Filenameandpath,.iso,Right) | SubString(ListItem.Filenameandpath,.ifo,Right) | SubString(ListItem.Path,videodb://movies/sets,left) | SubString(ListItem.Filenameandpath,4k)]</visible>
	<fadetime>FanartCrossFadeTime</fadetime>
	<!-- Estojo reflexo -->
	<control type="image">	
	<left>-16</left>
	<top>378</top>
	<width>243</width>
	<height>380</height>
	<aspectratio align="center" aligny="top">stretch</aspectratio>	
	<texture flipy="true" diffuse="thumb_box_reflect.png" colordiffuse="$INFO[Skin.String(colorcasedefault)]">$VAR[value_stylevideocase]</texture>	
	</control>
	<!-- Estojo -->
	<control type="image">	
	<left>-16</left>
	<top>39</top>
	<width>243</width>
	<height>380</height>
	<aspectratio align="center" aligny="bottom">stretch</aspectratio>
	<texture colordiffuse="$INFO[Skin.String(colorcasedefault)]">$VAR[value_stylevideocase]</texture>	
	</control>
	</control>
	<control type="image">
	<left>153</left>
	<top>87</top>
	<width>45</width>
	<height>45</height>
	<texture colordiffuse="$INFO[Skin.String(colorwatched)]">$VAR[value_watchedstyle]</texture>
	<visible>!Skin.HasSetting(nooverlays) + StringCompare(ListItem.Overlay,OverlayWatched.png)</visible>
	</control>
	<!-- Codec -->
	<control type="image">	
	<left>72</left>
	<top>42</top>
	<width>62</width>
	<height>62</height>
	<aspectratio align="center" aligny="center">keep</aspectratio>	
	<texture colordiffuse="$INFO[Skin.String(colorcodeccase)]">$VAR[value_videocodec0]</texture>
	<fadetime>FanartCrossFadeTime</fadetime>
	</control>
	</itemlayout>
	<focusedlayout condition="Skin.HasSetting(nomultiplexvideocase) + [Container.Content(movies) | Container.Content(musicvideos) | Container.Content(sets)] | Container.Content(tvshows) | Container.Content(seasons) | Container.Content(genres)  | Container.Content(countries)  | Container.Content(studios) | Window.IsActive(1)" width="262" height="570">
	<control type="image">
	<!-- borda destaque -->
	<left>-30</left>
	<top>9</top>
	<width>334</width>
	<height>429</height>
	<aspectratio align="center" aligny="bottom">stretch</aspectratio>
	<texture>thumb_frame.png</texture>
	<colordiffuse>$INFO[Skin.String(colorheader)]</colordiffuse>
	<animation effect="zoom" start="100" end="110" center="202,382" time="400" easing="out" reversible="false" tween="cubic">Focus</animation>
	</control>
	<control type="image">
	<!-- poster reflexo sem estojo -->
	<left>8</left>
	<top>420</top>
	<width>262</width>
	<height>381</height>
	<aspectratio align="center" aligny="top">stretch</aspectratio>
	<texture flipy="true" diffuse="thumb_reflect.png" background="true">$VAR[value_poster]</texture>
	<bordertexture flipy="true" diffuse="thumb_reflect.png" border="-2">black.png</bordertexture>
	<animation effect="zoom" start="100" end="110" center="202,382" time="400" easing="out" reversible="false" tween="cubic">Focus</animation>
	</control>
	<control type="image">
	<!-- poster  sem estojo -->
	<left>8</left>
	<top>33</top>
	<width>262</width>
	<height>381</height>
	<aspectratio align="center" aligny="bottom">stretch</aspectratio>
	<texture fallback="DefaultVideoPoster.png" background="true">$VAR[value_poster]</texture>
	<bordertexture border="-2">black.png</bordertexture>
	<animation effect="zoom" start="100" end="110" center="202,382" time="400" easing="out" reversible="false" tween="cubic">Focus</animation>
	</control>
	<control type="image">
	<left>214</left>
	<top>27</top>
	<width>60</width>
	<height>60</height>
	<texture>$VAR[value_watchedstyle]</texture>
	<colordiffuse>$INFO[Skin.String(colorwatched)]</colordiffuse>
	<animation effect="zoom" start="100" end="110" center="202,382" time="400" easing="out" reversible="false" tween="cubic">Focus</animation>
	<visible>!Skin.HasSetting(nooverlays) + StringCompare(ListItem.Overlay,OverlayWatched.png)</visible>
	</control>
	</focusedlayout>
	<focusedlayout condition="!Skin.HasSetting(nomultiplexvideocase) + [Container.Content(movies) | Container.Content(musicvideos) | Container.Content(sets)]" width="262" height="570">
	<control type="image">
	<!-- poster reflexo com estojo -->
	<left>15</left>
	<top>432</top>
	<width>237</width>
	<height>350</height>
	<aspectratio align="center" aligny="top">stretch</aspectratio>
	<texture flipy="true" diffuse="thumb_reflect.png" background="true">$VAR[value_poster]</texture>
	<animation effect="zoom" start="100" end="110" center="202,382" time="400" easing="out" reversible="false" tween="cubic">Focus</animation>
	</control>
	<control type="image">
	<!-- poster  com estojo -->
	<left>15</left>
	<top>62</top>
	<width>237</width>
	<height>348</height>
	<aspectratio align="center" aligny="bottom">stretch</aspectratio>
	<texture fallback="DefaultVideoPoster.png" background="true">$VAR[value_poster]</texture>
	<animation effect="zoom" start="100" end="110" center="202,382" time="400" easing="out" reversible="false" tween="cubic">Focus</animation>
	</control>
	<control type="image">
	<!-- Estojo reflexo -->
	<left>-6</left>
	<top>396</top>
	<width>294</width>
	<height>438</height>	
	<aspectratio align="center" aligny="top">stretch</aspectratio>
	<texture flipy="true" diffuse="thumb_box_reflect.png" colordiffuse="$VAR[value_videocase0]">$VAR[value_stylevideocase]</texture>	
	<animation effect="zoom" start="100" end="110" center="202,382" time="400" easing="out" reversible="false" tween="cubic">Focus</animation>
	<fadetime>FanartCrossFadeTime</fadetime>
	</control>
	<control type="image">
	<!-- Estojo -->
	<left>-6</left>
	<top>6</top>
	<width>294</width>
	<height>438</height>
	<aspectratio align="center" aligny="bottom">stretch</aspectratio>
	<texture colordiffuse="$VAR[value_videocase0]">$VAR[value_stylevideocase]</texture>	
	<animation effect="zoom" start="100" end="110" center="202,382" time="400" easing="out" reversible="false" tween="cubic">Focus</animation>
	</control>
	<control type="image">
	<left>201</left>
	<top>62</top>
	<width>52</width>
	<height>52</height>
	<texture colordiffuse="$INFO[Skin.String(colorwatched)]">$VAR[value_watchedstyle]</texture>
	<animation effect="zoom" start="100" end="110" center="202,382" time="400" easing="out" reversible="false" tween="cubic">Focus</animation>
	<visible>!Skin.HasSetting(nooverlays) + StringCompare(ListItem.Overlay,OverlayWatched.png)</visible>
	</control>
	<control type="image">
	<!-- Codec -->
	<left>106</left>
	<top>14</top>
	<width>64</width>
	<height>64</height>
	<aspectratio align="center" aligny="center">keep</aspectratio>	
	<texture colordiffuse="$INFO[Skin.String(colorcodeccase)]">$VAR[value_videocodec0]</texture>
	<fadetime>FanartCrossFadeTime</fadetime>
	<animation effect="zoom" start="100" end="110" center="202,382" time="400" easing="out" reversible="false" tween="cubic">Focus</animation>
	</control>
	</focusedlayout>
	</include>
	<include name="ViewMultiplex">
	<control type="group">
	<!-- default group -->
	<animation effect="fade" time="400">VisibleChange</animation>
	<control type="button" id="9961">
	<include>InvisibleButton</include>
	<onleft>61</onleft>
	<onright>61</onright>
	<onup>9900</onup>
	<ondown>61</ondown>
	</control>
	<visible>Control.IsVisible(61)</visible>
	<control type="group">
	<!-- painel de info fanart layout -->
	<animation effect="slide" start="0,-900" end="0,0" time="500" tween="sine" easing="out">Visible</animation>
	<animation effect="slide" start="0,0" end="0,-900" time="500" tween="sine" easing="out">Hidden</animation>
	<visible>[Control.HasFocus(9961) | StringCompare(skin.string(multiplexvideopanel),alwayson) | StringCompare(skin.string(multiplexvideopanel),auto) + Control.IsVisible(9921) | Window.IsVisible(6621)] + SubString(skin.string(multiplexlayout),fanart) + ![StringCompare(ListItem.Label,..) | Container.Content(years) | Container.Content(genres) | Container.Content(actors)]</visible>
	<control type="image">
	<left>0</left>
	<top>84</top>
	<width>1920</width>
	<height>45</height>
	<texture>shadow_h.png</texture>
	<colordiffuse>C3FFFFFF</colordiffuse>
	</control>
	<control type="image">
	<left>0</left>
	<top>128</top>
	<width>1920</width>
	<height>795</height>
	<texture flipy="true" diffuse="shadow_mask.png">darkgrey.png</texture>
	<colordiffuse>$INFO[Skin.String(colortexture)]</colordiffuse>
	<animation effect="fade" end="85" condition="true">Conditional</animation>
	</control>
	<control type="grouplist">
	<left>45</left>
	<top>156</top>
	<orientation>vertical</orientation>
	<itemgap>15</itemgap>
	<control type="label">
	<include>MultiplexLabel_Fanart</include>
	<label>$VAR[value_ground11_label]: [COLOR=FFFFFAF0]$VAR[value_ground11_value][/COLOR]</label>
	</control>
	<control type="label">
	<include>MultiplexLabel_Fanart</include>
	<label>$VAR[value_ground12_label]: [COLOR=FFFFFAF0]$VAR[value_ground12_value][/COLOR]</label>
	</control>
	<control type="label">
	<include>MultiplexLabel_Fanart</include>
	<label>$VAR[value_ground13_label]: [COLOR=FFFFFAF0]$VAR[value_ground13_value][/COLOR]</label>
	</control>
	<control type="label">
	<include>MultiplexLabel_Fanart</include>
	<label>$VAR[value_ground14_label]: [COLOR=FFFFFAF0]$VAR[value_ground14_value][/COLOR]</label>
	</control>
	<control type="label">
	<include>MultiplexLabel_Fanart</include>
	<label>$VAR[value_ground15_label]: [COLOR=FFFFFAF0]$VAR[value_ground15_value][/COLOR]</label>
	</control>
	<control type="label">
	<include>MultiplexLabel_Fanart</include>
	<label>$VAR[value_ground16_label]: [COLOR=FFFFFAF0]$VAR[value_ground16_value][/COLOR]</label>
	</control>
	<control type="label">
	<include>MultiplexLabel_Fanart</include>
	<label>$VAR[value_ground17_label]: [COLOR=FFFFFAF0]$VAR[value_ground17_value][/COLOR]</label>
	</control>
	</control>
	<control type="image">
	<left>600</left>
	<top>128</top>
	<width>3</width>
	<height>410</height>
	<texture>separator_v.png</texture>
	</control>
	<control type="image">
	<left>1208</left>
	<top>128</top>
	<width>3</width>
	<height>410</height>
	<texture>separator_v.png</texture>
	</control>
	<control type="textbox">
	<left>634</left>
	<top>156</top>
	<width>540</width>
	<height>363</height>
	<font>Font_plot</font>
	<label>$VAR[value_plot]</label>
	<autoscroll delay="15000" time="2000" repeat="15000">!Skin.HasSetting(noallowscroll)</autoscroll>
	</control>
	<control type="image">
	<left>0</left>
	<top>537</top>
	<width>1920</width>
	<height>3</height>
	<texture>separator.png</texture>
	</control>
	<control type="image">
	<left>1185</left>
	<top>159</top>
	<width>750</width>
	<height>352</height>
	<aspectratio>keep</aspectratio>
	<texture background="true">$INFO[ListItem.Art(fanart)]</texture>
	<bordertexture border="-2">black.png</bordertexture>
	<fadetime>FanartCrossFadeTime</fadetime>
	</control>
	</control>
	<control type="group">
	<!-- painel de info extrathumbs layout -->
	<animation effect="slide" start="0,-900" end="0,0" time="500" tween="sine" easing="out">Visible</animation>
	<animation effect="slide" start="0,0" end="0,-900" time="500" tween="sine" easing="out">Hidden</animation>
	<visible>[Control.HasFocus(9961) | StringCompare(skin.string(multiplexvideopanel),alwayson) | StringCompare(skin.string(multiplexvideopanel),auto) + Control.IsVisible(9921)] + SubString(skin.string(multiplexlayout),extrathumbs) + ![StringCompare(ListItem.Label,..) | Container.Content(years) | Container.Content(genres) | Container.Content(actors)]</visible>
	<control type="image">
	<left>0</left>
	<top>84</top>
	<width>1920</width>
	<height>45</height>
	<texture>shadow_h.png</texture>
	<colordiffuse>C3FFFFFF</colordiffuse>
	</control>
	<control type="image">
	<left>0</left>
	<top>128</top>
	<width>1920</width>
	<height>795</height>
	<texture flipy="true" diffuse="shadow_mask.png">darkgrey.png</texture>
	<colordiffuse>$INFO[Skin.String(colortexture)]</colordiffuse>
	<animation effect="fade" end="85" condition="true">Conditional</animation>
	</control>
	<control type="image">
	<!-- Thumb 1 fundo -->
	<left>22</left>
	<top>128</top>
	<width>362</width>
	<height>210</height>
	<aspectratio align="left" aligny="bottom">stretch</aspectratio>
	<texture>fanartframe.png</texture>
	<colordiffuse>$INFO[Skin.String(colortexture)]</colordiffuse>
	</control>
	<control type="image">
	<!-- Thumb 1 -->
	<left>30</left>
	<top>135</top>
	<width>346</width>
	<height>195</height>
	<aspectratio align="left" aligny="bottom">stretch</aspectratio>
	<fadetime>FanartCrossFadeTime</fadetime>
	<texture fallback="DefaultExtraThumbs.png" background="true">$INFO[ListItem.Path,,extrathumbs/thumb1.jpg]</texture>
	<bordersize>5</bordersize>
	</control>
	<control type="image">
	<!-- Thumb 2 fundo -->
	<left>22</left>
	<top>330</top>
	<width>362</width>
	<height>210</height>
	<aspectratio align="left" aligny="bottom">stretch</aspectratio>
	<texture>fanartframe.png</texture>
	<colordiffuse>$INFO[Skin.String(colortexture)]</colordiffuse>
	</control>
	<control type="image">
	<!-- Thumb 2 -->
	<left>30</left>
	<top>338</top>
	<width>346</width>
	<height>195</height>
	<aspectratio align="left" aligny="bottom">stretch</aspectratio>
	<fadetime>FanartCrossFadeTime</fadetime>
	<texture fallback="DefaultExtraThumbs.png" background="true">$INFO[ListItem.Path,,extrathumbs/thumb2.jpg]</texture>
	<bordersize>5</bordersize>
	</control>
	<control type="image">
	<!-- Thumb 3 fundo -->
	<left>1536</left>
	<top>128</top>
	<width>362</width>
	<height>210</height>
	<aspectratio align="left" aligny="bottom">stretch</aspectratio>
	<texture>fanartframe.png</texture>
	<colordiffuse>$INFO[Skin.String(colortexture)]</colordiffuse>
	</control>
	<control type="image">
	<!-- Thumb 3 -->
	<left>1544</left>
	<top>135</top>
	<width>346</width>
	<height>195</height>
	<aspectratio align="right" aligny="bottom">stretch</aspectratio>
	<fadetime>FanartCrossFadeTime</fadetime>
	<texture fallback="DefaultExtraThumbs.png" background="true">$INFO[ListItem.Path,,extrathumbs/thumb3.jpg]</texture>
	<bordersize>5</bordersize>
	</control>
	<control type="image">
	<!-- Thumb 4 fundo -->
	<left>1536</left>
	<top>330</top>
	<width>362</width>
	<height>210</height>
	<aspectratio align="left" aligny="bottom">stretch</aspectratio>
	<texture>fanartframe.png</texture>
	<colordiffuse>$INFO[Skin.String(colortexture)]</colordiffuse>
	</control>
	<control type="image">
	<!-- Thumb 4 -->
	<left>1544</left>
	<top>338</top>
	<width>346</width>
	<height>195</height>
	<aspectratio align="right" aligny="bottom">stretch</aspectratio>
	<fadetime>FanartCrossFadeTime</fadetime>
	<texture fallback="DefaultExtraThumbs.png" background="true">$INFO[ListItem.Path,,extrathumbs/thumb4.jpg]</texture>
	<bordersize>5</bordersize>
	</control>
	<control type="label">
	<include>MultiplexLabel_Extrathumbs</include>
	<top>156</top>
	<label>$VAR[value_ground1_label]</label>
	</control>
	<control type="fadelabel">
	<include>MultiplexValue_Extrathumbs</include>
	<top>186</top>
	<label>$VAR[value_ground1_value]</label>
	</control>
	<control type="label">
	<include>MultiplexLabel_Extrathumbs</include>
	<top>231</top>
	<label>$VAR[value_ground2_label]</label>
	</control>
	<control type="fadelabel">
	<include>MultiplexValue_Extrathumbs</include>
	<top>261</top>
	<label>$VAR[value_ground2_value]</label>
	</control>
	<control type="label">
	<include>MultiplexLabel_Extrathumbs</include>
	<top>306</top>
	<label>$VAR[value_ground3_label]</label>
	</control>
	<control type="fadelabel">
	<include>MultiplexValue_Extrathumbs</include>
	<top>336</top>
	<label>$VAR[value_ground3_value]</label>
	</control>
	<control type="label">
	<include>MultiplexLabel_Extrathumbs</include>
	<top>381</top>
	<label>$VAR[value_ground4_label]</label>
	</control>
	<control type="fadelabel">
	<include>MultiplexValue_Extrathumbs</include>
	<top>411</top>
	<label>$VAR[value_ground4_value]</label>
	</control>
	<control type="label">
	<include>MultiplexLabel_Extrathumbs</include>
	<top>456</top>
	<label>$VAR[value_ground5_label]</label>
	</control>
	<control type="fadelabel">
	<include>MultiplexValue_Extrathumbs</include>
	<top>486</top>
	<label>$VAR[value_ground5_value]</label>
	</control>
	<control type="image">
	<left>412</left>
	<top>128</top>
	<width>3</width>
	<height>410</height>
	<texture>separator_v.png</texture>
	</control>
	<control type="image">
	<left>960</left>
	<top>128</top>
	<width>3</width>
	<height>410</height>
	<texture>separator_v.png</texture>
	</control>
	<control type="image">
	<left>1508</left>
	<top>128</top>
	<width>3</width>
	<height>410</height>
	<texture>separator_v.png</texture>
	</control>
	<control type="textbox">
	<left>998</left>
	<top>156</top>
	<width>465</width>
	<height>363</height>
	<font>Font_plot</font>
	<label>$VAR[value_plot]</label>
	<autoscroll delay="15000" time="2000" repeat="15000">!Skin.HasSetting(noallowscroll)</autoscroll>
	</control>
	<control type="image">
	<left>0</left>
	<top>537</top>
	<width>1920</width>
	<height>3</height>
	<texture>separator.png</texture>
	</control>
	</control>
	<include condition="Skin.HasSetting(multiplexfixedlist)">MultiplexFixedList</include>
	<include condition="!Skin.HasSetting(multiplexfixedlist)">MultiplexWrapList</include>
	<control type="scrollbar" id="80">
	<include>ScrollBar_Horizontal</include>
	<left>285</left>
	<top>920</top>
	<width>1350</width>
	<onup>61</onup>
	<ondown>9920</ondown>
	<include>Animation_Fade</include>
	<visible allowhiddenfocus="true">Control.IsVisible(61) + Control.HasFocus(80)</visible>
	</control>
	</control>
	</include>
</includes>