<?xml version="1.0" encoding="UTF-8"?>
<includes>
	<!-- Aeon MQ 7 -->
	<!--##################################################################################   VISTA BANNER - ID 52   ##################################################################################-->
	<include name="Banner_Dimmer">
	<animation effect="fade" start="100" end="50" time="300" condition="[SubString(skin.string(panel_seconds),1) + System.IdleTime(1) | SubString(skin.string(panel_seconds),2) + System.IdleTime(2) | SubString(skin.string(panel_seconds),3) + System.IdleTime(3) | SubString(skin.string(panel_seconds),4) + System.IdleTime(4) | SubString(skin.string(panel_seconds),5) + System.IdleTime(5)] + SubString(skin.string(bannervideopanel),auto) + Control.HasFocus(52) + SubString(skin.string(bannerglass),50)">conditional</animation>
	<animation effect="fade" start="100" end="45" time="300" condition="[SubString(skin.string(panel_seconds),1) + System.IdleTime(1) | SubString(skin.string(panel_seconds),2) + System.IdleTime(2) | SubString(skin.string(panel_seconds),3) + System.IdleTime(3) | SubString(skin.string(panel_seconds),4) + System.IdleTime(4) | SubString(skin.string(panel_seconds),5) + System.IdleTime(5)] + SubString(skin.string(bannervideopanel),auto) + Control.HasFocus(52) + SubString(skin.string(bannerglass),45)">conditional</animation>
	<animation effect="fade" start="100" end="40" time="300" condition="[SubString(skin.string(panel_seconds),1) + System.IdleTime(1) | SubString(skin.string(panel_seconds),2) + System.IdleTime(2) | SubString(skin.string(panel_seconds),3) + System.IdleTime(3) | SubString(skin.string(panel_seconds),4) + System.IdleTime(4) | SubString(skin.string(panel_seconds),5) + System.IdleTime(5)] + SubString(skin.string(bannervideopanel),auto) + Control.HasFocus(52) + SubString(skin.string(bannerglass),40)">conditional</animation>
	<animation effect="fade" start="100" end="35" time="300" condition="[SubString(skin.string(panel_seconds),1) + System.IdleTime(1) | SubString(skin.string(panel_seconds),2) + System.IdleTime(2) | SubString(skin.string(panel_seconds),3) + System.IdleTime(3) | SubString(skin.string(panel_seconds),4) + System.IdleTime(4) | SubString(skin.string(panel_seconds),5) + System.IdleTime(5)] + SubString(skin.string(bannervideopanel),auto) + Control.HasFocus(52) + SubString(skin.string(bannerglass),35)">conditional</animation>
	<animation effect="fade" start="100" end="30" time="300" condition="[SubString(skin.string(panel_seconds),1) + System.IdleTime(1) | SubString(skin.string(panel_seconds),2) + System.IdleTime(2) | SubString(skin.string(panel_seconds),3) + System.IdleTime(3) | SubString(skin.string(panel_seconds),4) + System.IdleTime(4) | SubString(skin.string(panel_seconds),5) + System.IdleTime(5)] + SubString(skin.string(bannervideopanel),auto) + Control.HasFocus(52) + SubString(skin.string(bannerglass),30)">conditional</animation>
	<animation effect="fade" start="100" end="25" time="300" condition="[SubString(skin.string(panel_seconds),1) + System.IdleTime(1) | SubString(skin.string(panel_seconds),2) + System.IdleTime(2) | SubString(skin.string(panel_seconds),3) + System.IdleTime(3) | SubString(skin.string(panel_seconds),4) + System.IdleTime(4) | SubString(skin.string(panel_seconds),5) + System.IdleTime(5)] + SubString(skin.string(bannervideopanel),auto) + Control.HasFocus(52) + SubString(skin.string(bannerglass),25)">conditional</animation>
	<animation effect="fade" start="100" end="20" time="300" condition="[SubString(skin.string(panel_seconds),1) + System.IdleTime(1) | SubString(skin.string(panel_seconds),2) + System.IdleTime(2) | SubString(skin.string(panel_seconds),3) + System.IdleTime(3) | SubString(skin.string(panel_seconds),4) + System.IdleTime(4) | SubString(skin.string(panel_seconds),5) + System.IdleTime(5)] + SubString(skin.string(bannervideopanel),auto) + Control.HasFocus(52) + SubString(skin.string(bannerglass),20)">conditional</animation>
	<animation effect="fade" start="100" end="15" time="300" condition="[SubString(skin.string(panel_seconds),1) + System.IdleTime(1) | SubString(skin.string(panel_seconds),2) + System.IdleTime(2) | SubString(skin.string(panel_seconds),3) + System.IdleTime(3) | SubString(skin.string(panel_seconds),4) + System.IdleTime(4) | SubString(skin.string(panel_seconds),5) + System.IdleTime(5)] + SubString(skin.string(bannervideopanel),auto) + Control.HasFocus(52) + SubString(skin.string(bannerglass),15)">conditional</animation>
	<animation effect="fade" start="100" end="10" time="300" condition="[SubString(skin.string(panel_seconds),1) + System.IdleTime(1) | SubString(skin.string(panel_seconds),2) + System.IdleTime(2) | SubString(skin.string(panel_seconds),3) + System.IdleTime(3) | SubString(skin.string(panel_seconds),4) + System.IdleTime(4) | SubString(skin.string(panel_seconds),5) + System.IdleTime(5)] + SubString(skin.string(bannervideopanel),auto) + Control.HasFocus(52) + SubString(skin.string(bannerglass),10)">conditional</animation>
	<animation effect="fade" start="100" end="5" time="300" condition="[SubString(skin.string(panel_seconds),1) + System.IdleTime(1) | SubString(skin.string(panel_seconds),2) + System.IdleTime(2) | SubString(skin.string(panel_seconds),3) + System.IdleTime(3) | SubString(skin.string(panel_seconds),4) + System.IdleTime(4) | SubString(skin.string(panel_seconds),5) + System.IdleTime(5)] + SubString(skin.string(bannervideopanel),auto) + Control.HasFocus(52) + SubString(skin.string(bannerglass),05)">conditional</animation>
	<animation effect="fade" start="100" end="0" time="300" condition="[SubString(skin.string(panel_seconds),1) + System.IdleTime(1) | SubString(skin.string(panel_seconds),2) + System.IdleTime(2) | SubString(skin.string(panel_seconds),3) + System.IdleTime(3) | SubString(skin.string(panel_seconds),4) + System.IdleTime(4) | SubString(skin.string(panel_seconds),5) + System.IdleTime(5)] + SubString(skin.string(bannervideopanel),auto) + Control.HasFocus(52) + SubString(skin.string(bannerglass),00)">conditional</animation>
	<animation effect="fade" start="100" end="50" time="0" condition="SubString(skin.string(bannerglass),50) + Window.IsVisible(6636)">conditional</animation>
	<animation effect="fade" start="100" end="45" time="0" condition="SubString(skin.string(bannerglass),45) + Window.IsVisible(6636)">conditional</animation>
	<animation effect="fade" start="100" end="40" time="0" condition="SubString(skin.string(bannerglass),40) + Window.IsVisible(6636)">conditional</animation>
	<animation effect="fade" start="100" end="35" time="0" condition="SubString(skin.string(bannerglass),35) + Window.IsVisible(6636)">conditional</animation>
	<animation effect="fade" start="100" end="30" time="0" condition="SubString(skin.string(bannerglass),30) + Window.IsVisible(6636)">conditional</animation>
	<animation effect="fade" start="100" end="25" time="0" condition="SubString(skin.string(bannerglass),25) + Window.IsVisible(6636)">conditional</animation>
	<animation effect="fade" start="100" end="20" time="0" condition="SubString(skin.string(bannerglass),20) + Window.IsVisible(6636)">conditional</animation>
	<animation effect="fade" start="100" end="15" time="0" condition="SubString(skin.string(bannerglass),15) + Window.IsVisible(6636)">conditional</animation>
	<animation effect="fade" start="100" end="10" time="0" condition="SubString(skin.string(bannerglass),10) + Window.IsVisible(6636)">conditional</animation>
	<animation effect="fade" start="100" end="05" time="0" condition="SubString(skin.string(bannerglass),05) + Window.IsVisible(6636)">conditional</animation>
	<animation effect="fade" start="100" end="0" time="0" condition="SubString(skin.string(bannerglass),00) + Window.IsVisible(6636)">conditional</animation>
	</include>
	<include name="Banner_Plot">
	<visible>[SubString(skin.string(panel_seconds),1) + System.IdleTime(1) | SubString(skin.string(panel_seconds),2) + System.IdleTime(2) | SubString(skin.string(panel_seconds),3) + System.IdleTime(3) | SubString(skin.string(panel_seconds),4) + System.IdleTime(4) | SubString(skin.string(panel_seconds),5) + System.IdleTime(5)] + SubString(skin.string(bannervideopanel),auto) + Control.HasFocus(52)</visible>
	</include>
	<include name="ViewBanner">
	<control type="group">
	<animation effect="fade" time="400">VisibleChange</animation>
	<include>ViewBack</include>
	<!-- Fundo -->
	<visible>Control.IsVisible(52)</visible>
	<control type="panel" id="52">
	<viewtype label="31811">Wide Icon</viewtype>
	<left>75</left>
	<top>147</top>
	<width>1800</width>
	<height>822</height>
	<onleft>9900</onleft>
	<onright>80</onright>
	<pagecontrol>80</pagecontrol>
	<scrolltime>450</scrolltime>
	<preloaditems>2</preloaditems>
	<animation effect="slide" start="0,0" end="-15,0" time="400" tween="cubic" easing="inout" condition="Control.HasFocus(80)">Conditional</animation>
	<visible>Container.Content(movies) | Container.Content(tvshows) | Container.Content(seasons)</visible>
	<itemlayout height="206" width="900">
	<control type="group">
	<include>Banner_Dimmer</include>
	<!-- Background -->
	<control type="image">	
	<width>885</width>
	<height>190</height>
	<texture>banner_glass.png</texture>
	<colordiffuse>FF505050</colordiffuse>
	<aspectratio>stretch</aspectratio>
	<include>Animation_Fade</include>
	</control>
	<!-- Cover -->
	<control type="image">	
	<width>885</width>
	<height>190</height>
	<bordersize>8</bordersize>
	<texture background="true">$VAR[value_banner]</texture>
	<aspectratio>keep</aspectratio>
	</control>
	<control type="image">
	<left>819</left>
	<top>9</top>
	<width>60</width>
	<height>60</height>
	<texture colordiffuse="$INFO[Skin.String(colorwatched)]">$VAR[value_watchedstyle]</texture>
	<visible>!Skin.HasSetting(nooverlays) + StringCompare(ListItem.Overlay,OverlayWatched.png)</visible>
	</control>
	</control>
	</itemlayout>
	<focusedlayout height="206" width="900">
	<!-- Background -->
	<control type="image">	
	<width>885</width>
	<height>190</height>
	<texture>banner_glass.png</texture>
	<aspectratio>stretch</aspectratio>
	<animation effect="zoom" center="auto" start="90" end="110" time="600" tween="back" easing="out" reversible="false" condition="Skin.HasSetting(bannerzoom)">Focus</animation>
	</control>
	<!-- Background Double -->
	<control type="image">	
	<width>885</width>
	<height>190</height>
	<texture>banner_glass.png</texture>
	<aspectratio>stretch</aspectratio>
	<animation effect="zoom" center="auto" start="90" end="110" time="600" tween="back" easing="out" reversible="false" condition="Skin.HasSetting(bannerzoom)">Focus</animation>
	</control>
	<!-- Cover -->
	<control type="image">	
	<width>885</width>
	<height>190</height>
	<bordersize>8</bordersize>
	<texture background="true">$VAR[value_banner]</texture>
	<aspectratio>keep</aspectratio>
	<animation effect="zoom" center="auto" start="90" end="110" time="600" tween="back" easing="out" reversible="false" condition="Skin.HasSetting(bannerzoom)">Focus</animation>
	</control>
	<control type="image">
	<left>819</left>
	<top>9</top>
	<width>60</width>
	<height>60</height>
	<texture colordiffuse="$INFO[Skin.String(colorwatched)]">$VAR[value_watchedstyle]</texture>
	<animation effect="zoom" center="435,90" start="90" end="110" time="600" tween="back" easing="out" reversible="false" condition="Skin.HasSetting(bannerzoom)">Focus</animation>
	<visible>!Skin.HasSetting(nooverlays) + StringCompare(ListItem.Overlay,OverlayWatched.png)</visible>
	</control>
	</focusedlayout>
	</control>
	<!-- plot -->
	<control type="group">	
	<animation effect="slide" start="0,0" end="38,0" condition="Container(52).Column(0) + Skin.HasSetting(bannerzoom)">Conditional</animation>
	<animation effect="slide" start="0,0" end="-38,0" condition="Container(52).Column(1) + Skin.HasSetting(bannerzoom)">Conditional</animation>
	<animation effect="slide" start="0,0" end="990,0" time="0" condition="Container(52).Column(0)">Conditional</animation>
	<animation effect="slide" start="0,0" end="90,0" time="0" condition="Container(52).Column(1)">Conditional</animation>
	<animation effect="slide" start="0,0" end="0,128" time="0" condition="Container(52).Row(0)">Conditional</animation>
	<animation effect="slide" start="0,0" end="0,334" time="0" condition="Container(52).Row(1)">Conditional</animation>
	<animation effect="slide" start="0,0" end="0,542" time="0" condition="Container(52).Row(2)">Conditional</animation>
	<animation effect="slide" start="0,0" end="0,748" time="0" condition="Container(52).Row(3)">Conditional</animation>
	<include>Banner_Plot</include>
	<visible>!StringCompare(ListItem.Label,..)</visible>
	<control type="image">
	<left>0</left>
	<top>15</top>
	<width>750</width>
	<height>38</height>
	<texture>gradient_focus.png</texture>
	<colordiffuse>$INFO[Skin.String(colorheader)]</colordiffuse>
	</control>
	<control type="label">
	<left>0</left>
	<top>8</top>
	<width>750</width>
	<height>22</height>
	<textcolor>FFFFFAF0</textcolor>
	<label>$VAR[value_glasslistinfofocus]</label>
	<font>Font_plot</font>
	<scroll>true</scroll>
	<visible>!StringCompare(ListItem.Label,..)</visible>
	</control>
	<control type="image">
	<left>0</left>
	<top>45</top>
	<width>750</width>
	<height>3</height>
	<align>left</align>
	<texture flipx="true">divider.png</texture>
	</control>
	<control type="textbox">
	<left>0</left>
	<top>52</top>
	<width>855</width>
	<height>162</height>
	<label>$VAR[value_plot]</label>
	<font>Font_plot</font>
	<autoscroll delay="10000" time="4000" repeat="8000">!Skin.HasSetting(noallowscroll)</autoscroll>
	</control>
	</control>
	<control type="scrollbar" id="80">
	<include>ScrollBar_Vertical</include>
	<left>1860</left>
	<top>138</top>
	<height>822</height>
	<onleft>52</onleft>
	<onright>9920</onright>
	<include>Animation_Fade</include>
	<visible allowhiddenfocus="true">Control.IsVisible(52) + Control.HasFocus(80)</visible>
	</control>
	</control>
	</include>
</includes>