<?xml version="1.0" encoding="UTF-8"?>
<window id="6515" type="dialog">
	<!-- Aeon MQ 7 -->
	<!-- Addon 15 -->
	<defaultcontrol>-</defaultcontrol>
	<include>SubMenuCommon</include>
	<controls>
	<control type="group">
	<include condition="Window.IsVisible(6000)">MenuCustom</include>
	<control type="group">
	<!-- default group -->
	<include>Animation_SubMenu</include>
	<include condition="Window.IsVisible(6000)">SubmenuGoTo</include>
	<include condition="Window.IsVisible(Home)">SubMenuDefault</include>
	<control type="panel" id="9000">
	<include condition="Window.IsVisible(6000)">SubmenuCustomList</include>
	<include condition="Window.IsVisible(Home) + !Skin.HasSetting(mainmenuvertical)">SubmenuHList</include>
	<include condition="Window.IsVisible(Home) + Skin.HasSetting(mainmenuvertical)">SubmenuVList</include>
	<content>
	<item>
	<label fallback="31014">$VAR[value_menu51501.label]</label>
	<property name="condition">$INFO[skin.string(menu51501.visible)]</property>
	<property name="name">menu51501</property>
	<property name="id">$INFO[skin.string(menu51501.master)]</property>
	<onclick condition="Window.IsVisible(6000)">SetFocus(5000)</onclick>
	<onclick condition="Window.IsVisible(Home)">Dialog.Close(6515)</onclick>
	<onclick condition="Window.IsVisible(Home)">Skin.SetString(submenu_action,$VAR[value_menu51501.action])</onclick>
	<visible>![IsEmpty(skin.string(menu51501.master)) | SubString(skin.string(menu51501.visible),off)] | Window.IsVisible(6000)</visible>
	</item>
	<item>
	<label fallback="31014">$VAR[value_menu51502.label]</label>
	<property name="condition">$INFO[skin.string(menu51502.visible)]</property>
	<property name="name">menu51502</property>
	<property name="id">$INFO[skin.string(menu51502.master)]</property>
	<onclick condition="Window.IsVisible(6000)">SetFocus(5000)</onclick>
	<onclick condition="Window.IsVisible(Home)">Dialog.Close(6515)</onclick>
	<onclick condition="Window.IsVisible(Home)">Skin.SetString(submenu_action,$VAR[value_menu51502.action])</onclick>
	<visible>![IsEmpty(skin.string(menu51502.master)) | SubString(skin.string(menu51502.visible),off)] | Window.IsVisible(6000)</visible>
	</item>
	<item>
	<label fallback="31014">$VAR[value_menu51503.label]</label>
	<property name="condition">$INFO[skin.string(menu51503.visible)]</property>
	<property name="name">menu51503</property>
	<property name="id">$INFO[skin.string(menu51503.master)]</property>
	<onclick condition="Window.IsVisible(6000)">SetFocus(5000)</onclick>
	<onclick condition="Window.IsVisible(Home)">Dialog.Close(6515)</onclick>
	<onclick condition="Window.IsVisible(Home)">Skin.SetString(submenu_action,$VAR[value_menu51503.action])</onclick>
	<visible>![IsEmpty(skin.string(menu51503.master)) | SubString(skin.string(menu51503.visible),off)] | Window.IsVisible(6000)</visible>
	</item>
	<item>
	<label fallback="31014">$VAR[value_menu51504.label]</label>
	<property name="condition">$INFO[skin.string(menu51504.visible)]</property>
	<property name="name">menu51504</property>
	<property name="id">$INFO[skin.string(menu51504.master)]</property>
	<onclick condition="Window.IsVisible(6000)">SetFocus(5000)</onclick>
	<onclick condition="Window.IsVisible(Home)">Dialog.Close(6515)</onclick>
	<onclick condition="Window.IsVisible(Home)">Skin.SetString(submenu_action,$VAR[value_menu51504.action])</onclick>
	<visible>![IsEmpty(skin.string(menu51504.master)) | SubString(skin.string(menu51504.visible),off)] | Window.IsVisible(6000)</visible>
	</item>
	<item>
	<label fallback="31014">$VAR[value_menu51505.label]</label>
	<property name="condition">$INFO[skin.string(menu51505.visible)]</property>
	<property name="name">menu51505</property>
	<property name="id">$INFO[skin.string(menu51505.master)]</property>
	<onclick condition="Window.IsVisible(6000)">SetFocus(5000)</onclick>
	<onclick condition="Window.IsVisible(Home)">Dialog.Close(6515)</onclick>
	<onclick condition="Window.IsVisible(Home)">Skin.SetString(submenu_action,$VAR[value_menu51505.action])</onclick>
	<visible>![IsEmpty(skin.string(menu51505.master)) | SubString(skin.string(menu51505.visible),off)] | Window.IsVisible(6000)</visible>
	</item>
	<item>
	<label fallback="31014">$VAR[value_menu51506.label]</label>
	<property name="condition">$INFO[skin.string(menu51506.visible)]</property>
	<property name="name">menu51506</property>
	<property name="id">$INFO[skin.string(menu51506.master)]</property>
	<onclick condition="Window.IsVisible(6000)">SetFocus(5000)</onclick>
	<onclick condition="Window.IsVisible(Home)">Dialog.Close(6515)</onclick>
	<onclick condition="Window.IsVisible(Home)">Skin.SetString(submenu_action,$VAR[value_menu51506.action])</onclick>
	<visible>![IsEmpty(skin.string(menu51506.master)) | SubString(skin.string(menu51506.visible),off)] | Window.IsVisible(6000)</visible>
	</item>
	<item>
	<label fallback="31014">$VAR[value_menu51507.label]</label>
	<property name="condition">$INFO[skin.string(menu51507.visible)]</property>
	<property name="name">menu51507</property>
	<property name="id">$INFO[skin.string(menu51507.master)]</property>
	<onclick condition="Window.IsVisible(6000)">SetFocus(5000)</onclick>
	<onclick condition="Window.IsVisible(Home)">Dialog.Close(6515)</onclick>
	<onclick condition="Window.IsVisible(Home)">Skin.SetString(submenu_action,$VAR[value_menu51507.action])</onclick>
	<visible>![IsEmpty(skin.string(menu51507.master)) | SubString(skin.string(menu51507.visible),off)] | Window.IsVisible(6000)</visible>
	</item>
	<item>
	<label fallback="31014">$VAR[value_menu51508.label]</label>
	<property name="condition">$INFO[skin.string(menu51508.visible)]</property>
	<property name="name">menu51508</property>
	<property name="id">$INFO[skin.string(menu51508.master)]</property>
	<onclick condition="Window.IsVisible(6000)">SetFocus(5000)</onclick>
	<onclick condition="Window.IsVisible(Home)">Dialog.Close(6515)</onclick>
	<onclick condition="Window.IsVisible(Home)">Skin.SetString(submenu_action,$VAR[value_menu51508.action])</onclick>
	<visible>![IsEmpty(skin.string(menu51508.master)) | SubString(skin.string(menu51508.visible),off)] | Window.IsVisible(6000)</visible>
	</item>
	<item>
	<label fallback="31014">$VAR[value_menu51509.label]</label>
	<property name="condition">$INFO[skin.string(menu51509.visible)]</property>
	<property name="name">menu51509</property>
	<property name="id">$INFO[skin.string(menu51509.master)]</property>
	<onclick condition="Window.IsVisible(6000)">SetFocus(5000)</onclick>
	<onclick condition="Window.IsVisible(Home)">Dialog.Close(6515)</onclick>
	<onclick condition="Window.IsVisible(Home)">Skin.SetString(submenu_action,$VAR[value_menu51509.action])</onclick>
	<visible>![IsEmpty(skin.string(menu51509.master)) | SubString(skin.string(menu51509.visible),off)] | Window.IsVisible(6000)</visible>
	</item>
	<item>
	<label fallback="31014">$VAR[value_menu51510.label]</label>
	<property name="condition">$INFO[skin.string(menu51510.visible)]</property>
	<property name="name">menu51510</property>
	<property name="id">$INFO[skin.string(menu51510.master)]</property>
	<onclick condition="Window.IsVisible(6000)">SetFocus(5000)</onclick>
	<onclick condition="Window.IsVisible(Home)">Dialog.Close(6515)</onclick>
	<onclick condition="Window.IsVisible(Home)">Skin.SetString(submenu_action,$VAR[value_menu51510.action])</onclick>
	<visible>![IsEmpty(skin.string(menu51510.master)) | SubString(skin.string(menu51510.visible),off)] | Window.IsVisible(6000)</visible>
	</item>
	<item>
	<label fallback="31014">$VAR[value_menu51511.label]</label>
	<property name="condition">$INFO[skin.string(menu51511.visible)]</property>
	<property name="name">menu51511</property>
	<property name="id">$INFO[skin.string(menu51511.master)]</property>
	<onclick condition="Window.IsVisible(6000)">SetFocus(5000)</onclick>
	<onclick condition="Window.IsVisible(Home)">Dialog.Close(6515)</onclick>
	<onclick condition="Window.IsVisible(Home)">Skin.SetString(submenu_action,$VAR[value_menu51511.action])</onclick>
	<visible>![IsEmpty(skin.string(menu51511.master)) | SubString(skin.string(menu51511.visible),off)] | Window.IsVisible(6000)</visible>
	</item>
	<item>
	<label fallback="31014">$VAR[value_menu51512.label]</label>
	<property name="condition">$INFO[skin.string(menu51512.visible)]</property>
	<property name="name">menu51512</property>
	<property name="id">$INFO[skin.string(menu51512.master)]</property>
	<onclick condition="Window.IsVisible(6000)">SetFocus(5000)</onclick>
	<onclick condition="Window.IsVisible(Home)">Dialog.Close(6515)</onclick>
	<onclick condition="Window.IsVisible(Home)">Skin.SetString(submenu_action,$VAR[value_menu51512.action])</onclick>
	<visible>![IsEmpty(skin.string(menu51512.master)) | SubString(skin.string(menu51512.visible),off)] | Window.IsVisible(6000)</visible>
	</item>
	<item>
	<label fallback="31014">$VAR[value_menu51513.label]</label>
	<property name="condition">$INFO[skin.string(menu51513.visible)]</property>
	<property name="name">menu51513</property>
	<property name="id">$INFO[skin.string(menu51513.master)]</property>
	<onclick condition="Window.IsVisible(6000)">SetFocus(5000)</onclick>
	<onclick condition="Window.IsVisible(Home)">Dialog.Close(6515)</onclick>
	<onclick condition="Window.IsVisible(Home)">Skin.SetString(submenu_action,$VAR[value_menu51513.action])</onclick>
	<visible>![IsEmpty(skin.string(menu51513.master)) | SubString(skin.string(menu51513.visible),off)] | Window.IsVisible(6000)</visible>
	</item>
	<item>
	<label fallback="31014">$VAR[value_menu51514.label]</label>
	<property name="condition">$INFO[skin.string(menu51514.visible)]</property>
	<property name="name">menu51514</property>
	<property name="id">$INFO[skin.string(menu51514.master)]</property>
	<onclick condition="Window.IsVisible(6000)">SetFocus(5000)</onclick>
	<onclick condition="Window.IsVisible(Home)">Dialog.Close(6515)</onclick>
	<onclick condition="Window.IsVisible(Home)">Skin.SetString(submenu_action,$VAR[value_menu51514.action])</onclick>
	<visible>![IsEmpty(skin.string(menu51514.master)) | SubString(skin.string(menu51514.visible),off)] | Window.IsVisible(6000)</visible>
	</item>
	<item>
	<label fallback="31014">$VAR[value_menu51515.label]</label>
	<property name="condition">$INFO[skin.string(menu51515.visible)]</property>
	<property name="name">menu51515</property>
	<property name="id">$INFO[skin.string(menu51515.master)]</property>
	<onclick condition="Window.IsVisible(6000)">SetFocus(5000)</onclick>
	<onclick condition="Window.IsVisible(Home)">Dialog.Close(6515)</onclick>
	<onclick condition="Window.IsVisible(Home)">Skin.SetString(submenu_action,$VAR[value_menu51515.action])</onclick>
	<visible>![IsEmpty(skin.string(menu51515.master)) | SubString(skin.string(menu51515.visible),off)] | Window.IsVisible(6000)</visible>
	</item>
	</content>
	</control>
	</control>
	</control>
	</controls>
</window>