<?xml version="1.0" encoding="UTF-8"?>
<window id="6204" type="dialog">
	<!-- Aeon MQ 7 -->
	<!-- A-Playlist 4 -->
	<defaultcontrol>-</defaultcontrol>
	<include>SubMenuCommon</include>
	<controls>
	<control type="group">
	<include condition="Window.IsVisible(6000)">MenuCustom</include>
	<control type="group">
	<!-- default group -->
	<include>Animation_SubMenu</include>
	<include condition="Window.IsVisible(6000)">SubmenuGoTo</include>
	<include condition="Window.IsVisible(Home)">SubMenuDefault</include>
	<control type="panel" id="9000">
	<include condition="Window.IsVisible(6000)">SubmenuCustomList</include>
	<include condition="Window.IsVisible(Home) + !Skin.HasSetting(mainmenuvertical)">SubmenuHList</include>
	<include condition="Window.IsVisible(Home) + Skin.HasSetting(mainmenuvertical)">SubmenuVList</include>
	<content>
	<item>
	<label fallback="31014">$VAR[value_menu20401.label]</label>
	<property name="condition">$INFO[skin.string(menu20401.visible)]</property>
	<property name="name">menu20401</property>
	<property name="id">$INFO[skin.string(menu20401.master)]</property>
	<onclick condition="Window.IsVisible(6000)">SetFocus(5000)</onclick>
	<onclick condition="Window.IsVisible(Home)">Dialog.Close(6204)</onclick>
	<onclick condition="Window.IsVisible(Home)">Skin.SetString(submenu_action,$VAR[value_menu20401.action])</onclick>
	<visible>![IsEmpty(skin.string(menu20401.master)) | SubString(skin.string(menu20401.visible),off)] | Window.IsVisible(6000)</visible>
	</item>
	<item>
	<label fallback="31014">$VAR[value_menu20402.label]</label>
	<property name="condition">$INFO[skin.string(menu20402.visible)]</property>
	<property name="name">menu20402</property>
	<property name="id">$INFO[skin.string(menu20402.master)]</property>
	<onclick condition="Window.IsVisible(6000)">SetFocus(5000)</onclick>
	<onclick condition="Window.IsVisible(Home)">Dialog.Close(6204)</onclick>
	<onclick condition="Window.IsVisible(Home)">Skin.SetString(submenu_action,$VAR[value_menu20402.action])</onclick>
	<visible>![IsEmpty(skin.string(menu20402.master)) | SubString(skin.string(menu20402.visible),off)] | Window.IsVisible(6000)</visible>
	</item>
	<item>
	<label fallback="31014">$VAR[value_menu20403.label]</label>
	<property name="condition">$INFO[skin.string(menu20403.visible)]</property>
	<property name="name">menu20403</property>
	<property name="id">$INFO[skin.string(menu20403.master)]</property>
	<onclick condition="Window.IsVisible(6000)">SetFocus(5000)</onclick>
	<onclick condition="Window.IsVisible(Home)">Dialog.Close(6204)</onclick>
	<onclick condition="Window.IsVisible(Home)">Skin.SetString(submenu_action,$VAR[value_menu20403.action])</onclick>
	<visible>![IsEmpty(skin.string(menu20403.master)) | SubString(skin.string(menu20403.visible),off)] | Window.IsVisible(6000)</visible>
	</item>
	<item>
	<label fallback="31014">$VAR[value_menu20404.label]</label>
	<property name="condition">$INFO[skin.string(menu20404.visible)]</property>
	<property name="name">menu20404</property>
	<property name="id">$INFO[skin.string(menu20404.master)]</property>
	<onclick condition="Window.IsVisible(6000)">SetFocus(5000)</onclick>
	<onclick condition="Window.IsVisible(Home)">Dialog.Close(6204)</onclick>
	<onclick condition="Window.IsVisible(Home)">Skin.SetString(submenu_action,$VAR[value_menu20404.action])</onclick>
	<visible>![IsEmpty(skin.string(menu20404.master)) | SubString(skin.string(menu20404.visible),off)] | Window.IsVisible(6000)</visible>
	</item>
	<item>
	<label fallback="31014">$VAR[value_menu20405.label]</label>
	<property name="condition">$INFO[skin.string(menu20405.visible)]</property>
	<property name="name">menu20405</property>
	<property name="id">$INFO[skin.string(menu20405.master)]</property>
	<onclick condition="Window.IsVisible(6000)">SetFocus(5000)</onclick>
	<onclick condition="Window.IsVisible(Home)">Dialog.Close(6204)</onclick>
	<onclick condition="Window.IsVisible(Home)">Skin.SetString(submenu_action,$VAR[value_menu20405.action])</onclick>
	<visible>![IsEmpty(skin.string(menu20405.master)) | SubString(skin.string(menu20405.visible),off)] | Window.IsVisible(6000)</visible>
	</item>
	<item>
	<label fallback="31014">$VAR[value_menu20406.label]</label>
	<property name="condition">$INFO[skin.string(menu20406.visible)]</property>
	<property name="name">menu20406</property>
	<property name="id">$INFO[skin.string(menu20406.master)]</property>
	<onclick condition="Window.IsVisible(6000)">SetFocus(5000)</onclick>
	<onclick condition="Window.IsVisible(Home)">Dialog.Close(6204)</onclick>
	<onclick condition="Window.IsVisible(Home)">Skin.SetString(submenu_action,$VAR[value_menu20406.action])</onclick>
	<visible>![IsEmpty(skin.string(menu20406.master)) | SubString(skin.string(menu20406.visible),off)] | Window.IsVisible(6000)</visible>
	</item>
	<item>
	<label fallback="31014">$VAR[value_menu20407.label]</label>
	<property name="condition">$INFO[skin.string(menu20407.visible)]</property>
	<property name="name">menu20407</property>
	<property name="id">$INFO[skin.string(menu20407.master)]</property>
	<onclick condition="Window.IsVisible(6000)">SetFocus(5000)</onclick>
	<onclick condition="Window.IsVisible(Home)">Dialog.Close(6204)</onclick>
	<onclick condition="Window.IsVisible(Home)">Skin.SetString(submenu_action,$VAR[value_menu20407.action])</onclick>
	<visible>![IsEmpty(skin.string(menu20407.master)) | SubString(skin.string(menu20407.visible),off)] | Window.IsVisible(6000)</visible>
	</item>
	<item>
	<label fallback="31014">$VAR[value_menu20408.label]</label>
	<property name="condition">$INFO[skin.string(menu20408.visible)]</property>
	<property name="name">menu20408</property>
	<property name="id">$INFO[skin.string(menu20408.master)]</property>
	<onclick condition="Window.IsVisible(6000)">SetFocus(5000)</onclick>
	<onclick condition="Window.IsVisible(Home)">Dialog.Close(6204)</onclick>
	<onclick condition="Window.IsVisible(Home)">Skin.SetString(submenu_action,$VAR[value_menu20408.action])</onclick>
	<visible>![IsEmpty(skin.string(menu20408.master)) | SubString(skin.string(menu20408.visible),off)] | Window.IsVisible(6000)</visible>
	</item>
	<item>
	<label fallback="31014">$VAR[value_menu20409.label]</label>
	<property name="condition">$INFO[skin.string(menu20409.visible)]</property>
	<property name="name">menu20409</property>
	<property name="id">$INFO[skin.string(menu20409.master)]</property>
	<onclick condition="Window.IsVisible(6000)">SetFocus(5000)</onclick>
	<onclick condition="Window.IsVisible(Home)">Dialog.Close(6204)</onclick>
	<onclick condition="Window.IsVisible(Home)">Skin.SetString(submenu_action,$VAR[value_menu20409.action])</onclick>
	<visible>![IsEmpty(skin.string(menu20409.master)) | SubString(skin.string(menu20409.visible),off)] | Window.IsVisible(6000)</visible>
	</item>
	<item>
	<label fallback="31014">$VAR[value_menu20410.label]</label>
	<property name="condition">$INFO[skin.string(menu20410.visible)]</property>
	<property name="name">menu20410</property>
	<property name="id">$INFO[skin.string(menu20410.master)]</property>
	<onclick condition="Window.IsVisible(6000)">SetFocus(5000)</onclick>
	<onclick condition="Window.IsVisible(Home)">Dialog.Close(6204)</onclick>
	<onclick condition="Window.IsVisible(Home)">Skin.SetString(submenu_action,$VAR[value_menu20410.action])</onclick>
	<visible>![IsEmpty(skin.string(menu20410.master)) | SubString(skin.string(menu20410.visible),off)] | Window.IsVisible(6000)</visible>
	</item>
	<item>
	<label fallback="31014">$VAR[value_menu20411.label]</label>
	<property name="condition">$INFO[skin.string(menu20411.visible)]</property>
	<property name="name">menu20411</property>
	<property name="id">$INFO[skin.string(menu20411.master)]</property>
	<onclick condition="Window.IsVisible(6000)">SetFocus(5000)</onclick>
	<onclick condition="Window.IsVisible(Home)">Dialog.Close(6204)</onclick>
	<onclick condition="Window.IsVisible(Home)">Skin.SetString(submenu_action,$VAR[value_menu20411.action])</onclick>
	<visible>![IsEmpty(skin.string(menu20411.master)) | SubString(skin.string(menu20411.visible),off)] | Window.IsVisible(6000)</visible>
	</item>
	<item>
	<label fallback="31014">$VAR[value_menu20412.label]</label>
	<property name="condition">$INFO[skin.string(menu20412.visible)]</property>
	<property name="name">menu20412</property>
	<property name="id">$INFO[skin.string(menu20412.master)]</property>
	<onclick condition="Window.IsVisible(6000)">SetFocus(5000)</onclick>
	<onclick condition="Window.IsVisible(Home)">Dialog.Close(6204)</onclick>
	<onclick condition="Window.IsVisible(Home)">Skin.SetString(submenu_action,$VAR[value_menu20412.action])</onclick>
	<visible>![IsEmpty(skin.string(menu20412.master)) | SubString(skin.string(menu20412.visible),off)] | Window.IsVisible(6000)</visible>
	</item>
	<item>
	<label fallback="31014">$VAR[value_menu20413.label]</label>
	<property name="condition">$INFO[skin.string(menu20413.visible)]</property>
	<property name="name">menu20413</property>
	<property name="id">$INFO[skin.string(menu20413.master)]</property>
	<onclick condition="Window.IsVisible(6000)">SetFocus(5000)</onclick>
	<onclick condition="Window.IsVisible(Home)">Dialog.Close(6204)</onclick>
	<onclick condition="Window.IsVisible(Home)">Skin.SetString(submenu_action,$VAR[value_menu20413.action])</onclick>
	<visible>![IsEmpty(skin.string(menu20413.master)) | SubString(skin.string(menu20413.visible),off)] | Window.IsVisible(6000)</visible>
	</item>
	<item>
	<label fallback="31014">$VAR[value_menu20414.label]</label>
	<property name="condition">$INFO[skin.string(menu20414.visible)]</property>
	<property name="name">menu20414</property>
	<property name="id">$INFO[skin.string(menu20414.master)]</property>
	<onclick condition="Window.IsVisible(6000)">SetFocus(5000)</onclick>
	<onclick condition="Window.IsVisible(Home)">Dialog.Close(6204)</onclick>
	<onclick condition="Window.IsVisible(Home)">Skin.SetString(submenu_action,$VAR[value_menu20414.action])</onclick>
	<visible>![IsEmpty(skin.string(menu20414.master)) | SubString(skin.string(menu20414.visible),off)] | Window.IsVisible(6000)</visible>
	</item>
	<item>
	<label fallback="31014">$VAR[value_menu20415.label]</label>
	<property name="condition">$INFO[skin.string(menu20415.visible)]</property>
	<property name="name">menu20415</property>
	<property name="id">$INFO[skin.string(menu20415.master)]</property>
	<onclick condition="Window.IsVisible(6000)">SetFocus(5000)</onclick>
	<onclick condition="Window.IsVisible(Home)">Dialog.Close(6204)</onclick>
	<onclick condition="Window.IsVisible(Home)">Skin.SetString(submenu_action,$VAR[value_menu20415.action])</onclick>
	<visible>![IsEmpty(skin.string(menu20415.master)) | SubString(skin.string(menu20415.visible),off)] | Window.IsVisible(6000)</visible>
	</item>
	</content>
	</control>
	</control>
	</control>
	</controls>
</window>