<?xml version="1.0" encoding="UTF-8"?>
<window id="6047" type="dialog">
	<!-- Aeon MQ 7 -->
	<!-- Seriado atores -->
	<defaultcontrol>-</defaultcontrol>
	<include>SubMenuCommon</include>
	<controls>
	<control type="group">
	<include condition="Window.IsVisible(6000)">MenuCustom</include>
	<control type="group">
	<!-- default group -->
	<include>Animation_SubMenu</include>
	<include condition="Window.IsVisible(6000)">SubmenuGoTo</include>
	<include condition="Window.IsVisible(Home)">SubMenuDefault</include>
	<control type="panel" id="9000">
	<include condition="Window.IsVisible(6000)">SubmenuCustomList</include>
	<include condition="Window.IsVisible(Home) + !Skin.HasSetting(mainmenuvertical)">SubmenuHList</include>
	<include condition="Window.IsVisible(Home) + Skin.HasSetting(mainmenuvertical)">SubmenuVList</include>
	<content>
	<item>
	<label fallback="31014">$VAR[value_menu4701.label]</label>
	<property name="condition">$INFO[skin.string(menu4701.visible)]</property>
	<property name="name">menu4701</property>
	<property name="id">$INFO[skin.string(menu4701.master)]</property>
	<onclick condition="Window.IsVisible(6000)">SetFocus(5000)</onclick>
	<onclick condition="Window.IsVisible(Home)">Dialog.Close(6047)</onclick>
	<onclick condition="Window.IsVisible(Home)">Skin.SetString(submenu_action,$VAR[value_menu4701.action])</onclick>
	<visible>![IsEmpty(skin.string(menu4701.master)) | SubString(skin.string(menu4701.visible),off)] | Window.IsVisible(6000)</visible>
	</item>
	<item>
	<label fallback="31014">$VAR[value_menu4702.label]</label>
	<property name="condition">$INFO[skin.string(menu4702.visible)]</property>
	<property name="name">menu4702</property>
	<property name="id">$INFO[skin.string(menu4702.master)]</property>
	<onclick condition="Window.IsVisible(6000)">SetFocus(5000)</onclick>
	<onclick condition="Window.IsVisible(Home)">Dialog.Close(6047)</onclick>
	<onclick condition="Window.IsVisible(Home)">Skin.SetString(submenu_action,$VAR[value_menu4702.action])</onclick>
	<visible>![IsEmpty(skin.string(menu4702.master)) | SubString(skin.string(menu4702.visible),off)] | Window.IsVisible(6000)</visible>
	</item>
	<item>
	<label fallback="31014">$VAR[value_menu4703.label]</label>
	<property name="condition">$INFO[skin.string(menu4703.visible)]</property>
	<property name="name">menu4703</property>
	<property name="id">$INFO[skin.string(menu4703.master)]</property>
	<onclick condition="Window.IsVisible(6000)">SetFocus(5000)</onclick>
	<onclick condition="Window.IsVisible(Home)">Dialog.Close(6047)</onclick>
	<onclick condition="Window.IsVisible(Home)">Skin.SetString(submenu_action,$VAR[value_menu4703.action])</onclick>
	<visible>![IsEmpty(skin.string(menu4703.master)) | SubString(skin.string(menu4703.visible),off)] | Window.IsVisible(6000)</visible>
	</item>
	<item>
	<label fallback="31014">$VAR[value_menu4704.label]</label>
	<property name="condition">$INFO[skin.string(menu4704.visible)]</property>
	<property name="name">menu4704</property>
	<property name="id">$INFO[skin.string(menu4704.master)]</property>
	<onclick condition="Window.IsVisible(6000)">SetFocus(5000)</onclick>
	<onclick condition="Window.IsVisible(Home)">Dialog.Close(6047)</onclick>
	<onclick condition="Window.IsVisible(Home)">Skin.SetString(submenu_action,$VAR[value_menu4704.action])</onclick>
	<visible>![IsEmpty(skin.string(menu4704.master)) | SubString(skin.string(menu4704.visible),off)] | Window.IsVisible(6000)</visible>
	</item>
	<item>
	<label fallback="31014">$VAR[value_menu4705.label]</label>
	<property name="condition">$INFO[skin.string(menu4705.visible)]</property>
	<property name="name">menu4705</property>
	<property name="id">$INFO[skin.string(menu4705.master)]</property>
	<onclick condition="Window.IsVisible(6000)">SetFocus(5000)</onclick>
	<onclick condition="Window.IsVisible(Home)">Dialog.Close(6047)</onclick>
	<onclick condition="Window.IsVisible(Home)">Skin.SetString(submenu_action,$VAR[value_menu4705.action])</onclick>
	<visible>![IsEmpty(skin.string(menu4705.master)) | SubString(skin.string(menu4705.visible),off)] | Window.IsVisible(6000)</visible>
	</item>
	<item>
	<label fallback="31014">$VAR[value_menu4706.label]</label>
	<property name="condition">$INFO[skin.string(menu4706.visible)]</property>
	<property name="name">menu4706</property>
	<property name="id">$INFO[skin.string(menu4706.master)]</property>
	<onclick condition="Window.IsVisible(6000)">SetFocus(5000)</onclick>
	<onclick condition="Window.IsVisible(Home)">Dialog.Close(6047)</onclick>
	<onclick condition="Window.IsVisible(Home)">Skin.SetString(submenu_action,$VAR[value_menu4706.action])</onclick>
	<visible>![IsEmpty(skin.string(menu4706.master)) | SubString(skin.string(menu4706.visible),off)] | Window.IsVisible(6000)</visible>
	</item>
	<item>
	<label fallback="31014">$VAR[value_menu4707.label]</label>
	<property name="condition">$INFO[skin.string(menu4707.visible)]</property>
	<property name="name">menu4707</property>
	<property name="id">$INFO[skin.string(menu4707.master)]</property>
	<onclick condition="Window.IsVisible(6000)">SetFocus(5000)</onclick>
	<onclick condition="Window.IsVisible(Home)">Dialog.Close(6047)</onclick>
	<onclick condition="Window.IsVisible(Home)">Skin.SetString(submenu_action,$VAR[value_menu4707.action])</onclick>
	<visible>![IsEmpty(skin.string(menu4707.master)) | SubString(skin.string(menu4707.visible),off)] | Window.IsVisible(6000)</visible>
	</item>
	<item>
	<label fallback="31014">$VAR[value_menu4708.label]</label>
	<property name="condition">$INFO[skin.string(menu4708.visible)]</property>
	<property name="name">menu4708</property>
	<property name="id">$INFO[skin.string(menu4708.master)]</property>
	<onclick condition="Window.IsVisible(6000)">SetFocus(5000)</onclick>
	<onclick condition="Window.IsVisible(Home)">Dialog.Close(6047)</onclick>
	<onclick condition="Window.IsVisible(Home)">Skin.SetString(submenu_action,$VAR[value_menu4708.action])</onclick>
	<visible>![IsEmpty(skin.string(menu4708.master)) | SubString(skin.string(menu4708.visible),off)] | Window.IsVisible(6000)</visible>
	</item>
	<item>
	<label fallback="31014">$VAR[value_menu4709.label]</label>
	<property name="condition">$INFO[skin.string(menu4709.visible)]</property>
	<property name="name">menu4709</property>
	<property name="id">$INFO[skin.string(menu4709.master)]</property>
	<onclick condition="Window.IsVisible(6000)">SetFocus(5000)</onclick>
	<onclick condition="Window.IsVisible(Home)">Dialog.Close(6047)</onclick>
	<onclick condition="Window.IsVisible(Home)">Skin.SetString(submenu_action,$VAR[value_menu4709.action])</onclick>
	<visible>![IsEmpty(skin.string(menu4709.master)) | SubString(skin.string(menu4709.visible),off)] | Window.IsVisible(6000)</visible>
	</item>
	<item>
	<label fallback="31014">$VAR[value_menu4710.label]</label>
	<property name="condition">$INFO[skin.string(menu4710.visible)]</property>
	<property name="name">menu4710</property>
	<property name="id">$INFO[skin.string(menu4710.master)]</property>
	<onclick condition="Window.IsVisible(6000)">SetFocus(5000)</onclick>
	<onclick condition="Window.IsVisible(Home)">Dialog.Close(6047)</onclick>
	<onclick condition="Window.IsVisible(Home)">Skin.SetString(submenu_action,$VAR[value_menu4710.action])</onclick>
	<visible>![IsEmpty(skin.string(menu4710.master)) | SubString(skin.string(menu4710.visible),off)] | Window.IsVisible(6000)</visible>
	</item>
	</content>
	</control>
	</control>
	</control>
	</controls>
</window>