<?xml version="1.0" encoding="UTF-8"?>
<window id="6519" type="dialog">
	<!-- Aeon MQ 7 -->
	<!-- Addon 19 -->
	<defaultcontrol>-</defaultcontrol>
	<include>SubMenuCommon</include>
	<controls>
	<control type="group">
	<include condition="Window.IsVisible(6000)">MenuCustom</include>
	<control type="group">
	<!-- default group -->
	<include>Animation_SubMenu</include>
	<include condition="Window.IsVisible(6000)">SubmenuGoTo</include>
	<include condition="Window.IsVisible(Home)">SubMenuDefault</include>
	<control type="panel" id="9000">
	<include condition="Window.IsVisible(6000)">SubmenuCustomList</include>
	<include condition="Window.IsVisible(Home) + !Skin.HasSetting(mainmenuvertical)">SubmenuHList</include>
	<include condition="Window.IsVisible(Home) + Skin.HasSetting(mainmenuvertical)">SubmenuVList</include>
	<content>
	<item>
	<label fallback="31014">$VAR[value_menu51901.label]</label>
	<property name="condition">$INFO[skin.string(menu51901.visible)]</property>
	<property name="name">menu51901</property>
	<property name="id">$INFO[skin.string(menu51901.master)]</property>
	<onclick condition="Window.IsVisible(6000)">SetFocus(5000)</onclick>
	<onclick condition="Window.IsVisible(Home)">Dialog.Close(6519)</onclick>
	<onclick condition="Window.IsVisible(Home)">Skin.SetString(submenu_action,$VAR[value_menu51901.action])</onclick>
	<visible>![IsEmpty(skin.string(menu51901.master)) | SubString(skin.string(menu51901.visible),off)] | Window.IsVisible(6000)</visible>
	</item>
	<item>
	<label fallback="31014">$VAR[value_menu51902.label]</label>
	<property name="condition">$INFO[skin.string(menu51902.visible)]</property>
	<property name="name">menu51902</property>
	<property name="id">$INFO[skin.string(menu51902.master)]</property>
	<onclick condition="Window.IsVisible(6000)">SetFocus(5000)</onclick>
	<onclick condition="Window.IsVisible(Home)">Dialog.Close(6519)</onclick>
	<onclick condition="Window.IsVisible(Home)">Skin.SetString(submenu_action,$VAR[value_menu51902.action])</onclick>
	<visible>![IsEmpty(skin.string(menu51902.master)) | SubString(skin.string(menu51902.visible),off)] | Window.IsVisible(6000)</visible>
	</item>
	<item>
	<label fallback="31014">$VAR[value_menu51903.label]</label>
	<property name="condition">$INFO[skin.string(menu51903.visible)]</property>
	<property name="name">menu51903</property>
	<property name="id">$INFO[skin.string(menu51903.master)]</property>
	<onclick condition="Window.IsVisible(6000)">SetFocus(5000)</onclick>
	<onclick condition="Window.IsVisible(Home)">Dialog.Close(6519)</onclick>
	<onclick condition="Window.IsVisible(Home)">Skin.SetString(submenu_action,$VAR[value_menu51903.action])</onclick>
	<visible>![IsEmpty(skin.string(menu51903.master)) | SubString(skin.string(menu51903.visible),off)] | Window.IsVisible(6000)</visible>
	</item>
	<item>
	<label fallback="31014">$VAR[value_menu51904.label]</label>
	<property name="condition">$INFO[skin.string(menu51904.visible)]</property>
	<property name="name">menu51904</property>
	<property name="id">$INFO[skin.string(menu51904.master)]</property>
	<onclick condition="Window.IsVisible(6000)">SetFocus(5000)</onclick>
	<onclick condition="Window.IsVisible(Home)">Dialog.Close(6519)</onclick>
	<onclick condition="Window.IsVisible(Home)">Skin.SetString(submenu_action,$VAR[value_menu51904.action])</onclick>
	<visible>![IsEmpty(skin.string(menu51904.master)) | SubString(skin.string(menu51904.visible),off)] | Window.IsVisible(6000)</visible>
	</item>
	<item>
	<label fallback="31014">$VAR[value_menu51905.label]</label>
	<property name="condition">$INFO[skin.string(menu51905.visible)]</property>
	<property name="name">menu51905</property>
	<property name="id">$INFO[skin.string(menu51905.master)]</property>
	<onclick condition="Window.IsVisible(6000)">SetFocus(5000)</onclick>
	<onclick condition="Window.IsVisible(Home)">Dialog.Close(6519)</onclick>
	<onclick condition="Window.IsVisible(Home)">Skin.SetString(submenu_action,$VAR[value_menu51905.action])</onclick>
	<visible>![IsEmpty(skin.string(menu51905.master)) | SubString(skin.string(menu51905.visible),off)] | Window.IsVisible(6000)</visible>
	</item>
	<item>
	<label fallback="31014">$VAR[value_menu51906.label]</label>
	<property name="condition">$INFO[skin.string(menu51906.visible)]</property>
	<property name="name">menu51906</property>
	<property name="id">$INFO[skin.string(menu51906.master)]</property>
	<onclick condition="Window.IsVisible(6000)">SetFocus(5000)</onclick>
	<onclick condition="Window.IsVisible(Home)">Dialog.Close(6519)</onclick>
	<onclick condition="Window.IsVisible(Home)">Skin.SetString(submenu_action,$VAR[value_menu51906.action])</onclick>
	<visible>![IsEmpty(skin.string(menu51906.master)) | SubString(skin.string(menu51906.visible),off)] | Window.IsVisible(6000)</visible>
	</item>
	<item>
	<label fallback="31014">$VAR[value_menu51907.label]</label>
	<property name="condition">$INFO[skin.string(menu51907.visible)]</property>
	<property name="name">menu51907</property>
	<property name="id">$INFO[skin.string(menu51907.master)]</property>
	<onclick condition="Window.IsVisible(6000)">SetFocus(5000)</onclick>
	<onclick condition="Window.IsVisible(Home)">Dialog.Close(6519)</onclick>
	<onclick condition="Window.IsVisible(Home)">Skin.SetString(submenu_action,$VAR[value_menu51907.action])</onclick>
	<visible>![IsEmpty(skin.string(menu51907.master)) | SubString(skin.string(menu51907.visible),off)] | Window.IsVisible(6000)</visible>
	</item>
	<item>
	<label fallback="31014">$VAR[value_menu51908.label]</label>
	<property name="condition">$INFO[skin.string(menu51908.visible)]</property>
	<property name="name">menu51908</property>
	<property name="id">$INFO[skin.string(menu51908.master)]</property>
	<onclick condition="Window.IsVisible(6000)">SetFocus(5000)</onclick>
	<onclick condition="Window.IsVisible(Home)">Dialog.Close(6519)</onclick>
	<onclick condition="Window.IsVisible(Home)">Skin.SetString(submenu_action,$VAR[value_menu51908.action])</onclick>
	<visible>![IsEmpty(skin.string(menu51908.master)) | SubString(skin.string(menu51908.visible),off)] | Window.IsVisible(6000)</visible>
	</item>
	<item>
	<label fallback="31014">$VAR[value_menu51909.label]</label>
	<property name="condition">$INFO[skin.string(menu51909.visible)]</property>
	<property name="name">menu51909</property>
	<property name="id">$INFO[skin.string(menu51909.master)]</property>
	<onclick condition="Window.IsVisible(6000)">SetFocus(5000)</onclick>
	<onclick condition="Window.IsVisible(Home)">Dialog.Close(6519)</onclick>
	<onclick condition="Window.IsVisible(Home)">Skin.SetString(submenu_action,$VAR[value_menu51909.action])</onclick>
	<visible>![IsEmpty(skin.string(menu51909.master)) | SubString(skin.string(menu51909.visible),off)] | Window.IsVisible(6000)</visible>
	</item>
	<item>
	<label fallback="31014">$VAR[value_menu51910.label]</label>
	<property name="condition">$INFO[skin.string(menu51910.visible)]</property>
	<property name="name">menu51910</property>
	<property name="id">$INFO[skin.string(menu51910.master)]</property>
	<onclick condition="Window.IsVisible(6000)">SetFocus(5000)</onclick>
	<onclick condition="Window.IsVisible(Home)">Dialog.Close(6519)</onclick>
	<onclick condition="Window.IsVisible(Home)">Skin.SetString(submenu_action,$VAR[value_menu51910.action])</onclick>
	<visible>![IsEmpty(skin.string(menu51910.master)) | SubString(skin.string(menu51910.visible),off)] | Window.IsVisible(6000)</visible>
	</item>
	<item>
	<label fallback="31014">$VAR[value_menu51911.label]</label>
	<property name="condition">$INFO[skin.string(menu51911.visible)]</property>
	<property name="name">menu51911</property>
	<property name="id">$INFO[skin.string(menu51911.master)]</property>
	<onclick condition="Window.IsVisible(6000)">SetFocus(5000)</onclick>
	<onclick condition="Window.IsVisible(Home)">Dialog.Close(6519)</onclick>
	<onclick condition="Window.IsVisible(Home)">Skin.SetString(submenu_action,$VAR[value_menu51911.action])</onclick>
	<visible>![IsEmpty(skin.string(menu51911.master)) | SubString(skin.string(menu51911.visible),off)] | Window.IsVisible(6000)</visible>
	</item>
	<item>
	<label fallback="31014">$VAR[value_menu51912.label]</label>
	<property name="condition">$INFO[skin.string(menu51912.visible)]</property>
	<property name="name">menu51912</property>
	<property name="id">$INFO[skin.string(menu51912.master)]</property>
	<onclick condition="Window.IsVisible(6000)">SetFocus(5000)</onclick>
	<onclick condition="Window.IsVisible(Home)">Dialog.Close(6519)</onclick>
	<onclick condition="Window.IsVisible(Home)">Skin.SetString(submenu_action,$VAR[value_menu51912.action])</onclick>
	<visible>![IsEmpty(skin.string(menu51912.master)) | SubString(skin.string(menu51912.visible),off)] | Window.IsVisible(6000)</visible>
	</item>
	<item>
	<label fallback="31014">$VAR[value_menu51913.label]</label>
	<property name="condition">$INFO[skin.string(menu51913.visible)]</property>
	<property name="name">menu51913</property>
	<property name="id">$INFO[skin.string(menu51913.master)]</property>
	<onclick condition="Window.IsVisible(6000)">SetFocus(5000)</onclick>
	<onclick condition="Window.IsVisible(Home)">Dialog.Close(6519)</onclick>
	<onclick condition="Window.IsVisible(Home)">Skin.SetString(submenu_action,$VAR[value_menu51913.action])</onclick>
	<visible>![IsEmpty(skin.string(menu51913.master)) | SubString(skin.string(menu51913.visible),off)] | Window.IsVisible(6000)</visible>
	</item>
	<item>
	<label fallback="31014">$VAR[value_menu51914.label]</label>
	<property name="condition">$INFO[skin.string(menu51914.visible)]</property>
	<property name="name">menu51914</property>
	<property name="id">$INFO[skin.string(menu51914.master)]</property>
	<onclick condition="Window.IsVisible(6000)">SetFocus(5000)</onclick>
	<onclick condition="Window.IsVisible(Home)">Dialog.Close(6519)</onclick>
	<onclick condition="Window.IsVisible(Home)">Skin.SetString(submenu_action,$VAR[value_menu51914.action])</onclick>
	<visible>![IsEmpty(skin.string(menu51914.master)) | SubString(skin.string(menu51914.visible),off)] | Window.IsVisible(6000)</visible>
	</item>
	<item>
	<label fallback="31014">$VAR[value_menu51915.label]</label>
	<property name="condition">$INFO[skin.string(menu51915.visible)]</property>
	<property name="name">menu51915</property>
	<property name="id">$INFO[skin.string(menu51915.master)]</property>
	<onclick condition="Window.IsVisible(6000)">SetFocus(5000)</onclick>
	<onclick condition="Window.IsVisible(Home)">Dialog.Close(6519)</onclick>
	<onclick condition="Window.IsVisible(Home)">Skin.SetString(submenu_action,$VAR[value_menu51915.action])</onclick>
	<visible>![IsEmpty(skin.string(menu51915.master)) | SubString(skin.string(menu51915.visible),off)] | Window.IsVisible(6000)</visible>
	</item>
	</content>
	</control>
	</control>
	</control>
	</controls>
</window>