<?xml version="1.0" encoding="UTF-8"?>
<window id="6412" type="dialog">
	<!-- Aeon MQ 7 -->
	<!-- Favorito 12 -->
	<defaultcontrol>-</defaultcontrol>
	<include>SubMenuCommon</include>
	<controls>
	<control type="group">
	<include condition="Window.IsVisible(6000)">MenuCustom</include>
	<control type="group">
	<!-- default group -->
	<include>Animation_SubMenu</include>
	<include condition="Window.IsVisible(6000)">SubmenuGoTo</include>
	<include condition="Window.IsVisible(Home)">SubMenuDefault</include>
	<control type="panel" id="9000">
	<include condition="Window.IsVisible(6000)">SubmenuCustomList</include>
	<include condition="Window.IsVisible(Home) + !Skin.HasSetting(mainmenuvertical)">SubmenuHList</include>
	<include condition="Window.IsVisible(Home) + Skin.HasSetting(mainmenuvertical)">SubmenuVList</include>
	<content>
	<item>
	<label fallback="31014">$VAR[value_menu41201.label]</label>
	<property name="condition">$INFO[skin.string(menu41201.visible)]</property>
	<property name="name">menu41201</property>
	<property name="id">$INFO[skin.string(menu41201.master)]</property>
	<onclick condition="Window.IsVisible(6000)">SetFocus(5000)</onclick>
	<onclick condition="Window.IsVisible(Home)">Dialog.Close(6412)</onclick>
	<onclick condition="Window.IsVisible(Home)">Skin.SetString(submenu_action,$VAR[value_menu41201.action])</onclick>
	<visible>![IsEmpty(skin.string(menu41201.master)) | SubString(skin.string(menu41201.visible),off)] | Window.IsVisible(6000)</visible>
	</item>
	<item>
	<label fallback="31014">$VAR[value_menu41202.label]</label>
	<property name="condition">$INFO[skin.string(menu41202.visible)]</property>
	<property name="name">menu41202</property>
	<property name="id">$INFO[skin.string(menu41202.master)]</property>
	<onclick condition="Window.IsVisible(6000)">SetFocus(5000)</onclick>
	<onclick condition="Window.IsVisible(Home)">Dialog.Close(6412)</onclick>
	<onclick condition="Window.IsVisible(Home)">Skin.SetString(submenu_action,$VAR[value_menu41202.action])</onclick>
	<visible>![IsEmpty(skin.string(menu41202.master)) | SubString(skin.string(menu41202.visible),off)] | Window.IsVisible(6000)</visible>
	</item>
	<item>
	<label fallback="31014">$VAR[value_menu41203.label]</label>
	<property name="condition">$INFO[skin.string(menu41203.visible)]</property>
	<property name="name">menu41203</property>
	<property name="id">$INFO[skin.string(menu41203.master)]</property>
	<onclick condition="Window.IsVisible(6000)">SetFocus(5000)</onclick>
	<onclick condition="Window.IsVisible(Home)">Dialog.Close(6412)</onclick>
	<onclick condition="Window.IsVisible(Home)">Skin.SetString(submenu_action,$VAR[value_menu41203.action])</onclick>
	<visible>![IsEmpty(skin.string(menu41203.master)) | SubString(skin.string(menu41203.visible),off)] | Window.IsVisible(6000)</visible>
	</item>
	<item>
	<label fallback="31014">$VAR[value_menu41204.label]</label>
	<property name="condition">$INFO[skin.string(menu41204.visible)]</property>
	<property name="name">menu41204</property>
	<property name="id">$INFO[skin.string(menu41204.master)]</property>
	<onclick condition="Window.IsVisible(6000)">SetFocus(5000)</onclick>
	<onclick condition="Window.IsVisible(Home)">Dialog.Close(6412)</onclick>
	<onclick condition="Window.IsVisible(Home)">Skin.SetString(submenu_action,$VAR[value_menu41204.action])</onclick>
	<visible>![IsEmpty(skin.string(menu41204.master)) | SubString(skin.string(menu41204.visible),off)] | Window.IsVisible(6000)</visible>
	</item>
	<item>
	<label fallback="31014">$VAR[value_menu41205.label]</label>
	<property name="condition">$INFO[skin.string(menu41205.visible)]</property>
	<property name="name">menu41205</property>
	<property name="id">$INFO[skin.string(menu41205.master)]</property>
	<onclick condition="Window.IsVisible(6000)">SetFocus(5000)</onclick>
	<onclick condition="Window.IsVisible(Home)">Dialog.Close(6412)</onclick>
	<onclick condition="Window.IsVisible(Home)">Skin.SetString(submenu_action,$VAR[value_menu41205.action])</onclick>
	<visible>![IsEmpty(skin.string(menu41205.master)) | SubString(skin.string(menu41205.visible),off)] | Window.IsVisible(6000)</visible>
	</item>
	<item>
	<label fallback="31014">$VAR[value_menu41206.label]</label>
	<property name="condition">$INFO[skin.string(menu41206.visible)]</property>
	<property name="name">menu41206</property>
	<property name="id">$INFO[skin.string(menu41206.master)]</property>
	<onclick condition="Window.IsVisible(6000)">SetFocus(5000)</onclick>
	<onclick condition="Window.IsVisible(Home)">Dialog.Close(6412)</onclick>
	<onclick condition="Window.IsVisible(Home)">Skin.SetString(submenu_action,$VAR[value_menu41206.action])</onclick>
	<visible>![IsEmpty(skin.string(menu41206.master)) | SubString(skin.string(menu41206.visible),off)] | Window.IsVisible(6000)</visible>
	</item>
	<item>
	<label fallback="31014">$VAR[value_menu41207.label]</label>
	<property name="condition">$INFO[skin.string(menu41207.visible)]</property>
	<property name="name">menu41207</property>
	<property name="id">$INFO[skin.string(menu41207.master)]</property>
	<onclick condition="Window.IsVisible(6000)">SetFocus(5000)</onclick>
	<onclick condition="Window.IsVisible(Home)">Dialog.Close(6412)</onclick>
	<onclick condition="Window.IsVisible(Home)">Skin.SetString(submenu_action,$VAR[value_menu41207.action])</onclick>
	<visible>![IsEmpty(skin.string(menu41207.master)) | SubString(skin.string(menu41207.visible),off)] | Window.IsVisible(6000)</visible>
	</item>
	<item>
	<label fallback="31014">$VAR[value_menu41208.label]</label>
	<property name="condition">$INFO[skin.string(menu41208.visible)]</property>
	<property name="name">menu41208</property>
	<property name="id">$INFO[skin.string(menu41208.master)]</property>
	<onclick condition="Window.IsVisible(6000)">SetFocus(5000)</onclick>
	<onclick condition="Window.IsVisible(Home)">Dialog.Close(6412)</onclick>
	<onclick condition="Window.IsVisible(Home)">Skin.SetString(submenu_action,$VAR[value_menu41208.action])</onclick>
	<visible>![IsEmpty(skin.string(menu41208.master)) | SubString(skin.string(menu41208.visible),off)] | Window.IsVisible(6000)</visible>
	</item>
	<item>
	<label fallback="31014">$VAR[value_menu41209.label]</label>
	<property name="condition">$INFO[skin.string(menu41209.visible)]</property>
	<property name="name">menu41209</property>
	<property name="id">$INFO[skin.string(menu41209.master)]</property>
	<onclick condition="Window.IsVisible(6000)">SetFocus(5000)</onclick>
	<onclick condition="Window.IsVisible(Home)">Dialog.Close(6412)</onclick>
	<onclick condition="Window.IsVisible(Home)">Skin.SetString(submenu_action,$VAR[value_menu41209.action])</onclick>
	<visible>![IsEmpty(skin.string(menu41209.master)) | SubString(skin.string(menu41209.visible),off)] | Window.IsVisible(6000)</visible>
	</item>
	<item>
	<label fallback="31014">$VAR[value_menu41210.label]</label>
	<property name="condition">$INFO[skin.string(menu41210.visible)]</property>
	<property name="name">menu41210</property>
	<property name="id">$INFO[skin.string(menu41210.master)]</property>
	<onclick condition="Window.IsVisible(6000)">SetFocus(5000)</onclick>
	<onclick condition="Window.IsVisible(Home)">Dialog.Close(6412)</onclick>
	<onclick condition="Window.IsVisible(Home)">Skin.SetString(submenu_action,$VAR[value_menu41210.action])</onclick>
	<visible>![IsEmpty(skin.string(menu41210.master)) | SubString(skin.string(menu41210.visible),off)] | Window.IsVisible(6000)</visible>
	</item>
	<item>
	<label fallback="31014">$VAR[value_menu41211.label]</label>
	<property name="condition">$INFO[skin.string(menu41211.visible)]</property>
	<property name="name">menu41211</property>
	<property name="id">$INFO[skin.string(menu41211.master)]</property>
	<onclick condition="Window.IsVisible(6000)">SetFocus(5000)</onclick>
	<onclick condition="Window.IsVisible(Home)">Dialog.Close(6412)</onclick>
	<onclick condition="Window.IsVisible(Home)">Skin.SetString(submenu_action,$VAR[value_menu41211.action])</onclick>
	<visible>![IsEmpty(skin.string(menu41211.master)) | SubString(skin.string(menu41211.visible),off)] | Window.IsVisible(6000)</visible>
	</item>
	<item>
	<label fallback="31014">$VAR[value_menu41212.label]</label>
	<property name="condition">$INFO[skin.string(menu41212.visible)]</property>
	<property name="name">menu41212</property>
	<property name="id">$INFO[skin.string(menu41212.master)]</property>
	<onclick condition="Window.IsVisible(6000)">SetFocus(5000)</onclick>
	<onclick condition="Window.IsVisible(Home)">Dialog.Close(6412)</onclick>
	<onclick condition="Window.IsVisible(Home)">Skin.SetString(submenu_action,$VAR[value_menu41212.action])</onclick>
	<visible>![IsEmpty(skin.string(menu41212.master)) | SubString(skin.string(menu41212.visible),off)] | Window.IsVisible(6000)</visible>
	</item>
	<item>
	<label fallback="31014">$VAR[value_menu41213.label]</label>
	<property name="condition">$INFO[skin.string(menu41213.visible)]</property>
	<property name="name">menu41213</property>
	<property name="id">$INFO[skin.string(menu41213.master)]</property>
	<onclick condition="Window.IsVisible(6000)">SetFocus(5000)</onclick>
	<onclick condition="Window.IsVisible(Home)">Dialog.Close(6412)</onclick>
	<onclick condition="Window.IsVisible(Home)">Skin.SetString(submenu_action,$VAR[value_menu41213.action])</onclick>
	<visible>![IsEmpty(skin.string(menu41213.master)) | SubString(skin.string(menu41213.visible),off)] | Window.IsVisible(6000)</visible>
	</item>
	<item>
	<label fallback="31014">$VAR[value_menu41214.label]</label>
	<property name="condition">$INFO[skin.string(menu41214.visible)]</property>
	<property name="name">menu41214</property>
	<property name="id">$INFO[skin.string(menu41214.master)]</property>
	<onclick condition="Window.IsVisible(6000)">SetFocus(5000)</onclick>
	<onclick condition="Window.IsVisible(Home)">Dialog.Close(6412)</onclick>
	<onclick condition="Window.IsVisible(Home)">Skin.SetString(submenu_action,$VAR[value_menu41214.action])</onclick>
	<visible>![IsEmpty(skin.string(menu41214.master)) | SubString(skin.string(menu41214.visible),off)] | Window.IsVisible(6000)</visible>
	</item>
	<item>
	<label fallback="31014">$VAR[value_menu41215.label]</label>
	<property name="condition">$INFO[skin.string(menu41215.visible)]</property>
	<property name="name">menu41215</property>
	<property name="id">$INFO[skin.string(menu41215.master)]</property>
	<onclick condition="Window.IsVisible(6000)">SetFocus(5000)</onclick>
	<onclick condition="Window.IsVisible(Home)">Dialog.Close(6412)</onclick>
	<onclick condition="Window.IsVisible(Home)">Skin.SetString(submenu_action,$VAR[value_menu41215.action])</onclick>
	<visible>![IsEmpty(skin.string(menu41215.master)) | SubString(skin.string(menu41215.visible),off)] | Window.IsVisible(6000)</visible>
	</item>
	</content>
	</control>
	</control>
	</control>
	</controls>
</window>