<?xml version="1.0" encoding="UTF-8"?>
<window>
	<!-- Aeon MQ 7 -->
	<defaultcontrol>5</defaultcontrol>
	<controls>
	<control type="group">
	<include>Animation_DialogPopup</include>
	<control type="image">
	<left>165</left>
	<top>0</top>
	<width>45</width>
	<height>1080</height>
	<texture flipx="true">shadow.png</texture>
	<colordiffuse>C3FFFFFF</colordiffuse>
	</control>
	<control type="image">
	<left>1710</left>
	<top>0</top>
	<width>45</width>
	<height>1080</height>
	<texture>shadow.png</texture>
	<colordiffuse>C3FFFFFF</colordiffuse>
	</control>
	<control type="image">
	<left>210</left>
	<top>0</top>
	<width>1500</width>
	<height>1080</height>
	<texture>darkgrey.png</texture>
	<colordiffuse>$INFO[Skin.String(colortexture)]</colordiffuse>
	<include>Animation_DefaultGlass</include>
	</control>
	<control type="image">
	<left>210</left>
	<top>0</top>
	<width>1500</width>
	<height>120</height>
	<texture>black.png</texture>
	<colordiffuse>90FFFFFF</colordiffuse>
	</control>
	<control type="label">
	<!-- header -->
	<left>322</left>
	<top>34</top>
	<width>1278</width>
	<height>45</height>
	<label>$LOCALIZE[5]</label>
	<font>Font_titlesettings</font>
	<textcolor>FFFFFAF0</textcolor>
	<align>center</align>
	<aligny>center</aligny>
	<include>Animation_Fade</include>
	</control>
	<control type="grouplist" id="5">
	<left>210</left>
	<top>150</top>
	<width>1500</width>
	<height>900</height>
	<itemgap>0</itemgap>
	<onleft>28</onleft>
	<onright>28</onright>
	<onup>5</onup>
	<ondown>5</ondown>
	</control>
	<control type="button" id="7"></control>
	<control type="radiobutton" id="8">
	<radioposx>1341</radioposx>
	</control>
	<control type="spincontrolex" id="9">
	<spinposx>26</spinposx>
	</control>
	<control type="sliderex" id="13"></control>
	<control type="label" id="14"></control>
	<control type="grouplist" id="9001">
	<left>210</left>
	<top>1020</top>
	<itemgap>6</itemgap>
	<onup>5</onup>
	<ondown>5</ondown>
	<orientation>horizontal</orientation>
	<control type="button" id="28">
	<!-- OK -->
	<include>SettingsBottomButton</include>
	<label>186</label>
	</control>
	<control type="button" id="29">
	<!-- Cancel -->
	<include>SettingsBottomButton</include>
	<label>222</label>
	</control>
	<control type="button" id="50">
	<!-- Defaults -->
	<include>SettingsBottomButton</include>
	<label>409</label>
	</control>
	</control>
	</control>
	</controls>
</window>