<?xml version="1.0" encoding="UTF-8"?>
<includes>
	<!-- Aeon MQ 7 -->
	<!--#############################################################################   VISTA WIDE - 59   #############################################################################-->
	<include name="listcolor">
	<textcolor>FFFFFAF0</textcolor>
	<selectedcolor>$INFO[Skin.String(colorheader)]</selectedcolor>
	</include>
	<include name="listcolorfocus">
	<textcolor>E4101010</textcolor>
	<selectedcolor>$INFO[Skin.String(colorheader)]</selectedcolor>
	</include>
	<include name="subcolor">
	<textcolor>80FFFAF0</textcolor>
	<selectedcolor>$INFO[Skin.String(colorheader)]</selectedcolor>
	</include>
	<include name="subcolorfocus">
	<textcolor>FF151515</textcolor>
	<selectedcolor>$INFO[Skin.String(colorheader)]</selectedcolor>
	</include>
	<include name="detailcolor">
	<textcolor>FFFFFAF0</textcolor>
	<selectedcolor>$INFO[Skin.String(colorheader)]</selectedcolor>
	</include>
	<include name="detailcolorfocus">
	<textcolor>FF151515</textcolor>
	<selectedcolor>$INFO[Skin.String(colorheader)]</selectedcolor>
	</include>
	<include name="WideLabel">
	<left>990</left>
	<height>66</height>
	<width>900</width>
	<font>Font_plot</font>
	<aligny>top</aligny>
	<align>left</align>
	<textcolor>$INFO[Skin.String(colorheader)]</textcolor>
	<textoffsetx>45</textoffsetx>
	<textoffsety>3</textoffsety>
	</include>
	<include name="WideValue">
	<left>990</left>
	<height>20</height>
	<width>900</width>
	<font>Font_plot</font>
	<aligny>top</aligny>
	<align>left</align>
	<textoffsetx>45</textoffsetx>
	<textoffsety>32</textoffsety>
	<scroll>true</scroll>
	</include>
	<include name="WideDisc">
	<width>225</width>
	<height>225</height>
	<fadetime>FanartCrossFadeTime</fadetime>
	<aspectratio align="center" aligny="center">keep</aspectratio>
	<animation effect="rotate" start="0" end="-360" center="auto" time="40000" delay="5000" loop="true" reversible="false" condition="!Player.HasVideo">Conditional</animation>
	<include>Animation_ViewsCDart</include>
	</include>
	<include name="ViewWide">
	<!-- default group -->
	<control type="group">	
	<animation effect="fade" time="400">VisibleChange</animation>
	<visible>Control.IsVisible(59)</visible>
	<control type="group">
	<animation effect="slide" time="500" start="-1200,0" end="0,0" tween="cubic" easing="out">WindowOpen</animation>
	<animation effect="slide" time="500" start="-1200,0" end="0,0" tween="cubic" easing="out">Visible</animation>
	<animation effect="fade" time="200" start="100" end="0">Hidden</animation>
	<control type="image">
	<left>0</left>
	<top>54</top>
	<width>960</width>
	<height>45</height>
	<texture>shadow_h.png</texture>
	<colordiffuse>C3FFFFFF</colordiffuse>
	</control>
	<control type="image">
	<left>0</left>
	<top>98</top>
	<width>960</width>
	<height>878</height>
	<texture flipy="true" diffuse="shadow_mask.png">darkgrey.png</texture>
	<colordiffuse>$INFO[Skin.String(colortexture)]</colordiffuse>
	</control>
	<control type="image">
	<left>765</left>
	<top>98</top>
	<width>195</width>
	<height>876</height>
	<texture>grey.png</texture>
	<animation effect="fade" end="20" condition="true">conditional</animation>
	<visible>[Container.Content(movies) | Container.Content(musicvideos) | Container.Content(sets) | Container.Content(tvshows) | Container.Content(episodes) | Container.Content(songs) | Container.Content(albums) | Container.Content(years)]</visible>
	</control>
	<control type="button" id="562">
	<include>InvisibleButton</include>
	<onright>9920</onright>
	<onleft>59</onleft>
	<onup>59</onup>
	<ondown>59</ondown>
	</control>
	<control type="list" id="59">
	<viewtype label="31813">list</viewtype>
	<left>0</left>
	<top>98</top>
	<width>960</width>
	<height>876</height>
	<pagecontrol>80</pagecontrol>
	<onleft>80</onleft>
	<onright>562</onright>
	<orientation>vertical</orientation>
	<scrolltime>450</scrolltime>
	<preloaditems>2</preloaditems>
	<itemlayout height="60">
	<control type="image">
	<left>0</left>
	<top>0</top>
	<width>1108</width>
	<height>1</height>
	<texture>line.png</texture>
	</control>
	<control type="label">
	<left>68</left>
	<top>1</top>
	<width>660</width>
	<height>60</height>
	<font>Font_list</font>
	<aligny>center</aligny>
	<include>listcolor</include>
	<label>$VAR[value_videotitle]</label>
	<scroll>false</scroll>
	</control>
	<!-- Nota -->
	<control type="label">
	<left>797</left>
	<top>0</top>
	<width>128</width>
	<height>60</height>
	<font>Font_plot</font>
	<align>center</align>
	<aligny>center</aligny>
	<include>detailcolor</include>
	<label>$INFO[ListItem.Rating]</label>
	</control>
	<control type="image">
	<left>902</left>
	<top>3</top>
	<width>56</width>
	<height>56</height>
	<texture colordiffuse="$INFO[Skin.String(colorwatched)]">$VAR[value_watchedstyle]</texture>
	<visible>!Skin.HasSetting(nooverlays) + StringCompare(ListItem.Overlay,OverlayWatched.png)</visible>
	</control>
	</itemlayout>
	<focusedlayout condition="IsEmpty(Control.GetLabel(5901)) | [Window.IsActive(25) + Skin.HasSetting(slimwidevideo) | [Window.IsActive(500) | Window.IsActive(502)] + Skin.HasSetting(slimwidemusic)]" height="60">
	<control type="image">
	<left>0</left>
	<top>0</top>
	<width>960</width>
	<height>60</height>
	<texture>grey.png</texture>
	<animation effect="fade" start="100" end="30" time="0" condition="!Control.Hasfocus(59)">conditional</animation>
	</control>
	<control type="label">
	<left>68</left>
	<top>1</top>
	<width>660</width>
	<height>60</height>
	<font>Font_list</font>
	<aligny>center</aligny>
	<include>listcolorfocus</include>
	<label>$VAR[value_videotitle]</label>
	</control>
	<!-- Nota -->
	<control type="label">
	<left>797</left>
	<top>-12</top>
	<width>128</width>
	<height>60</height>
	<font>Font_plot</font>
	<align>center</align>
	<aligny>center</aligny>
	<include>detailcolorfocus</include>
	<label>$INFO[ListItem.Rating]</label>
	<animation effect="slide" start="0,0" end="0,12" time="0" condition="Container.Content(albums) | Container.Content(years)">Conditional</animation>
	</control>
	<!-- Estrelas video -->
	<control type="image">
	<left>777</left>
	<top>34</top>
	<width>170</width>
	<height>17</height>
	<texture fallback="$VAR[value_styleratingstars,,0.png]">$VAR[value_styleratingstars]$INFO[ListItem.Rating,,.png]</texture>
	<aspectratio align="left" aligny="center">keep</aspectratio>
	<colordiffuse>$VAR[value_colorratingstars]</colordiffuse>
	<visible>![Container.Content(artists) | Container.Content(years) | Container.Content(genres) | Container.Content(seasons) | StringCompare(ListItem.Label,..) | Window.IsActive(500) | Window.IsActive(502)]</visible>
	</control>
	<control type="image">
	<left>910</left>
	<top>-4</top>
	<width>40</width>
	<height>40</height>
	<texture colordiffuse="$INFO[Skin.String(colorwatched)]">$VAR[value_watchedstyle]</texture>
	<visible>!Skin.HasSetting(nooverlays) + StringCompare(ListItem.Overlay,OverlayWatched.png)</visible>
	</control>
	</focusedlayout>
	<focusedlayout condition="!IsEmpty(Control.GetLabel(5901)) + [Window.IsActive(25) + !Skin.HasSetting(slimwidevideo) | [Window.IsActive(500) | Window.IsActive(502)] + !Skin.HasSetting(slimwidemusic)]" height="94">
	<control type="image">
	<left>0</left>
	<top>0</top>
	<width>960</width>
	<height>94</height>
	<texture>grey.png</texture>
	<animation effect="fade" start="100" end="30" time="0" condition="!Control.Hasfocus(59)">conditional</animation>
	</control>
	<control type="label">
	<left>68</left>
	<top>3</top>
	<width>660</width>
	<height>62</height>
	<font>Font_list</font>
	<aligny>center</aligny>
	<include>listcolorfocus</include>
	<label>$VAR[value_videotitle]</label>	
	</control>
	<control type="label">
	<left>68</left>
	<top>56</top>
	<width>660</width>
	<height>24</height>
	<font>Font_plot</font>
	<align>left</align>
	<aligny>center</aligny>
	<include>subcolorfocus</include>
	<label>$VAR[value_listinfofocus]</label>
	<visible>!StringCompare(ListItem.Label,..)</visible>
	</control>
	<!-- Nota -->
	<control type="label">
	<left>797</left>
	<top>0</top>
	<width>128</width>
	<height>62</height>
	<font>Font_plot</font>
	<align>center</align>
	<aligny>center</aligny>
	<include>detailcolorfocus</include>
	<label>$INFO[ListItem.Rating]</label>
	</control>
	<!-- Estrelas -->
	<control type="image">
	<left>777</left>
	<top>62</top>
	<width>170</width>
	<height>17</height>
	<texture fallback="$VAR[value_styleratingstars,,0.png]">$VAR[value_styleratingstars]$INFO[ListItem.Rating,,.png]</texture>
	<aspectratio align="left" aligny="center">keep</aspectratio>
	<colordiffuse>$VAR[value_colorratingstars]</colordiffuse>
	<visible>![Container.Content(artists) | Container.Content(years) | Container.Content(genres) | Container.Content(seasons) | StringCompare(ListItem.Label,..) | Window.IsActive(500) | Window.IsActive(502)]</visible>
	</control>
	<!-- Estrelas musica -->
	<control type="image">
	<left>785</left>
	<top>55</top>
	<width>270</width>
	<height>30</height>
	<info>ListItem.StarRating</info>
	<aspectratio align="left" aligny="center">keep</aspectratio>
	<colordiffuse>$INFO[Skin.String(colorheader)]</colordiffuse>
	<visible>Window.IsActive(500) | Window.IsActive(502)</visible>
	</control>
	<control type="image">
	<left>902</left>
	<top>3</top>
	<width>56</width>
	<height>56</height>
	<texture colordiffuse="$INFO[Skin.String(colorwatched)]">$VAR[value_watchedstyle]</texture>
	<visible>!Skin.HasSetting(nooverlays) + StringCompare(ListItem.Overlay,OverlayWatched.png)</visible>
	</control>
	</focusedlayout>
	</control>
	<!-- Tag -->
	<control type="label" id="5901">	
	<include>InvisibleButton</include>
	<label>$VAR[value_listinfofocus]</label>
	</control>
	</control>
	<!-- Grupo da direita -->
	<control type="group">	
	<left>960</left>
	<top>0</top>
	<animation effect="slide" time="1000" start="900,0" end="0,0" tween="cubic" easing="out">WindowOpen</animation>
	<animation effect="slide" time="1000" start="900,0" end="0,0" tween="cubic" easing="out">Visible</animation>
	<animation effect="fade" time="400" start="100" end="0">Hidden</animation>
	<visible>Control.IsVisible(59)</visible>
	<control type="image">
	<left>-44</left>
	<top>-105</top>
	<width>45</width>
	<height>1080</height>
	<texture flipx="true">shadow.png</texture>
	<colordiffuse>C3FFFFFF</colordiffuse>
	</control>
	<control type="image">
	<left>0</left>
	<top>-105</top>
	<width>960</width>
	<height>1080</height>
	<texture flipy="true" diffuse="shadow_mask.png">darkgrey.png</texture>
	<colordiffuse>$INFO[Skin.String(colortexture)]</colordiffuse>
	<animation effect="fade" end="85" condition="true">Conditional</animation>
	</control>
	<control type="image">
	<left>0</left>
	<top>594</top>
	<width>960</width>
	<height>381</height>
	<texture flipy="true" diffuse="shadow_mask.png">darkgrey.png</texture>
	<colordiffuse>$INFO[Skin.String(colortexture)]</colordiffuse>
	<animation effect="fade" end="85" condition="true">Conditional</animation>
	<include>Animation_Fade</include>
	<visible>![Control.HasFocus(562) | Skin.HasSetting(widebanner)]</visible>
	</control>
	<control type="image">
	<left>0</left>
	<top>210</top>
	<width>960</width>
	<height>765</height>
	<texture>black.png</texture>
	<colordiffuse>75FFFFFF</colordiffuse>
	<include>Animation_Fade</include>
	<visible>!Control.HasFocus(562) + Skin.HasSetting(widebanner)</visible>
	</control>
	<control type="image">
	<left>0</left>
	<top>-105</top>
	<width>960</width>
	<height>1080</height>
	<texture>black.png</texture>
	<colordiffuse>75FFFFFF</colordiffuse>
	<include>Animation_Fade</include>
	<visible>Control.HasFocus(562)</visible>
	</control>
	<!-- Grupo das artes -->
	<control type="group">	
	<animation effect="slide" start="0,0" end="1050,0" time="400" easing="inout" tween="cubic" condition="Control.HasFocus(562) | Control.HasFocus(9920) | Window.IsVisible(6621)">Conditional</animation>
	<!-- CDART VIDEO -->
	<control type="group">	
	<animation type="WindowOpen">
	<effect type="slide" start="-150,0" end="0,0" time="500" delay="500" tween="cubic" easing="out" />
	<effect type="fade" start="0" end="100" time="500" delay="500" />
	</animation>
	<animation type="Visible">
	<effect type="slide" start="-150,0" end="0,0" time="500" delay="500" tween="cubic" easing="out" />
	<effect type="fade" start="0" end="100" time="500" delay="500" />
	</animation>
	<animation effect="fade" start="100" end="0" time="200">WindowClose</animation>
	<animation type="Hidden">
	<effect type="slide" start="0,0" end="-150,0" time="300" tween="cubic" easing="out" />
	<effect type="fade" start="100" end="0" time="200" />
	</animation>
	<visible>![IsEmpty(ListItem.Art(discart)) | SubString(skin.string(widemovies.art),banner) | Skin.HasSetting(nowidediscart) | SubString(ListItem.Path,videodb://movies/sets,left)] + Window.IsActive(25) + Control.IsVisible(9923)</visible>
	<control type="image">
	<left>405</left>
	<top>75</top>
	<width>375</width>
	<height>375</height>
	<texture diffuse="cdart_diffuse.png" background="true">$INFO[ListItem.Art(discart)]</texture>
	<fadetime>FanartCrossFadeTime</fadetime>
	<aspectratio align="center" aligny="center">keep</aspectratio>
	<animation effect="rotate" start="0" end="-360" center="auto" time="40000" delay="5000" loop="true" reversible="false" condition="!Player.HasVideo">Conditional</animation>
	<include>Animation_ViewsCDart</include>
	</control>
	</control>
	<!-- CDART SETS da esquerda -->
	<control type="grouplist">	
	<left>192</left>
	<top>45</top>
	<orientation>vertical</orientation>
	<itemgap>-147</itemgap>
	<animation type="WindowOpen">
	<effect type="slide" start="150,0" end="0,0" time="500" delay="500" tween="cubic" easing="out" />
	<effect type="fade" start="0" end="100" time="500" delay="500" />
	</animation>
	<animation type="Visible">
	<effect type="slide" start="150,0" end="0,0" time="500" delay="500" tween="cubic" easing="out" />
	<effect type="fade" start="0" end="100" time="500" delay="500" />
	</animation>
	<animation effect="fade" start="100" end="0" time="200">WindowClose</animation>
	<animation type="Hidden">
	<effect type="slide" start="0,0" end="150,0" time="300" tween="cubic" easing="out" />
	<effect type="fade" start="100" end="0" time="200" />
	</animation>
	<animation effect="slide" start="0,0" end="-14,0" time="400" easing="inout" tween="cubic" condition="Skin.HasSetting(nowidevideocase)">Conditional</animation>
	<visible>![IsEmpty(Window(0).Property(Set.Movie.6.Art(discart))) | SubString(skin.string(widemovies.art),banner) | Skin.HasSetting(nowidediscart)] + Window.IsActive(25) + SubString(ListItem.Path,videodb://movies/sets,left) + Control.IsVisible(9923)</visible>
	<control type="image">
	<include>WideDisc</include>
	<texture diffuse="cdart_diffuse.png" background="true">$INFO[Window(0).Property(Set.Movie.6.Art(discart))]</texture>
	<visible>!IsEmpty(Window(0).Property(Set.Movie.6.Art(discart)))</visible>
	</control>
	<control type="image">
	<include>WideDisc</include>
	<texture diffuse="cdart_diffuse.png" background="true">$INFO[Window(0).Property(Set.Movie.7.Art(discart))]</texture>
	<visible>!IsEmpty(Window(0).Property(Set.Movie.7.Art(discart)))</visible>
	</control>
	<control type="image">
	<include>WideDisc</include>
	<texture diffuse="cdart_diffuse.png" background="true">$INFO[Window(0).Property(Set.Movie.8.Art(discart))]</texture>
	<visible>!IsEmpty(Window(0).Property(Set.Movie.8.Art(discart)))</visible>
	</control>
	<control type="image">
	<include>WideDisc</include>
	<texture diffuse="cdart_diffuse.png" background="true">$INFO[Window(0).Property(Set.Movie.9.Art(discart))]</texture>
	<visible>!IsEmpty(Window(0).Property(Set.Movie.9.Art(discart)))</visible>
	</control>
	<control type="image">
	<include>WideDisc</include>
	<texture diffuse="cdart_diffuse.png" background="true">$INFO[Window(0).Property(Set.Movie.10.Art(discart))]</texture>
	<visible>!IsEmpty(Window(0).Property(Set.Movie.10.Art(discart)))</visible>
	</control>
	</control>
	<!-- CDART SETS da direita -->
	<control type="grouplist">	
	<left>532</left>
	<top>45</top>
	<orientation>vertical</orientation>
	<itemgap>-147</itemgap>
	<animation type="WindowOpen">
	<effect type="slide" start="-150,0" end="0,0" time="500" delay="500" tween="cubic" easing="out" />
	<effect type="fade" start="0" end="100" time="500" delay="500" />
	</animation>
	<animation type="Visible">
	<effect type="slide" start="-150,0" end="0,0" time="500" delay="500" tween="cubic" easing="out" />
	<effect type="fade" start="0" end="100" time="500" delay="500" />
	</animation>
	<animation effect="fade" start="100" end="0" time="200">WindowClose</animation>
	<animation type="Hidden">
	<effect type="slide" start="0,0" end="-150,0" time="300" tween="cubic" easing="out" />
	<effect type="fade" start="100" end="0" time="200" />
	</animation>
	<animation effect="slide" start="0,0" end="22,0" time="400" easing="inout" tween="cubic" condition="Skin.HasSetting(nowidevideocase)">Conditional</animation>
	<visible>![IsEmpty(Window(0).Property(Set.Movie.1.Art(discart))) | SubString(skin.string(widemovies.art),banner) | Skin.HasSetting(nowidediscart)] + Window.IsActive(25) + SubString(ListItem.Path,videodb://movies/sets,left) + Control.IsVisible(9923)</visible>
	<control type="image">
	<include>WideDisc</include>
	<texture diffuse="cdart_diffuse.png" background="true">$INFO[Window(0).Property(Set.Movie.1.Art(discart))]</texture>
	<visible>!IsEmpty(Window(0).Property(Set.Movie.1.Art(discart)))</visible>
	</control>
	<control type="image">
	<include>WideDisc</include>
	<texture diffuse="cdart_diffuse.png" background="true">$INFO[Window(0).Property(Set.Movie.2.Art(discart))]</texture>
	<visible>!IsEmpty(Window(0).Property(Set.Movie.2.Art(discart)))</visible>
	</control>
	<control type="image">
	<include>WideDisc</include>
	<texture diffuse="cdart_diffuse.png" background="true">$INFO[Window(0).Property(Set.Movie.3.Art(discart))]</texture>
	<visible>!IsEmpty(Window(0).Property(Set.Movie.3.Art(discart)))</visible>
	</control>
	<control type="image">
	<include>WideDisc</include>
	<texture diffuse="cdart_diffuse.png" background="true">$INFO[Window(0).Property(Set.Movie.4.Art(discart))]</texture>
	<visible>!IsEmpty(Window(0).Property(Set.Movie.4.Art(discart)))</visible>
	</control>
	<control type="image">
	<include>WideDisc</include>
	<texture diffuse="cdart_diffuse.png" background="true">$INFO[Window(0).Property(Set.Movie.5.Art(discart))]</texture>
	<visible>!IsEmpty(Window(0).Property(Set.Movie.5.Art(discart)))</visible>
	</control>
	</control>
	<!-- BANNER -->
	<control type="group">	
	<include>Animation_Fade</include>
	<visible>Container.Content(movies) + SubString(skin.string(widemovies.art),banner) | Container.Content(tvshows) + SubString(skin.string(widetvshows.art),banner)</visible>
	<!-- banner reflexo -->
	<control type="image">	
	<left>30</left>
	<top>602</top>
	<width>900</width>
	<height>550</height>	
	<aspectratio align="center" aligny="top">keep</aspectratio>
	<texture flipy="true" diffuse="thumb_reflect.png" background="true">$VAR[value_banner]</texture>
	<bordertexture flipy="true" diffuse="thumb_reflect.png" border="-2">black.png</bordertexture>
	<fadetime>FanartCrossFadeTime</fadetime>
	</control>
	<!-- banner -->
	<control type="image">	
	<left>30</left>
	<top>45</top>
	<width>900</width>
	<height>550</height>	
	<aspectratio align="center" aligny="bottom">keep</aspectratio>
	<texture background="true">$VAR[value_banner]</texture>
	<bordertexture border="-2">black.png</bordertexture>
	<fadetime>FanartCrossFadeTime</fadetime>
	</control>
	</control>
	<!-- EPISODIOS -->
	<control type="group">	
	<include>Animation_Fade</include>
	<visible>![Container.Content(movies) | Container.Content(musicvideos) | Container.Content(sets) | Container.Content(tvshows) | Container.Content(seasons) | Container.Content(genres) | Window.IsActive(500) | Window.IsActive(502)]</visible>
	<!-- episodios reflexo -->
	<control type="image">	
	<left>30</left>
	<top>602</top>
	<width>900</width>
	<height>550</height>	
	<aspectratio align="center" aligny="top">keep</aspectratio>
	<texture flipy="true" fallback="special://skin/backgrounds/default.jpg" diffuse="thumb_reflect.png" background="true">$VAR[value_poster]</texture>
	<bordertexture flipy="true" diffuse="thumb_reflect.png" border="-2">black.png</bordertexture>
	<fadetime>FanartCrossFadeTime</fadetime>
	</control>
	<!-- episodios -->
	<control type="image">	
	<left>30</left>
	<top>45</top>
	<width>900</width>
	<height>550</height>	
	<aspectratio align="center" aligny="bottom">keep</aspectratio>
	<texture fallback="special://skin/backgrounds/default.jpg" background="true">$VAR[value_poster]</texture>
	<bordertexture border="-2">black.png</bordertexture>
	<fadetime>FanartCrossFadeTime</fadetime>
	</control>
	</control>
	<!-- VIDEO SEM ESTOJO -->
	<control type="group">	
	<include>Animation_Fade</include>
	<animation effect="slide" start="0,0" end="-68,0" time="500" delay="50" tween="cubic" easing="in" condition="!Skin.HasSetting(nowidediscart) + !IsEmpty(ListItem.Art(discart)) + Control.IsVisible(9923)">Conditional</animation>
	<visible>Skin.HasSetting(nowidevideocase) + [Container.Content(movies) + SubString(skin.string(widemovies.art),poster) | Container.Content(musicvideos)  | Container.Content(sets)] | Container.Content(tvshows) + SubString(skin.string(widetvshows.art),poster) | Container.Content(seasons) | Container.Content(genres)</visible>
	<!-- Filmes/Fotos/Arquivos reflexo -->
	<control type="image">	
	<left>30</left>
	<top>602</top>
	<width>900</width>
	<height>550</height>	
	<aspectratio align="center" aligny="top">keep</aspectratio>
	<texture flipy="true" fallback="DefaultVideoPoster.png" diffuse="thumb_reflect.png" background="true">$VAR[value_poster]</texture>
	<bordertexture flipy="true" diffuse="thumb_reflect.png" border="-2">black.png</bordertexture>
	<fadetime>FanartCrossFadeTime</fadetime>
	</control>
	<!-- Filmes/Fotos/Arquivos -->
	<control type="image">	
	<left>30</left>
	<top>45</top>
	<width>900</width>
	<height>550</height>	
	<aspectratio align="center" aligny="bottom">keep</aspectratio>
	<texture fallback="DefaultVideoPoster.png" background="true">$VAR[value_poster]</texture>
	<bordertexture border="-2">black.png</bordertexture>
	<fadetime>FanartCrossFadeTime</fadetime>
	</control>
	</control>
	<!-- FILMES ESTOJO -->
	<control type="group">	
	<include>Animation_Fade</include>
	<animation effect="slide" start="0,0" end="-50,0" time="500" delay="50" tween="cubic" easing="in" condition="!Skin.HasSetting(nowidediscart) + !IsEmpty(ListItem.Art(discart)) + Control.IsVisible(9923)">Conditional</animation>
	<visible>!Skin.HasSetting(nowidevideocase) + Container.Content(movies) + SubString(skin.string(widemovies.art),poster) | !Skin.HasSetting(nowidevideocase) + [Container.Content(musicvideos) | Container.Content(sets)]</visible>
	<!-- Poster reflexo -->
	<control type="image">	
	<left>308</left>
	<top>624</top>
	<width>338</width>
	<height>495</height>
	<aspectratio>stretch</aspectratio>
	<texture flipy="true" fallback="DefaultVideoPoster.png" diffuse="thumb_reflect.png" background="true">$VAR[value_poster]</texture>	
	<fadetime>FanartCrossFadeTime</fadetime>
	</control>
	<!-- Estojo reflexo -->
	<control type="image">	
	<left>278</left>
	<top>562</top>
	<width>418</width>
	<height>626</height>	
	<aspectratio align="center" aligny="top">stretch</aspectratio>	
	<texture flipy="true" diffuse="thumb_box_reflect.png" colordiffuse="$VAR[value_videocase0]">$VAR[value_stylevideocase]</texture>	
	<fadetime>FanartCrossFadeTime</fadetime>
	</control>
	<!-- Poster -->
	<control type="image">	
	<left>308</left>
	<top>90</top>
	<width>338</width>
	<height>495</height>	
	<texture fallback="DefaultVideoPoster.png" background="true">$VAR[value_poster]</texture>
	<fadetime>FanartCrossFadeTime</fadetime>
	</control>
	<!-- Estojo -->
	<control type="image">	
	<left>278</left>
	<top>10</top>
	<width>418</width>
	<height>626</height>
	<aspectratio align="center" aligny="bottom">stretch</aspectratio>
	<texture colordiffuse="$VAR[value_videocase0]">$VAR[value_stylevideocase]</texture>	
	<fadetime>FanartCrossFadeTime</fadetime>
	</control>
	<!-- Codec -->
	<control type="image">	
	<left>435</left>
	<top>19</top>
	<width>95</width>
	<height>95</height>
	<aspectratio align="center" aligny="center">keep</aspectratio>	
	<texture colordiffuse="$INFO[Skin.String(colorcodeccase)]">$VAR[value_videocodec0]</texture>
	<fadetime>FanartCrossFadeTime</fadetime>
	</control>
	</control>
	<!-- MUSICA -->
	<control type="group">	
	<include>Animation_Fade</include>
	<visible>[Window.IsActive(500) | Window.IsActive(502)] + [Skin.HasSetting(nowideaudiocase) | Container.Content(genres)]</visible>
	<!-- Musica reflexo -->
	<control type="image">	
	<left>30</left>
	<top>600</top>
	<width>900</width>
	<height>550</height>
	<fadetime>FanartCrossFadeTime</fadetime>
	<aspectratio align="center" aligny="top">keep</aspectratio>
	<texture flipy="true" diffuse="thumb_reflect.png" background="true">$VAR[value_poster]</texture>
	<bordertexture flipy="true" diffuse="thumb_reflect.png" border="-2">black.png</bordertexture>
	</control>
	<!-- Musica -->
	<control type="image">	
	<left>30</left>
	<top>45</top>
	<width>900</width>
	<height>550</height>
	<fadetime>FanartCrossFadeTime</fadetime>
	<aspectratio align="center" aligny="bottom">keep</aspectratio>
	<texture fallback="DefaultAudioCover.png" background="true">$VAR[value_poster]</texture>
	<bordertexture border="-2">black.png</bordertexture>
	</control>
	</control>
	<!-- MUSICA ESTOJO -->
	<control type="group">	
	<include>Animation_Fade</include>
	<visible>[Window.IsActive(500) | Window.IsActive(502)] + ![Skin.HasSetting(nowideaudiocase) | Container.Content(genres)]</visible>
	<!-- Musica reflexo-->
	<control type="image">	
	<left>255</left>
	<top>606</top>
	<width>510</width>
	<height>510</height>
	<fadetime>FanartCrossFadeTime</fadetime>
	<aspectratio scalediffuse="false">stretch</aspectratio>
	<texture flipy="true" diffuse="thumb_box_diffuse_reflect.png" background="true">$VAR[value_poster]</texture>
	</control>
	<!-- Estojo reflexo -->
	<control type="image">	
	<left>171</left>
	<top>584</top>
	<width>616</width>
	<height>543</height>
	<texture flipy="true" diffuse="thumb_box_reflect.png">thumb_box_cd.png</texture>
	</control>
	<!-- Musica -->
	<control type="image">	
	<left>255</left>
	<top>86</top>
	<width>510</width>
	<height>510</height>
	<fadetime>FanartCrossFadeTime</fadetime>
	<aspectratio scalediffuse="false">stretch</aspectratio>
	<texture diffuse="thumb_box_diffuse.png" fallback="DefaultAudioCover.png" background="true">$VAR[value_poster]</texture>
	</control>
	<!-- Estojo -->
	<control type="image">	
	<left>171</left>
	<top>75</top>
	<width>616</width>
	<height>543</height>
	<texture>thumb_box_cd.png</texture>
	<colordiffuse>DEFFFFFF</colordiffuse>
	</control>
	</control>
	</control>
	<!-- Video e audio para quando tem logo -->
	<control type="textbox">	
	<left>30</left>
	<top>615</top>
	<width>900</width>
	<height>234</height>
	<font>Font_plot</font>
	<label>$VAR[value_plot]</label>
	<autoscroll delay="15000" time="2000" repeat="15000">!Skin.HasSetting(noallowscroll)</autoscroll>
	<include>Animation_Fade</include>
	<visible>![Control.HasFocus(562) | IsEmpty(Control.GetLabel(1018)) + IsEmpty(Window.Property(AudioLanguage.1)) + IsEmpty(Window.Property(SubtitleLanguage.1))] + Window.IsActive(25) | ![Control.HasFocus(562) | IsEmpty(Control.GetLabel(1017))] + [Window.IsActive(500) | Window.IsActive(502)]</visible>
	</control>
	<!-- Video e audio para quando nao tem logo -->
	<control type="textbox">	
	<left>30</left>
	<top>615</top>
	<width>900</width>
	<height>356</height>
	<font>Font_plot</font>
	<label>$VAR[value_plot]</label>
	<autoscroll delay="15000" time="2000" repeat="15000">!Skin.HasSetting(noallowscroll)</autoscroll>
	<include>Animation_Fade</include>
	<visible>[!Control.HasFocus(562) + [IsEmpty(Control.GetLabel(1018)) + IsEmpty(Window.Property(AudioLanguage.1)) + IsEmpty(Window.Property(SubtitleLanguage.1))]] + Window.IsActive(25) | [!Control.HasFocus(562) + IsEmpty(Control.GetLabel(1017))] + [Window.IsActive(500) | Window.IsActive(502)]</visible>
	</control>
	<!-- Video e audio para quando tem logo + foco no painel -->
	<control type="textbox">	
	<left>30</left>
	<top>440</top>
	<width>900</width>
	<height>405</height>
	<font>Font_plot</font>
	<label>$VAR[value_plot]</label>
	<autoscroll delay="15000" time="2000" repeat="15000">!Skin.HasSetting(noallowscroll)</autoscroll>
	<include>Animation_Fade</include>
	<visible>[Control.HasFocus(562) + ![IsEmpty(Control.GetLabel(1018)) + IsEmpty(Window.Property(AudioLanguage.1)) + IsEmpty(Window.Property(SubtitleLanguage.1))]] + Window.IsActive(25) | [Control.HasFocus(562) + !IsEmpty(Control.GetLabel(1017))] + [Window.IsActive(500) | Window.IsActive(502)]</visible>
	</control>
	<!-- Video e audio para quando nao tem logo + foco no painel -->
	<control type="textbox">	
	<left>30</left>
	<top>440</top>
	<width>900</width>
	<height>522</height>
	<font>Font_plot</font>
	<label>$VAR[value_plot]</label>
	<autoscroll delay="15000" time="2000" repeat="15000">!Skin.HasSetting(noallowscroll)</autoscroll>
	<include>Animation_Fade</include>
	<visible>[Control.HasFocus(562) + [IsEmpty(Control.GetLabel(1018)) + IsEmpty(Window.Property(AudioLanguage.1)) + IsEmpty(Window.Property(SubtitleLanguage.1))]] + Window.IsActive(25) | [Control.HasFocus(562) + IsEmpty(Control.GetLabel(1017))] + [Window.IsActive(500) | Window.IsActive(502)]</visible>
	</control>
	<!-- Addons -->
	<control type="textbox">	
	<left>30</left>
	<top>615</top>
	<width>900</width>
	<height>352</height>
	<font>Font_plot</font>
	<label>$VAR[value_plot]</label>
	<autoscroll delay="15000" time="2000" repeat="15000">!Skin.HasSetting(noallowscroll)</autoscroll>
	<include>Animation_Fade</include>
	<visible>![Control.HasFocus(562) | Window.IsActive(25) | Window.IsActive(500) | Window.IsActive(502)]</visible>
	</control>
	<!-- Addons + foco no painel -->
	<control type="textbox">	
	<left>30</left>
	<top>440</top>
	<width>900</width>
	<height>530</height>
	<font>Font_plot</font>
	<label>$VAR[value_plot]</label>
	<autoscroll delay="15000" time="2000" repeat="15000">!Skin.HasSetting(noallowscroll)</autoscroll>
	<include>Animation_Fade</include>
	<visible>Control.HasFocus(562) + ![Window.IsActive(25) | Window.IsActive(500) | Window.IsActive(502)]</visible>
	</control>
	<control type="image">
	<left>15</left>
	<top>860</top>
	<width>930</width>
	<height>1</height>
	<texture>line.png</texture>
	<visible>![IsEmpty(Control.GetLabel(1018)) + IsEmpty(Window.Property(AudioLanguage.1)) + IsEmpty(Window.Property(SubtitleLanguage.1))] + Window.IsActive(25) | !IsEmpty(Control.GetLabel(1017)) + [Window.IsActive(500) | Window.IsActive(502)]</visible>
	</control>
	<!-- Logo Musicas -->
	<control type="image" id="1017">	
	<left>630</left>
	<top>867</top>
	<width>300</width>
	<height>108</height>
	<aspectratio align="right" aligny="bottom">keep</aspectratio>
	<texture background="true">$INFO[Skin.String(CustomMusicLogoPath)]$INFO[ListItem.Artist,,/logo.png]</texture>
	<fadetime>250</fadetime>
	</control>
	<!-- clearlogo e clearart -->
	<control type="image" id="1018">	
	<left>630</left>
	<top>867</top>
	<width>300</width>
	<height>108</height>
	<aspectratio align="right" aligny="bottom">keep</aspectratio>
	<texture background="true">$VAR[value_logoandclearart]</texture>
	<fadetime>250</fadetime>
	<visible>!Skin.HasSetting(noartwidevideo)</visible>
	</control>
	</control>
	<control type="group">
	<top>15</top>
	<animation effect="slide" start="1050,0" end="0,0" time="400" easing="inout" tween="cubic">Visible</animation>
	<animation effect="slide" start="0,0" end="1050,0" time="400" easing="inout" tween="cubic">Hidden</animation>
	<visible>Control.HasFocus(562)</visible>
	<control type="image">
	<left>975</left>
	<top>420</top>
	<height>1</height>
	<width>930</width>
	<texture>line.png</texture>
	</control>
	<control type="label">
	<include>WideLabel</include>
	<top>0</top>
	<label>$VAR[value_ground11_label]</label>
	</control>
	<control type="label">
	<include>WideValue</include>
	<top>0</top>
	<label>$VAR[value_ground11_value]</label>
	</control>
	<control type="label">
	<include>WideLabel</include>
	<top>66</top>
	<label>$VAR[value_ground12_label]</label>
	</control>
	<control type="label">
	<include>WideValue</include>
	<top>66</top>
	<label>$VAR[value_ground12_value]</label>
	</control>
	<control type="label">
	<include>WideLabel</include>
	<top>132</top>
	<label>$VAR[value_ground13_label]</label>
	</control>
	<control type="label">
	<include>WideValue</include>
	<top>132</top>
	<label>$VAR[value_ground13_value]</label>
	</control>
	<control type="label">
	<include>WideLabel</include>
	<top>198</top>
	<label>$VAR[value_ground15_label]</label>
	</control>
	<control type="label">
	<include>WideValue</include>
	<top>198</top>
	<label>$VAR[value_ground15_value]</label>
	</control>
	<control type="label">
	<include>WideLabel</include>
	<top>264</top>
	<label>$VAR[value_ground16_label]</label>
	<visible>![Container.Content(tvshows) | Container.Content(seasons) | Container.Content(episodes)]</visible>
	</control>
	<control type="label">
	<include>WideValue</include>
	<top>264</top>
	<label>$VAR[value_ground16_value]</label>
	<visible>![Container.Content(tvshows) | Container.Content(seasons) | Container.Content(episodes)]</visible>
	</control>
	<control type="label">
	<include>WideLabel</include>
	<top>330</top>
	<label>$VAR[value_ground14_label]</label>
	<visible>!Container.Content(albums)</visible>
	</control>
	<control type="label">
	<include>WideValue</include>
	<top>330</top>
	<label>$VAR[value_ground14_value]</label>
	<visible>!Container.Content(albums)</visible>
	</control>
	</control>
	<control type="scrollbar" id="80">
	<include>ScrollBar_Vertical</include>
	<left>8</left>
	<top>102</top>
	<height>870</height>
	<onleft>9900</onleft>
	<onright>59</onright>
	<include>Animation_Fade</include>
	<visible allowhiddenfocus="true">Control.IsVisible(59) + Control.HasFocus(80)</visible>
	</control>
	</control>
	</include>
</includes>