<?xml version="1.0" encoding="UTF-8"?>
<window>
	<onload condition="!Skin.HasSetting(DisableSlideShowArt) + IsEmpty(Window.Property(ArtistSlideshowRunning))">RunScript(script.artistslideshow, daemon=true)</onload>
	<defaultcontrol>-</defaultcontrol>
	<controls>
		<control type="group">
			<visible>!Skin.HasSetting(HideArtistArtOSD)</visible>
			<include>ArtistExtraFanArt</include>
		</control>
		<control type="group">
			<visible>Skin.HasSetting(NoDiffuseVizFanart) | IsEmpty(Visualisation.Name) | SubString(Visualisation.Name,waveform) | SubString(Visualisation.Name,spectrum)</visible>
			<include>AlbumArtMusicVizWall</include>
		</control>
		<include>MusicArtUnderVisualisation</include>
		<control type="visualisation" id="2">
			<description>visualisation</description>
			<include>Dimensions_Fullscreen</include>
		</control>
		<control type="group">
			<visible>!Skin.HasSetting(NoDiffuseVizFanart) + !IsEmpty(Visualisation.Name) + !SubString(Visualisation.Name,waveform) + !SubString(Visualisation.Name,spectrum)</visible>
			<include>AlbumArtMusicVizWall</include>
		</control>
		<include>MusicArtOverVisualisation</include>
		<control type="group">
			<animation effect="fade" time="200">VisibleChange</animation>
			<visible>Skin.String(MusicOSDInfo,permanent) | [!IntegerGreaterThan(Player.time,5) | Player.ShowInfo | Window.IsActive(MusicOSD) | Player.Seeking | Player.displayAfterSeek | Player.Paused | Player.Forwarding | Player.Rewinding] + ![Window.IsVisible(AddonSettings) | Window.IsVisible(SelectDialog) | Window.IsVisible(VisualisationPresetList)]</visible>
			<control type="image" id="1">
				<left>-100</left>
				<top>-60</top>
				<width>1480</width>
				<height>160</height>
				<texture flipy="true">NowPlayingBack.png</texture>
				<visible>!Skin.HasSetting(HideOSDProfileClock)</visible>
			</control>
			<control type="image" id="1">
				<left>-100</left>
				<top>230r</top>
				<width>1480</width>
				<height>230</height>
				<texture>NowPlayingBack.png</texture>
			</control>
			<include>FullScreenUsrInfo</include>
			<control type="group">
				<visible>!Skin.String(MusicOSDInfo,never)</visible>
				<left>10</left>
				<top>265r</top>
				<control type="image">
					<description>Cd overlay</description>
					<left>50</left>
					<top>15</top>
					<width>170</width>
					<height>175</height>
					<include>CDArtSpinner</include>
					<texture fallback="Disks/DefaultCDArt.png" background="true">$INFO[Player.FolderPath,,cdart.png]</texture>
					<aspectratio align="center">keep</aspectratio>
					<visible>!Skin.HasSetting(DisableDiscArt) + !Player.IsInternetStream</visible>
					<!--visible>!Skin.HasSetting(DisableAnimations)</visible-->
				</control>
				<control type="image">
					<description>Cover Image</description>
					<left>40</left>
					<top>13</top>
					<width>180</width>
					<height>180</height>
					<aspectratio aligny="bottom">stretch</aspectratio>
					<texture background="true" diffuse="CDCase/cdmask.png" fallback="DefaultAlbumCover.png">$INFO[MusicPlayer.Cover]</texture>
				</control>
				<control type="image">
					<left>4</left>
					<top>3</top>
					<width>229</width>
					<height>207</height>
					<bordertexture>CDCase/cdshadow.png</bordertexture>
					<texture background="true">CDCase/cdglass.png</texture>
				</control>
				<visible>!Skin.HasSetting(HideAlbumThumbOSD)</visible>
			</control>
			<control type="group">
				<visible>!Skin.String(MusicOSDInfo,never)</visible>
				<left>330</left>
				<top>255r</top>
				<control type="image">
					<left>0</left>
					<top>-10</top>
					<width>200</width>
					<height>78</height>
					<texture>$INFO[Player.FolderPath,,../logo.png]</texture>
					<aspectratio aligny="bottom" align="left">keep</aspectratio>
					<visible>IsEmpty(Skin.String(PhysicalMusicFolder))</visible>
					<visible>!Skin.HasSetting(HideAlbumThumbOSD) + !Player.IsInternetStream</visible>
					<visible>!Skin.HasSetting(DisableLogoArt)</visible>
				</control>
				<control type="image">
					<left>0</left>
					<top>-10</top>
					<width>200</width>
					<height>78</height>
					<texture>$INFO[Skin.String(PhysicalMusicFolder)]$INFO[MusicPlayer.Artist]/logo.png</texture>
					<aspectratio aligny="bottom" align="left">keep</aspectratio>
					<visible>!IsEmpty(Skin.String(PhysicalMusicFolder)) + !Skin.HasSetting(DisableLogoArt)</visible>
					<visible>!Skin.HasSetting(HideAlbumThumbOSD) + !Player.IsInternetStream</visible>
				</control>
				<control type="label" id="1">
					<description>Artist label</description>
					<left>0</left>
					<top>75</top>
					<width>910</width>
					<height>25</height>
					<align>left</align>
					<font>font12</font>
					<label>$INFO[MusicPlayer.Artist]$INFO[MusicPlayer.Album, - ]</label>
					<textcolor>grey2</textcolor>
					<shadowcolor>black</shadowcolor>
				</control>
				<control type="label">
					<description>Header label</description>
					<left>0</left>
					<top>100</top>
					<width>910</width>
					<height>25</height>
					<align>left</align>
					<font>font12</font>
					<textcolor>grey2</textcolor>
					<shadowcolor>black</shadowcolor>
					<label>$VAR[MusicHeaderLabel]</label>
				</control>
				<control type="grouplist">
					<left>0</left>
					<top>130</top>
					<width>910</width>
					<height>35</height>
					<itemgap>5</itemgap>
					<orientation>horizontal</orientation>
					<control type="label">
						<width min="10" max="700">auto</width>
						<height>30</height>
						<font>font30</font>
						<align>left</align>
						<aligny>center</aligny>
						<label>$INFO[Player.Title]</label>
						<textcolor>$VAR[SelectedColor]</textcolor>
						<scroll>true</scroll>
					</control>
					<control type="image">
						<description>Audio Codec Image</description>
						<width>80</width>
						<height>35</height>
						<aspectratio align="right">keep</aspectratio>
						<texture>$INFO[MusicPlayer.Codec,flagging/audio/,.png]</texture>
					</control>
					<control type="group">
						<description>Rating</description>
						<width>110</width>
						<height>35</height>
						<control type="image">
							<description>rating back</description>
							<left>0</left>
							<top>0</top>
							<width>110</width>
							<height>35</height>
							<aspectratio align="left">stretch</aspectratio>
							<texture border="5">flagging/blank.png</texture>
						</control>
						<control type="image">
							<description>Rating</description>
							<left>5</left>
							<top>0</top>
							<width>100</width>
							<height>35</height>
							<aspectratio align="center">keep</aspectratio>
							<texture colordiffuse="lightgrey" fallback="LeftRating/rating0.png">$INFO[Player.StarRating,LeftRating/]</texture>
						</control>
					</control>
				</control>
				<animation effect="slide" end="-150,0" time="0" tween="back" easing="out" condition="Skin.HasSetting(HideAlbumThumbOSD)" reversible="true">Conditional</animation>
			</control>
			<control type="fadelabel" id="1">
				<description>Next Five Songs</description>
				<left>0</left>
				<top>45r</top>
				<width>1280</width>
				<height>25</height>
				<align>center</align>
				<scroll>true</scroll>
				<scrollout>true</scrollout>
				<scrollspeed>30</scrollspeed>
				<pauseatend>400</pauseatend>
				<label>$VAR[NextFiveSongScroller]</label>
				<font>font12</font>
				<textcolor>$VAR[MainColorTwo]</textcolor>
				<shadowcolor>black</shadowcolor>
				<visible>[Skin.String(MusicOSDInfo,permanent) | MusicPlayer.HasNext] + !Window.IsVisible(MusicOSD) + !Window.IsVisible(script-XBMC_Lyrics-main.xml)</visible>
				<visible>![Player.Seeking | Player.displayAfterSeek | Player.Paused | Player.Forwarding | Player.Rewinding]</visible>
				<animation effect="fade" time="200">VisibleChange</animation>
				<visible>!Skin.HasSetting(HideNextSongsInfo)</visible>
				<visible>!Skin.String(MusicOSDInfo,never)</visible>
				<!--visible>!Skin.HasSetting(DisableAnimations)</visible-->
			</control>
			<control type="group">
				<left>330</left>
				<top>95r</top>
				<control type="label">
					<left>0</left>
					<top>0</top>
					<width>100</width>
					<height>40</height>
					<font>font13</font>
					<align>left</align>
					<aligny>center</aligny>
					<label>$INFO[Player.Time(hh:mm:ss)]</label>
				</control>
				<control type="progress">
					<description>Progressbar</description>
					<left>100</left>
					<top>15</top>
					<width>720</width>
					<height>16</height>
					<info>Player.Progress</info>
				</control>
				<control type="label">
					<left>820</left>
					<top>0</top>
					<width>100</width>
					<height>40</height>
					<font>font13</font>
					<align>right</align>
					<aligny>center</aligny>
					<label>$INFO[Player.Duration(hh:mm:ss)]</label>
				</control>
				<visible>IntegerGreaterThan(Player.time,0)</visible>
				<visible>!Skin.String(MusicOSDInfo,never) | Window.IsActive(MusicOSD)</visible>
				<animation effect="slide" end="-150,0" time="0" tween="back" easing="out" condition="Skin.HasSetting(HideAlbumThumbOSD) + !Skin.String(MusicOSDInfo,never)" reversible="true">Conditional</animation>
				<animation effect="slide" end="-150,0" time="0" tween="back" easing="out" condition="Skin.String(MusicOSDInfo,never)" reversible="true">Conditional</animation>
			</control>
		</control>
		<!-- codec & viz infos -->
		<control type="group" id="0">
			<left>0</left>
			<top>50</top>
			<visible>Player.ShowCodec + ![Window.IsVisible(script-cu-lrclyrics-main.xml) | Window.IsVisible(VisualisationSettings) | Window.IsVisible(VisualisationPresetList)]</visible>
			<animation effect="fade" time="200">VisibleChange</animation>
			<control type="image">
				<description>media info background image</description>
				<left>0</left>
				<top>0</top>
				<width>1280</width>
				<height>105</height>
				<colordiffuse>AAFFFFFF</colordiffuse>
				<texture>black-back.png</texture>
			</control>
			<control type="label">
				<description>row 1 label</description>
				<left>50</left>
				<top>10</top>
				<label>-</label>
				<align>left</align>
				<label>$INFO[musicplayer.Codec,$LOCALIZE[21446]: ,]$INFO[musicplayer.Bitrate, · $LOCALIZE[623]: ,kbps]$INFO[musicplayer.bitspersample, · $LOCALIZE[612]: ,]$INFO[musicplayer.Samplerate, · $LOCALIZE[613]: ,kHz]$INFO[musicplayer.Channels, · $LOCALIZE[21444]: ]</label>
				<font>font12</font>
			</control>
			<control type="label">
				<description>row 2 label</description>
				<left>50</left>
				<top>40</top>
				<label>-</label>
				<align>left</align>
				<label>$INFO[Visualisation.Name,, [I][COLOR=orange]($LOCALIZE[20166])[/COLOR][/I] · ]fps: $INFO[System.FPS]</label>
				<font>font12</font>
				<visible>Visualisation.Locked</visible>
			</control>
			<control type="label">
				<description>Unlocked row 2 label</description>
				<left>50</left>
				<top>40</top>
				<label>-</label>
				<align>left</align>
				<label>$INFO[Visualisation.Name,, · ]fps: $INFO[System.FPS]</label>
				<font>font12</font>
				<visible>!Visualisation.Locked</visible>
			</control>
			<control type="label">
				<description>row 3 label</description>
				<left>50</left>
				<top>70</top>
				<label>-</label>
				<align>left</align>
				<label>$INFO[Visualisation.Preset,$LOCALIZE[13388]: ]</label>
				<font>font12</font>
			</control>
		</control>
	</controls>
</window>
