<?xml version="1.0" encoding="UTF-8"?>
<window>
	<include condition="!Skin.HasSetting(InitialSetUpRun)">DefaultInitialSetup</include>
	<onload>SetProperty(MenuItemActive,Settings,Home)</onload>
	<defaultcontrol always="true">2</defaultcontrol>
	<controls>
		<control type="image">
			<include>Dimensions_Fullscreen</include>
			<aspectratio>scale</aspectratio>
			<texture background="true">special://skin/backgrounds/settings.jpg</texture>
			<include>BackgroundFade</include>
			<fadetime>FanartCrossfadeTime</fadetime>
			<include>Window_OpenClose_Animation</include>
		</control>
		<include condition="Skin.HasSetting(InitialSetUpRun)">CommonBackground</include>
		<control type="button" id="800">
			<include>InvisibleButton</include>
			<onleft>801</onleft>
			<onright>804</onright>
			<onup>2</onup>
			<ondown>2</ondown>
			<visible>false</visible>
		</control>
		<control type="image">
			<include>Window_OpenClose_Animation</include>
			<include>VisibleFadeEffect</include>
			<left>480</left>
			<top>0</top>
			<width>800</width>
			<height>720</height>
			<aspectratio>stretch</aspectratio>
			<texture>black-back.png</texture>
		</control>
		<include>BehindDialogFadeOut</include>
		<include>MediaViewBackgrounds</include>
		<include>FloorReturnButtons</include>
		<control type="label">
			<left>55</left>
			<top>5</top>
			<width>1170</width>
			<height>30</height>
			<font>font30_title</font>
			<textcolor>$VAR[MainColorOne]</textcolor>
			<scroll>true</scroll>
			<align>center</align>
			<aligny>center</aligny>
			<include>Window_OpenClose_Animation</include>
			<label>[UPPERCASE]$LOCALIZE[10034][/UPPERCASE]</label>
		</control>
		<control type="label">
			<left>10</left>
			<top>45</top>
			<width>1260</width>
			<height>20</height>
			<font>font12_title</font>
			<textcolor>grey2</textcolor>
			<wrapmultiline>true</wrapmultiline>
			<scroll>false</scroll>
			<align>center</align>
			<aligny>center</aligny>
			<include>Window_OpenClose_Animation</include>
			<label>$LOCALIZE[20096] $LOCALIZE[305]</label>
			<visible>System.HasLoginScreen</visible>
		</control>
		<control type="label">
			<left>10</left>
			<top>45</top>
			<width>1260</width>
			<height>20</height>
			<font>font12_title</font>
			<textcolor>grey2</textcolor>
			<wrapmultiline>true</wrapmultiline>
			<scroll>false</scroll>
			<align>center</align>
			<aligny>center</aligny>
			<include>Window_OpenClose_Animation</include>
			<label>$LOCALIZE[20096] $LOCALIZE[1223]</label>
			<visible>!System.HasLoginScreen</visible>
		</control>
		<control type="group">
			<left>90</left>
			<top>30</top>
			<include condition="!Skin.HasSetting(DisableAnimations)">AnimatedOpenWindow</include>
			<control type="button" id="4">
				<texturefocus></texturefocus>
				<texturenofocus></texturenofocus>
				<description>Enable Login screen</description>
				<left>10</left>
				<top>90</top>
				<width>250</width>
				<height>72</height>
				<textoffsety>8</textoffsety>
				<label>20096</label>
				<font>font24_title</font>
				<align>right</align>
				<aligny>top</aligny>
				<textcolor>grey2</textcolor>
				<focusedcolor>$VAR[MainColorTwo]</focusedcolor>
				<onleft>800</onleft>
				<onright>2</onright>
				<onup>5</onup>
				<ondown>5</ondown>
				<animation effect="zoom" start="90" end="120" center="auto" time="200">Focus</animation>
				<animation effect="zoom" start="120" end="90" center="auto" time="200">UnFocus</animation>
				<enable>!Window.IsVisible(ProfileSettings)</enable>
			</control>
			<control type="label">
				<left>0</left>
				<top>130</top>
				<width>240</width>
				<height>25</height>
				<font>font13</font>
				<textcolor>grey2</textcolor>
				<align>right</align>
				<aligny>center</aligny>
				<label>305</label>
				<visible>System.HasLoginScreen</visible>
			</control>
			<control type="label">
				<left>0</left>
				<top>130</top>
				<width>240</width>
				<height>25</height>
				<font>font13</font>
				<textcolor>grey2</textcolor>
				<align>right</align>
				<aligny>center</aligny>
				<label>1223</label>
				<visible>!System.HasLoginScreen</visible>
			</control>
			<control type="button" id="5">
				<texturefocus></texturefocus>
				<texturenofocus></texturenofocus>
				<description>Choose auto login user</description>
				<left>10</left>
				<top>161</top>
				<width>250</width>
				<height>72</height>
				<textoffsety>8</textoffsety>
				<label>33084</label>
				<font>font24_title</font>
				<align>right</align>
				<aligny>top</aligny>
				<textcolor>grey2</textcolor>
				<focusedcolor>$VAR[MainColorTwo]</focusedcolor>
				<onleft>800</onleft>
				<onright>2</onright>
				<onup>4</onup>
				<ondown>4</ondown>
				<visible>!System.HasLoginScreen</visible>
				<animation effect="zoom" start="90" end="120" center="auto" time="200">Focus</animation>
				<animation effect="zoom" start="120" end="90" center="auto" time="200">UnFocus</animation>
				<enable>!Window.IsVisible(ProfileSettings) + !System.HasLoginScreen</enable>
			</control>
			<control type="button">
				<texturefocus></texturefocus>
				<texturenofocus></texturenofocus>
				<description>Choose auto login user (grayed out)</description>
				<left>10</left>
				<top>161</top>
				<width>250</width>
				<height>72</height>
				<textoffsety>8</textoffsety>
				<label>33084</label>
				<font>font24_title</font>
				<textcolor>grey2</textcolor>
				<align>right</align>
				<aligny>top</aligny>
				<onleft>2</onleft>
				<onright>2</onright>
				<onup>4</onup>
				<ondown>4</ondown>
				<visible>System.HasLoginScreen</visible>
				<enable>false</enable>
			</control>
			<control type="label">
				<left>47</left>
				<top>201</top>
				<width>200</width>
				<height>25</height>
				<font>font13caps</font>
				<textcolor>grey2</textcolor>
				<align>right</align>
				<aligny>center</aligny>
				<label>$INFO[System.ProfileAutoLogin]</label>
				<scroll>true</scroll>
				<scrollspeed>30</scrollspeed>
				<visible>Control.HasFocus(5) + !System.HasLoginScreen</visible>
			</control>
			<control type="group">
				<left>20</left>
				<top>260</top>
				<control type="image">
					<left>0</left>
					<top>0</top>
					<width>240</width>
					<height>200</height>
					<aspectratio align="center" aligny="bottom">keep</aspectratio>
					<bordertexture border="12">ThumbBorder.png</bordertexture>
					<bordersize>10</bordersize>
					<texture fallback="unknown-user.png">$INFO[Container(2).Listitem.icon]</texture>
				</control>
				<control type="label">
					<left>0</left>
					<top>210</top>
					<width>240</width>
					<height>20</height>
					<font>font12_title</font>
					<textcolor>$VAR[MainColorOne]</textcolor>
					<align>center</align>
					<aligny>center</aligny>
					<label>$LOCALIZE[31370]</label>
				</control>
				<control type="label">
					<left>0</left>
					<top>235</top>
					<width>240</width>
					<height>20</height>
					<font>font13</font>
					<textcolor>$VAR[MainColorTwo]</textcolor>
					<align>center</align>
					<aligny>center</aligny>
					<label>$INFO[Container(2).ListItem.label]</label>
				</control>
				<control type="label">
					<left>0</left>
					<top>265</top>
					<width>240</width>
					<height>30</height>
					<font>font12_title</font>
					<textcolor>$VAR[MainColorOne]</textcolor>
					<align>center</align>
					<aligny>center</aligny>
					<label>$LOCALIZE[31371]</label>
				</control>
				<control type="label">
					<left>0</left>
					<top>290</top>
					<width>240</width>
					<height>30</height>
					<font>font13</font>
					<textcolor>$VAR[MainColorTwo]</textcolor>
					<align>center</align>
					<aligny>center</aligny>
					<label fallback="13170">$INFO[Container(2).ListItem.label2]</label>
				</control>
			</control>
			<control type="panel" id="2">
				<left>390</left>
				<top>75</top>
				<width>760</width>
				<height>540</height>
				<onleft>4</onleft>
				<onright>60</onright>
				<onup>53</onup>
				<ondown>53</ondown>
				<viewtype label="21371">list</viewtype>
				<pagecontrol>60</pagecontrol>
				<scrolltime>200</scrolltime>
				<itemlayout height="180" width="190">
					<control type="image">
						<left>1</left>
						<top>0</top>
						<width>188</width>
						<height>145</height>
						<bordertexture border="5">button-nofocus.png</bordertexture>
						<bordersize>5</bordersize>
						<aspectratio align="center" aligny="bottom">keep</aspectratio>
						<texture fallback="unknown-user.png">$INFO[Listitem.icon]</texture>
					</control>
					<control type="label">
						<left>1</left>
						<top>145</top>
						<width>178</width>
						<height>25</height>
						<font>font11</font>
						<textcolor>grey2</textcolor>
						<selectedcolor>$VAR[SelectedColor]</selectedcolor>
						<align>center</align>
						<aligny>center</aligny>
						<info>ListItem.label</info>
					</control>
				</itemlayout>
				<focusedlayout height="180" width="190">
					<control type="image">
						<left>1</left>
						<top>0</top>
						<width>188</width>
						<height>145</height>
						<bordertexture border="5" colordiffuse="$VAR[MenuBarColor]">folder-focus.png</bordertexture>
						<bordersize>5</bordersize>
						<aspectratio align="center" aligny="bottom">keep</aspectratio>
						<texture fallback="unknown-user.png">$INFO[Listitem.icon]</texture>
					</control>
					<control type="label">
						<left>1</left>
						<top>145</top>
						<width>178</width>
						<height>25</height>
						<font>font11</font>
						<textcolor>$VAR[MainColorTwo]</textcolor>
						<selectedcolor>$VAR[SelectedColor]</selectedcolor>
						<align>center</align>
						<aligny>center</aligny>
						<info>ListItem.label</info>
					</control>
				</focusedlayout>
			</control>
			<control type="scrollbar" id="60">
				<left>1150</left>
				<top>75</top>
				<width>25</width>
				<height>510</height>
				<include>PageScrollBar</include>
				<onleft>2</onleft>
				<onright>800</onright>
				<showonepage>true</showonepage>
				<orientation>vertical</orientation>
			</control>
		</control>
		<include>CommonNowPlaying</include>
		<include>BottonLogoImage</include>
		<include>BottomClock</include>
	</controls>
</window>
