<?xml version="1.0" encoding="UTF-8"?>
<window>
	<include condition="!Skin.HasSetting(InitialSetUpRun)">DefaultInitialSetup</include>
	<onload>SetProperty(MenuItemActive,Settings,Home)</onload>
	<defaultcontrol always="true">95</defaultcontrol>
	<controls>
		<control type="image">
			<include>Dimensions_Fullscreen</include>
			<aspectratio>scale</aspectratio>
			<texture background="true">special://skin/backgrounds/settings.jpg</texture>
			<include>BackgroundFade</include>
			<fadetime>FanartCrossfadeTime</fadetime>
			<include>Window_OpenClose_Animation</include>
		</control>
		<include condition="Skin.HasSetting(InitialSetUpRun)">CommonBackground</include>
		<control type="button" id="800">
			<include>InvisibleButton</include>
			<onleft>801</onleft>
			<onright>804</onright>
			<onup>9000</onup>
			<ondown>9000</ondown>
			<visible>false</visible>
		</control>
		<control type="image">
			<include>Window_OpenClose_Animation</include>
			<include>VisibleFadeEffect</include>
			<left>480</left>
			<top>0</top>
			<width>800</width>
			<height>720</height>
			<aspectratio>stretch</aspectratio>
			<texture>black-back.png</texture>
		</control>
		<include>BehindDialogFadeOut</include>
		<include>MediaViewBackgrounds</include>
		<include>FloorReturnButtons</include>
		<control type="label" id="40">
			<description>Invisible label</description>
			<left>0</left>
			<top>0</top>
			<width>0</width>
			<height>0</height>
			<visible>false</visible>
		</control>
		<control type="label">
			<left>55</left>
			<top>5</top>
			<width>1170</width>
			<height>30</height>
			<font>font30_title</font>
			<textcolor>$VAR[MainColorOne]</textcolor>
			<scroll>true</scroll>
			<align>center</align>
			<aligny>center</aligny>
			<include>Window_OpenClose_Animation</include>
			<label>[UPPERCASE]$LOCALIZE[13000] - $INFO[Control.GetLabel(40)][/UPPERCASE]</label>
		</control>
		<control type="label" id="52">
			<left>10</left>
			<top>45</top>
			<width>1260</width>
			<height>20</height>
			<font>font12_title</font>
			<textcolor>grey2</textcolor>
			<wrapmultiline>true</wrapmultiline>
			<scroll>false</scroll>
			<align>center</align>
			<aligny>center</aligny>
			<include>Window_OpenClose_Animation</include>
		</control>
		<control type="group">
			<left>80</left>
			<top>20</top>
			<include condition="!Skin.HasSetting(DisableAnimations)">AnimatedOpenWindow</include>
			<control type="grouplist" id="9000">
				<left>80</left>
				<top>120</top>
				<width>430</width>
				<height>600</height>
				<itemgap>-1</itemgap>
				<onup>9000</onup>
				<ondown>9000</ondown>
				<onleft>800</onleft>
				<onright>800</onright>
				<animation type="Focus" reversible="false">
					<animation effect="zoom" start="65" end="125" center="380,51" time="200">Focus</animation>
					<effect type="fade" start="90" end="100" time="200" />
				</animation>
				<animation type="UnFocus" reversible="false">
					<animation effect="zoom" start="125" end="65" center="380,51" time="200">UnFocus</animation>
					<effect type="fade" start="100" end="90" time="200" />
				</animation>
				<control type="button" id="95">
					<height>60</height>
					<width>300</width>
					<textoffsetx>0</textoffsetx>
					<align>right</align>
					<aligny>center</aligny>
					<font>font24_title</font>
					<textcolor>grey2</textcolor>
					<focusedcolor>$VAR[MainColorTwo]</focusedcolor>
					<texturefocus>-</texturefocus>
					<texturenofocus>-</texturenofocus>
					<pulseonselect>false</pulseonselect>
					<label>20037</label>
					<animation effect="zoom" start="110" end="145" center="300,30" time="200">Focus</animation>
					<animation effect="zoom" start="145" end="110" center="300,30" time="200">UnFocus</animation>
				</control>
				<control type="button" id="94">
					<height>60</height>
					<width>300</width>
					<textoffsetx>0</textoffsetx>
					<align>right</align>
					<aligny>center</aligny>
					<font>font24_title</font>
					<textcolor>grey2</textcolor>
					<focusedcolor>$VAR[MainColorTwo]</focusedcolor>
					<texturefocus>-</texturefocus>
					<texturenofocus>-</texturenofocus>
					<pulseonselect>false</pulseonselect>
					<label>13277</label>
					<animation effect="zoom" start="110" end="145" center="300,30" time="200">Focus</animation>
					<animation effect="zoom" start="145" end="110" center="300,30" time="200">UnFocus</animation>
				</control>
				<control type="button" id="96">
					<height>60</height>
					<width>300</width>
					<textoffsetx>0</textoffsetx>
					<align>right</align>
					<aligny>center</aligny>
					<font>font24_title</font>
					<textcolor>grey2</textcolor>
					<focusedcolor>$VAR[MainColorTwo]</focusedcolor>
					<texturefocus>-</texturefocus>
					<texturenofocus>-</texturenofocus>
					<pulseonselect>false</pulseonselect>
					<label>13279</label>
					<animation effect="zoom" start="110" end="145" center="300,30" time="200">Focus</animation>
					<animation effect="zoom" start="145" end="110" center="300,30" time="200">UnFocus</animation>
				</control>
				<control type="button" id="97">
					<height>60</height>
					<width>300</width>
					<textoffsetx>0</textoffsetx>
					<align>right</align>
					<aligny>center</aligny>
					<font>font24_title</font>
					<textcolor>grey2</textcolor>
					<focusedcolor>$VAR[MainColorTwo]</focusedcolor>
					<texturefocus>-</texturefocus>
					<texturenofocus>-</texturenofocus>
					<pulseonselect>false</pulseonselect>
					<label>13280</label>
					<animation effect="zoom" start="110" end="145" center="300,30" time="200">Focus</animation>
					<animation effect="zoom" start="145" end="110" center="300,30" time="200">UnFocus</animation>
				</control>
				<control type="button" id="98">
					<description>Button Hardware</description>
					<height>60</height>
					<width>300</width>
					<textoffsetx>0</textoffsetx>
					<align>right</align>
					<aligny>center</aligny>
					<font>font24_title</font>
					<textcolor>grey2</textcolor>
					<focusedcolor>$VAR[MainColorTwo]</focusedcolor>
					<texturefocus>-</texturefocus>
					<texturenofocus>-</texturenofocus>
					<pulseonselect>false</pulseonselect>
					<label>13281</label>
					<animation effect="zoom" start="110" end="145" center="300,30" time="200">Focus</animation>
					<animation effect="zoom" start="145" end="110" center="300,30" time="200">UnFocus</animation>
				</control>
				<control type="button" id="99">
					<height>60</height>
					<width>300</width>
					<textoffsetx>0</textoffsetx>
					<align>right</align>
					<aligny>center</aligny>
					<font>font24_title</font>
					<textcolor>grey2</textcolor>
					<focusedcolor>$VAR[MainColorTwo]</focusedcolor>
					<texturefocus>-</texturefocus>
					<texturenofocus>-</texturenofocus>
					<pulseonselect>false</pulseonselect>
					<label>19191</label>
					<animation effect="zoom" start="110" end="145" center="300,30" time="200">Focus</animation>
					<animation effect="zoom" start="145" end="110" center="300,30" time="200">UnFocus</animation>
				</control>
			</control>
			<control type="group">
				<left>415</left>
				<top>130</top>
				<control type="label" id="2">
					<description>Label 2</description>
					<left>0</left>
					<top>20</top>
					<width>750</width>
					<font>font13</font>
				</control>
				<control type="label" id="3">
					<description>Label 3</description>
					<left>0</left>
					<top>55</top>
					<width>750</width>
					<font>font13</font>
				</control>
				<control type="label" id="4">
					<description>Label 4</description>
					<left>0</left>
					<top>90</top>
					<width>750</width>
					<font>font13</font>
				</control>
				<control type="label" id="5">
					<description>Label 5</description>
					<left>0</left>
					<top>125</top>
					<width>750</width>
					<font>font13</font>
				</control>
				<control type="label" id="6">
					<description>Label 6</description>
					<left>0</left>
					<top>160</top>
					<width>750</width>
					<font>font13</font>
				</control>
				<control type="label" id="7">
					<description>Label 7</description>
					<left>0</left>
					<top>195</top>
					<width>750</width>
					<font>font13</font>
				</control>
				<control type="label" id="8">
					<description>Label 8</description>
					<left>0</left>
					<top>230</top>
					<width>750</width>
					<font>font13</font>
				</control>
				<control type="label" id="9">
					<description>Label 9</description>
					<left>0</left>
					<top>265</top>
					<width>750</width>
					<font>font13</font>
				</control>
				<control type="label" id="10">
					<description>Label 10</description>
					<left>0</left>
					<top>300</top>
					<width>750</width>
					<font>font13</font>
				</control>
				<control type="label" id="11">
					<description>Label 11</description>
					<left>0</left>
					<top>335</top>
					<width>750</width>
					<font>font13</font>
				</control>
				<control type="label">
					<description>CPU Text</description>
					<right>400</right>
					<top>400</top>
					<width>350</width>
					<height>25</height>
					<label>$LOCALIZE[13271] $INFO[System.CPUUsage]</label>
					<align>right</align>
					<aligny>center</aligny>
					<textcolor>$VAR[MainColorTwo]</textcolor>
					<shadowcolor>black</shadowcolor>
					<font>font12_title</font>
				</control>
				<control type="progress">
					<description>CPU BAR</description>
					<left>410</left>
					<top>405</top>
					<width>320</width>
					<height>16</height>
					<info>System.CPUUsage</info>
				</control>
				<control type="label">
					<description>Memory Text</description>
					<right>400</right>
					<top>430</top>
					<width>350</width>
					<height>25</height>
					<label>$LOCALIZE[31369] $INFO[system.memory(used.percent)]</label>
					<align>right</align>
					<aligny>center</aligny>
					<textcolor>$VAR[MainColorTwo]</textcolor>
					<shadowcolor>black</shadowcolor>
					<font>font12_title</font>
				</control>
				<control type="progress">
					<description>Memory BAR</description>
					<left>410</left>
					<top>435</top>
					<width>320</width>
					<height>16</height>
					<info>system.memory(used)</info>
				</control>
			</control>
		</control>
		<include>CommonNowPlaying</include>
		<include>BottonLogoImage</include>
		<include>BottomClock</include>
	</controls>
</window>
