<?xml version="1.0" encoding="UTF-8"?>
<window>
	<defaultcontrol always="true">10</defaultcontrol>
	<include condition="!Skin.HasSetting(InitialSetUpRun)">DefaultInitialSetup</include>
	<onload condition="Skin.HasSetting(EnableFanartScript) + !System.HasAddon(script.skin.helper.service)">Skin.Reset(SkinHelper.RandomFanartDelay)</onload>
	<onload condition="Skin.HasSetting(EnableFanartScript) + !System.HasAddon(script.skin.helper.service)">Skin.Reset(EnableFanartScript)</onload>
	<!--onload condition="System.HasAddon(script.skin.info.service)">RunScript(script.skin.info.service)</onload-->
	<onload condition="!Skin.String(WidgetPlaylistScript,Disabled) + !System.HasAddon(script.randomandlastitems)">Skin.SetString(WidgetPlaylistScript,Disabled)</onload>
	<onload condition="!Skin.HasSetting(DisableDataService) + !System.HasAddon(service.library.data.provider)">Skin.Setbool(DisableDataService)</onload>
	<onload condition="!Skin.HasSetting(DisableSlideShowArt) + !System.HasAddon(script.artistslideshow)">Skin.Setbool(DisableSlideShowArt)</onload>
	<onload condition="!Skin.HasSetting(DisableTVNextAired) + !System.HasAddon(script.tv.show.next.aired)">Skin.Setbool(DisableTVNextAired)</onload>
	<onload condition="!Skin.HasSetting(DisableGlobalSearch) + !System.HasAddon(script.globalsearch)">Skin.Setbool(DisableGlobalSearch)</onload>
	<onload condition="!Skin.HasSetting(DisableTVTunes) + !System.HasAddon(script.tvtunes)">Skin.Setbool(DisableTVTunes)</onload>
	<onload condition="!Skin.HasSetting(DisableWatchItLater) + !System.HasAddon(script.simpleplaylists)">Skin.Setbool(DisableWatchItLater)</onload>
	<controls>
		<control type="image">
			<description>Startup Background Image</description>
			<include>Dimensions_Fullscreen</include>
			<aspectratio>scale</aspectratio>
			<include>VisibleFadeEffect</include>
			<texture fallback="special://skin/backgrounds/splash.jpg">$INFO[Skin.String(StartUpBackgroundPath)]</texture>
			<visible>!Skin.HasSetting(HideStartUpBackground)</visible>
		</control>
		<control type="button" id="10">
			<description>trigger</description>
			<onfocus>ReplaceWindow($INFO[System.StartupWindow])</onfocus>
			<texturenofocus>-</texturenofocus>
			<texturefocus>-</texturefocus>
			<visible>!Skin.HasSetting(EnablePlayListStartUp) + Skin.HasSetting(HideKodiIntro)</visible>
		</control>
		<control type="button" id="10">
			<description>trigger with XBMC Intro Movie</description>
			<onfocus>XBMC.PlayMedia(special://skin/extras/Intro/KODI-Intro-Video.mp4)</onfocus>
			<onfocus>ReplaceWindow($INFO[System.StartupWindow])</onfocus>
			<texturenofocus>-</texturenofocus>
			<texturefocus>-</texturefocus>
			<visible>!Skin.HasSetting(HideKodiIntro)</visible>
		</control>
		<control type="button" id="10">
			<description>trigger with startup Playlist</description>
			<onfocus>PlayMedia($INFO[Skin.String(StartUpPlaylistPath)])</onfocus>
			<onfocus>ReplaceWindow($INFO[System.StartupWindow])</onfocus>
			<texturenofocus>-</texturenofocus>
			<texturefocus>-</texturefocus>
			<visible>Skin.HasSetting(EnablePlayListStartUp)</visible>
		</control>
		<include>CommonBackground</include>
	</controls>
</window>
