<?xml version="1.0" encoding="UTF-8"?>
<window>
    <defaultcontrol always="true">996</defaultcontrol>
    <include>OpenCloseAnimationContext</include>
    <controls>
        <control type="group">
            <visible>!Window.IsActive(musicinformation) + !Window.IsActive(selectdialog) + !Window.IsActive(filebrowser)</visible>
            <posx>267</posx>
            <posy>517</posy>
            <control type="image">
                <description>shadow image</description>
                <posx>5</posx>
                <posy>505</posy>
                <height>60</height>
                <width>442</width>
                <texture>dialogs/shutdown/shadow.png</texture>
                <aspectratio>stretch</aspectratio>
            </control>
            <control type="image" id="999">
                <description>background image</description>
                <posx>0</posx>
                <posy>0</posy>
                <height>540</height>
                <width>442</width>
                <texture>dialogs/shutdown/shutdown.png</texture>
                <aspectratio>stretch</aspectratio>
            </control>
            <control type="grouplist" id="996">
                <description>grouplist for context buttons</description>
                <posx>19</posx>
                <posy>47</posy>
                <width>404</width>
                <itemgap>0</itemgap>
                <onleft>Close</onleft>
                <onright>Close</onright>
                <height min="399" max="399">auto</height>
                <control type="button" id="12">
                    <description>Album Info button</description>
                    <width>404</width>
                    <height>57</height>
                    <font>Font-Condensed-S34</font>
                    <align>left</align>
                    <textcolor>FF484848</textcolor>
                    <focusedcolor>DDFFFFFF</focusedcolor>
                    <disabledcolor>FF484848</disabledcolor>
                    <textoffsetx>25</textoffsetx>
                    <label>$LOCALIZE[10523]</label>
                    <texturefocus>dialogs/options/buttons/default-fo.png</texturefocus>
                    <onclick>Close</onclick>
                </control>
                <control type="button" id="13">
                    <description>Get Thumb button</description>
                    <width>404</width>
                    <height>57</height>
                    <font>Font-Condensed-S34</font>
                    <align>left</align>
                    <textcolor>FF484848</textcolor>
                    <focusedcolor>DDFFFFFF</focusedcolor>
                    <disabledcolor>FF484848</disabledcolor>
                    <textoffsetx>25</textoffsetx>
                    <label>$LOCALIZE[13405]</label>
                    <texturefocus>dialogs/options/buttons/default-fo.png</texturefocus>
                    <onclick>Close</onclick>
                </control>
                <control type="button" id="7">
                    <description>Set rating button</description>
                    <width>404</width>
                    <height>57</height>
                    <font>Font-Condensed-S34</font>
                    <align>left</align>
                    <textcolor>FF484848</textcolor>
                    <focusedcolor>DDFFFFFF</focusedcolor>
                    <disabledcolor>FF484848</disabledcolor>
                    <textoffsetx>25</textoffsetx>
                    <label>$LOCALIZE[38023]</label>
                    <texturefocus>dialogs/options/buttons/default-fo.png</texturefocus>
                    <onclick>Close</onclick>
                </control>
            </control>
            <control type="group">
                <control type="image">
                    <posx>9</posx>
                    <posy>433</posy>
                    <width>100</width>
                    <height>100</height>
                    <texture>buttons/options_nofo.png</texture>
                </control>
                <control type="label">
                    <posx>94</posx>
                    <posy>433</posy>
                    <width>300</width>
                    <height>100</height>
                    <label>$LOCALIZE[31600]</label>
                    <font>Font-Condensed-S34-B</font>
                    <textcolor>eewhite</textcolor>
                    <shadowcolor>22000000</shadowcolor>
                </control>
            </control>
        </control>
        <control type="button" id="1000">
            <description>button template</description>
            <width>404</width>
            <height>57</height>
            <font>Font-Condensed-S34</font>
            <align>left</align>
            <textcolor>FF484848</textcolor>
            <focusedcolor>DDFFFFFF</focusedcolor>
            <disabledcolor>FF484848</disabledcolor>
            <textoffsetx>25</textoffsetx>
            <texturefocus>dialogs/options/buttons/default-fo.png</texturefocus>
        </control>
    </controls>        
</window>