<?xml version="1.0" encoding="UTF-8"?>
<includes>
    <include name="PVROptionsMenu">
        <control type="group" id="9000">
            <posx>267</posx>
            <posy>517</posy>
            <include>OptionsAnimations</include>
            <animation effect="slide" start="0" end="-204" time="0" condition="Skin.HasSetting(HideShutdownButton)">Conditional</animation>

            <control type="group">
                <include>OptionsPanelAnimations</include>
                <control type="image">
                    <description>shadow image</description>
                    <posx>5</posx>
                    <posy>505</posy>
                    <height>60</height>
                    <width>442</width>
                    <texture>dialogs/shutdown/shadow.png</texture>
                    <aspectratio>stretch</aspectratio>
                </control>
                <control type="image">
                    <description>background image</description>
                    <posx>0</posx>
                    <posy>0</posy>
                    <height>540</height>
                    <width>442</width>
                    <texture>dialogs/shutdown/shutdown.png</texture>
                    <aspectratio>stretch</aspectratio>
                </control>
            </control>

            <control type="grouplist" id="9111">
                <description>Windows</description>
                <posx>19</posx>
                <posy>47</posy>
                <width>404</width>
                <height>399</height>
                <itemgap>0</itemgap>
                <onleft>50</onleft>
                <onright>9222</onright>
                <onup>9111</onup>
                <ondown>9111</ondown>
                <onback>50</onback>
                <include>GeneralOptionsAnimations</include>
                <control type="button" id="100">
                    <description>Label</description>
                    <include>optionsbuttonsdimensions</include>
                    <label>$LOCALIZE[19019]</label>
                    <texturefocus border="70,2,2,2">dialogs/options/buttons/channels-fo.png</texturefocus>
                    <texturenofocus border="70,2,2,2">dialogs/options/buttons/channels-nf.png</texturenofocus>
                    <animation effect="fade" start="100" end="50" time="0" condition="!Control.IsEnabled(100)">Conditional</animation>
                    <onclick condition="Window.IsActive(TVChannels) | Window.IsActive(RadioChannels)">SetFocus(50)</onclick>
                    <onclick condition="Window.IsActive(TVChannels) | Window.IsActive(RadioChannels)">SendClick(28)</onclick>
                    <onclick condition="IsEmpty(Window.Property(IsRadio)) + !Window.IsActive(TVChannels) + !Window.IsActive(RadioChannels)">ActivateWindow(TVChannels)</onclick>
                    <onclick condition="!IsEmpty(Window.Property(IsRadio))+ !Window.IsActive(TVChannels) + !Window.IsActive(RadioChannels)">ActivateWindow(RadioChannels)</onclick>
                </control>
                <control type="button" id="101">
                    <description>Label</description>
                    <include>optionsbuttonsdimensions</include>
                    <label>$LOCALIZE[22020]</label>
                    <texturefocus border="70,2,2,2">dialogs/options/buttons/guide-fo.png</texturefocus>
                    <texturenofocus border="70,2,2,2">dialogs/options/buttons/guide-nf.png</texturenofocus>
                    <animation effect="fade" start="100" end="50" time="0" condition="!Control.IsEnabled(101)">Conditional</animation>
                    <onclick condition="Window.IsActive(TVGuide) | Window.IsActive(RadioGuide)">SetFocus(50)</onclick>
                    <onclick condition="Window.IsActive(TVGuide) | Window.IsActive(RadioGuide)">SendClick(28)</onclick>
                    <onclick condition="IsEmpty(Window.Property(IsRadio)) + !Window.IsActive(TVGuide) + !Window.IsActive(TVGuide)">ActivateWindow(TVGuide)</onclick>
                    <onclick condition="!IsEmpty(Window.Property(IsRadio)) + !Window.IsActive(TVGuide) + !Window.IsActive(RadioGuide)">ActivateWindow(RadioGuide)</onclick>
                </control>
                <control type="button" id="102">
                    <description>Label</description>
                    <include>optionsbuttonsdimensions</include>
                    <label>$LOCALIZE[19163]</label>
                    <texturefocus border="70,2,2,2">dialogs/options/buttons/recordings-fo.png</texturefocus>
                    <texturenofocus border="70,2,2,2">dialogs/options/buttons/recordings-nf.png</texturenofocus>
                    <animation effect="fade" start="100" end="50" time="0" condition="!Control.IsEnabled(102)">Conditional</animation>
                    <onclick condition="IsEmpty(Window.Property(IsRadio)) + !Window.IsActive(TVRecordings) + !Window.IsActive(RadioRecordings)">ActivateWindow(TVRecordings)</onclick>
                    <onclick condition="!IsEmpty(Window.Property(IsRadio)) + !Window.IsActive(TVRecordings) + !Window.IsActive(RadioRecordings)">ActivateWindow(RadioRecordings)</onclick>
                </control>
                <control type="button" id="103">
                    <description>Label</description>
                    <include>optionsbuttonsdimensions</include>
                    <label>$LOCALIZE[19040]</label>
                    <texturefocus border="70,2,2,2">dialogs/options/buttons/timer-fo.png</texturefocus>
                    <texturenofocus border="70,2,2,2">dialogs/options/buttons/timer-nf.png</texturenofocus>
                    <animation effect="fade" start="100" end="50" time="0" condition="!Control.IsEnabled(103)">Conditional</animation>
                    <onclick condition="IsEmpty(Window.Property(IsRadio)) + !Window.IsActive(TVTimers) + !Window.IsActive(RadioTimers)">ActivateWindow(TVTimers)</onclick>
                    <onclick condition="!IsEmpty(Window.Property(IsRadio)) + !Window.IsActive(TVTimers) + !Window.IsActive(RadioTimers)">ActivateWindow(RadioTimers)</onclick>
                </control>
                <control type="button" id="104">
                    <description>Label</description>
                    <include>optionsbuttonsdimensions</include>
                    <label>$LOCALIZE[137]</label>
                    <texturefocus border="70,2,2,2">dialogs/options/buttons/search-fo.png</texturefocus>
                    <texturenofocus border="70,2,2,2">dialogs/options/buttons/search-nf.png</texturenofocus>
                    <animation effect="fade" start="100" end="50" time="0" condition="!Control.IsEnabled(104)">Conditional</animation>
                    <onclick condition="IsEmpty(Window.Property(IsRadio)) + !Window.IsActive(TVSearch) + !Window.IsActive(RadioSearch)">ActivateWindow(TVSearch)</onclick>
                    <onclick condition="!IsEmpty(Window.Property(IsRadio)) + !Window.IsActive(TVSearch) + !Window.IsActive(RadioSearch)">ActivateWindow(RadioSearch)</onclick>
                </control>
                <control type="button" id="105">
                    <description>Label</description>
                    <posy>330</posy>
                    <include>optionsbuttonsdimensions</include>
                    <label>$LOCALIZE[31620]</label>
                    <onclick>SetFocus(9222)</onclick>
                    <texturefocus border="70,2,2,2">dialogs/options/buttons/custom-fo.png</texturefocus>
                    <texturenofocus border="70,2,2,2">dialogs/options/buttons/custom-nf.png</texturenofocus>
                    <animation effect="fade" start="100" end="50" time="0" condition="!Control.IsEnabled(105)">Conditional</animation>
                </control>
            </control>

            <control type="grouplist" id="9222">
                <description>Window options</description>
                <posx>19</posx>
                <posy>47</posy>
                <width>404</width>
                <height>399</height>
                <itemgap>0</itemgap>
                <onleft>9111</onleft>
                <onright>50</onright>
                <onup>9222</onup>
                <ondown>9222</ondown>
                <onback>50</onback>
                <include>SpecificOptionsAnimations</include>
                <control type="button" id="2">
                    <description>Label</description>
                    <posy>330</posy>
                    <include>optionsbuttonsdimensions</include>
                    <label>-</label>
                    <texturefocus border="70,2,2,2">dialogs/options/buttons/view-fo.png</texturefocus>
                    <texturenofocus border="70,2,2,2">dialogs/options/buttons/view-nf.png</texturenofocus>
                    <animation effect="fade" start="100" end="50" time="0" condition="!Control.IsEnabled(2)">Conditional</animation>
                </control>
                <control type="button" id="3">
                    <description>sort</description>
                    <include>optionsbuttonsdimensions</include>
                    <texturefocus border="70,2,2,2">dialogs/options/buttons/sort-fo.png</texturefocus>
                    <texturenofocus border="70,2,2,2">dialogs/options/buttons/sort-nf.png</texturenofocus>
                    <animation effect="fade" start="100" end="50" time="0" condition="!Control.IsEnabled(3)">Conditional</animation>
                </control>
                <control type="togglebutton" id="4">
                    <description>Ascending</description>
                    <include>optionsbuttonsdimensions</include>
                    <label>584</label>
                    <altlabel>585</altlabel>
                    <texturefocus border="70,2,2,2">dialogs/options/buttons/up-fo.png</texturefocus>
                    <texturenofocus border="70,2,2,2">dialogs/options/buttons/up-nf.png</texturenofocus>
                    <alttexturenofocus border="70,2,2,2">dialogs/options/buttons/down-nf.png</alttexturenofocus>
                    <alttexturefocus border="70,2,2,2">dialogs/options/buttons/down-fo.png</alttexturefocus>
                    <animation effect="fade" start="100" end="50" time="0" condition="!Control.IsEnabled(4)">Conditional</animation>
                </control>
                <control type="radiobutton" id="31">
                    <description>Filter</description>
                    <include>optionsbuttonsdimensions</include>
                    <label>587</label>
                    <selected>Container.Filtered</selected>
                    <texturefocus border="2">dialogs/options/buttons/default-fo.png</texturefocus>
                    <textureradioon>buttons/radio/options-radio-button-fo.png</textureradioon>
                    <textureradiooff>buttons/radio/options-radio-button-nf.png</textureradiooff>
                    <radioposx>-19</radioposx>
                    <animation effect="fade" start="100" end="50" time="0" condition="!Control.IsEnabled(31)">Conditional</animation>
                    <visible>Window.IsActive(TVChannels) | Window.IsActive(RadioChannels)</visible>
                </control>
                <control type="radiobutton" id="5">
                    <description>Group recording items by folder structure</description>
                    <include>optionsbuttonsdimensions</include>
                    <label>19270</label>
                    <texturefocus border="2">dialogs/options/buttons/default-fo.png</texturefocus>
                    <textureradioon>buttons/radio/options-radio-button-fo.png</textureradioon>
                    <textureradiooff>buttons/radio/options-radio-button-nf.png</textureradiooff>
                    <radioposx>-19</radioposx>
                    <animation effect="fade" start="100" end="50" time="0" condition="!Control.IsEnabled(5)">Conditional</animation>
                    <visible>Window.IsActive(TVRecordings) | Window.IsActive(RadioRecordings)</visible>
                </control>
                <control type="radiobutton" id="6">
                    <description>Show hidden channels</description>
                    <include>optionsbuttonsdimensions</include>
                    <label>19051</label>
                    <texturefocus border="2">dialogs/options/buttons/default-fo.png</texturefocus>
                    <textureradioon>buttons/radio/options-radio-button-fo.png</textureradioon>
                    <textureradiooff>buttons/radio/options-radio-button-nf.png</textureradiooff>
                    <radioposx>-19</radioposx>
                    <animation effect="fade" start="100" end="50" time="0" condition="!Control.IsEnabled(6)">Conditional</animation>
                    <visible>Window.IsActive(TVChannels) | Window.IsActive(RadioChannels)</visible>
                </control>
            </control>

            <control type="group">
                <include>GeneralOptionsAnimations</include>
                <control type="image">
                    <posx>9</posx>
                    <posy>433</posy>
                    <width>100</width>
                    <height>100</height>
                    <texture>buttons/options_nofo.png</texture>
                </control>
                <control type="label">
                    <posx>94</posx>
                    <posy>433</posy>
                    <width>300</width>
                    <height>100</height>
                    <label>$LOCALIZE[31600]</label>
                    <font>Font-Condensed-S34-B</font>
                    <textcolor>eewhite</textcolor>
                    <shadowcolor>22000000</shadowcolor>
                </control>
            </control>
            <control type="group">
                <include>SpecificOptionsAnimations</include>
                <control type="image">
                    <posx>9</posx>
                    <posy>433</posy>
                    <width>100</width>
                    <height>100</height>
                    <texture>buttons/options_nofo.png</texture>
                </control>
                <control type="label">
                    <posx>94</posx>
                    <posy>433</posy>
                    <width>300</width>
                    <height>100</height>
                    <label>$LOCALIZE[31924]</label>
                    <font>Font-Condensed-S34-B</font>
                    <textcolor>eewhite</textcolor>
                    <shadowcolor>22000000</shadowcolor>
                </control>
            </control>
            <control type="group">
                <include>ViewOptionsAnimations</include>
                <control type="image">
                    <posx>9</posx>
                    <posy>433</posy>
                    <width>100</width>
                    <height>100</height>
                    <texture>buttons/options_nofo.png</texture>
                </control>
                <control type="label">
                    <posx>94</posx>
                    <posy>433</posy>
                    <width>300</width>
                    <height>100</height>
                    <label>$LOCALIZE[31930]</label>
                    <font>Font-Condensed-S34-B</font>
                    <textcolor>eewhite</textcolor>
                    <shadowcolor>22000000</shadowcolor>
                </control>
            </control>
        </control>
    </include>

    <!-- Scrollbar visibility controls -->
    <include name="PVRScrollbarVisiblityControl">
        <control type="image" id="9773">
            <animation effect="fade" start="100" end="0" time="0" delay="1500">WindowOpen</animation>
        </control>
        <control type="image" id="9772">
            <animation effect="fade" start="0" end="100" time="0">Visible</animation>
            <animation effect="fade" start="100" end="0" time="0">Hidden</animation>
            <visible>Control.HasFocus(70) | !Control.IsVisible(9773)</visible>
        </control>
        <control type="image" id="9772">
            <animation effect="fade" start="0" end="100" time="0">Visible</animation>
            <animation effect="fade" start="100" end="0" time="0" delay="1500">Hidden</animation>
            <visible>!Control.HasFocus(70) + [[Container(50).Scrolling | Container(50).OnScrollNext | Container(50).OnScrollPrevious] | [Container(10).Scrolling | Container(10).OnScrollNext | Container(10).OnScrollPrevious] | [Container(11).Scrolling | Container(11).OnScrollNext | Container(11).OnScrollPrevious] | [Container(12).Scrolling | Container(12).OnScrollNext | Container(12).OnScrollPrevious] | [Container(13).Scrolling | Container(13).OnScrollNext | Container(13).OnScrollPrevious]]</visible>
        </control>
    </include>
</includes>