<?xml version="1.0" encoding="UTF-8"?>
<includes>

    <include name="HomeWidgets.Initialization">
        <onload condition="IsEmpty(Skin.String(HomeWidget.1.Type))">Skin.SetString(HomeWidget.1.Type,1)</onload>
        <onload condition="IsEmpty(Skin.String(HomeWidget.1.Label))">Skin.SetString(HomeWidget.1.Label,$LOCALIZE[31550])</onload>
        <onload condition="IsEmpty(Skin.String(HomeWidget.2.Type))">Skin.SetString(HomeWidget.2.Type,2)</onload>
        <onload condition="IsEmpty(Skin.String(HomeWidget.2.Label))">Skin.SetString(HomeWidget.2.Label,$LOCALIZE[31551])</onload>
        <onload condition="IsEmpty(Skin.String(HomeWidget.3.Type))">Skin.SetString(HomeWidget.3.Type,3)</onload>
        <onload condition="IsEmpty(Skin.String(HomeWidget.3.Label))">Skin.SetString(HomeWidget.3.Label,$LOCALIZE[31552])</onload>
        <onload condition="IsEmpty(Skin.String(HomeWidget.4.Type))">Skin.SetString(HomeWidget.4.Type,4)</onload>
        <onload condition="IsEmpty(Skin.String(HomeWidget.4.Label))">Skin.SetString(HomeWidget.4.Label,$LOCALIZE[31553])</onload>
        <onload condition="IsEmpty(Skin.String(HomeWidget.5.Type))">Skin.SetString(HomeWidget.5.Type,21)</onload>
        <onload condition="IsEmpty(Skin.String(HomeWidget.5.Label))">Skin.SetString(HomeWidget.5.Label,$LOCALIZE[31049])</onload>
        <onload condition="IsEmpty(Skin.String(HomeWidget.6.Type))">Skin.SetString(HomeWidget.6.Type,30)</onload>
        <onload condition="IsEmpty(Skin.String(HomeWidget.6.Label))">Skin.SetString(HomeWidget.6.Label,$LOCALIZE[31033])</onload>
    </include>

    <variable name="Widget.1.Home">
        <value condition="stringcompare(Skin.String(HomeWidget.1.Type),1)">plugin://service.library.data.provider?type=randommovies+recentepisodes&amp;reload=$INFO[Window.Property(randommovies)]$INFO[Window.Property(recentepisodes)]</value>
        <value condition="stringcompare(Skin.String(HomeWidget.1.Type),2)">plugin://service.library.data.provider?type=recommendedepisodes&amp;reload=$INFO[Window.Property(recommendedepisodes)]</value>
        <value condition="stringcompare(Skin.String(HomeWidget.1.Type),3)">plugin://service.library.data.provider?type=recentmovies&amp;reload=$INFO[Window.Property(recentmovies)]</value>
        <value condition="stringcompare(Skin.String(HomeWidget.1.Type),4)">plugin://service.library.data.provider?type=recentepisodes&amp;reload=$INFO[Window.Property(recentepisodes)]</value>
        <value condition="stringcompare(Skin.String(HomeWidget.1.Type),6)">plugin://script.extendedinfo?info=incinemamovies</value>
        <value condition="stringcompare(Skin.String(HomeWidget.1.Type),7)">plugin://script.extendedinfo?info=popularmovies</value>
        <value condition="stringcompare(Skin.String(HomeWidget.1.Type),15)">plugin://script.extendedinfo?info=trendingmovies</value>
        <value condition="stringcompare(Skin.String(HomeWidget.1.Type),16)">plugin://script.extendedinfo?info=trendingshows</value>
        <value condition="stringcompare(Skin.String(HomeWidget.1.Type),17)">$INFO[Skin.String(HomeWidget.1.Path)]</value>
    </variable>

    <variable name="Widget.2.Home">
        <value condition="stringcompare(Skin.String(HomeWidget.2.Type),1)">plugin://service.library.data.provider?type=randommovies+recentepisodes&amp;reload=$INFO[Window.Property(randommovies)]$INFO[Window.Property(recentepisodes)]</value>
        <value condition="stringcompare(Skin.String(HomeWidget.2.Type),2)">plugin://service.library.data.provider?type=recommendedepisodes&amp;reload=$INFO[Window.Property(recommendedepisodes)]</value>
        <value condition="stringcompare(Skin.String(HomeWidget.2.Type),3)">plugin://service.library.data.provider?type=recentmovies&amp;reload=$INFO[Window.Property(recentmovies)]</value>
        <value condition="stringcompare(Skin.String(HomeWidget.2.Type),4)">plugin://service.library.data.provider?type=recentepisodes&amp;reload=$INFO[Window.Property(recentepisodes)]</value>
        <value condition="stringcompare(Skin.String(HomeWidget.2.Type),6)">plugin://script.extendedinfo?info=incinemamovies</value>
        <value condition="stringcompare(Skin.String(HomeWidget.2.Type),7)">plugin://script.extendedinfo?info=popularmovies</value>
        <value condition="stringcompare(Skin.String(HomeWidget.2.Type),15)">plugin://script.extendedinfo?info=trendingmovies</value>
        <value condition="stringcompare(Skin.String(HomeWidget.2.Type),16)">plugin://script.extendedinfo?info=trendingshows</value>
        <value condition="stringcompare(Skin.String(HomeWidget.2.Type),17)">$INFO[Skin.String(HomeWidget.2.Path)]</value>
    </variable>

    <variable name="Widget.3.Movies">
        <value condition="stringcompare(Skin.String(HomeWidget.3.Type),3)">plugin://service.library.data.provider?type=recentmovies&amp;reload=$INFO[Window.Property(recentmovies)]</value>
        <value condition="stringcompare(Skin.String(HomeWidget.3.Type),4)">plugin://service.library.data.provider?type=recentepisodes&amp;reload=$INFO[Window.Property(recentepisodes)]</value>
        <value condition="stringcompare(Skin.String(HomeWidget.3.Type),6)">plugin://script.extendedinfo?info=incinemamovies</value>
        <value condition="stringcompare(Skin.String(HomeWidget.3.Type),7)">plugin://script.extendedinfo?info=popularmovies</value>
        <value condition="stringcompare(Skin.String(HomeWidget.3.Type),15)">plugin://script.extendedinfo?info=trendingmovies</value>
        <value condition="stringcompare(Skin.String(HomeWidget.3.Type),16)">plugin://script.extendedinfo?info=trendingshows</value>
        <value condition="stringcompare(Skin.String(HomeWidget.3.Type),15)">plugin://script.extendedinfo?info=trendingmovies</value>
        <value condition="stringcompare(Skin.String(HomeWidget.3.Type),16)">plugin://script.extendedinfo?info=trendingshows</value>
        <value condition="stringcompare(Skin.String(HomeWidget.3.Type),17)">$INFO[Skin.String(HomeWidget.3.Path)]</value>
    </variable>

    <variable name="Widget.4.TVShows">
        <value condition="stringcompare(Skin.String(HomeWidget.4.Type),1)">plugin://service.library.data.provider?type=recommendedmovies&amp;reload=$INFO[Window.Property(recommendedmovies)]</value>
        <value condition="stringcompare(Skin.String(HomeWidget.4.Type),2)">plugin://service.library.data.provider?type=recommendedepisodes&amp;reload=$INFO[Window.Property(recommendedepisodes)]</value>
        <value condition="stringcompare(Skin.String(HomeWidget.4.Type),3)">plugin://service.library.data.provider?type=recentmovies&amp;reload=$INFO[Window.Property(recentmovies)]</value>
        <value condition="stringcompare(Skin.String(HomeWidget.4.Type),4)">plugin://service.library.data.provider?type=recentepisodes&amp;reload=$INFO[Window.Property(recentepisodes)]</value>
        <value condition="stringcompare(Skin.String(HomeWidget.4.Type),15)">plugin://script.extendedinfo?info=trendingmovies</value>
        <value condition="stringcompare(Skin.String(HomeWidget.4.Type),16)">plugin://script.extendedinfo?info=trendingshows</value>
        <value condition="stringcompare(Skin.String(HomeWidget.4.Type),17)">$INFO[Skin.String(HomeWidget.4.Path)]</value>
    </variable>

    <variable name="Widget.5.Music">
        <value condition="stringcompare(Skin.String(HomeWidget.5.Type),18)">plugin://service.library.data.provider?type=randomalbums&amp;reload=$INFO[Window.Property(randomalbums)]</value>
        <value condition="stringcompare(Skin.String(HomeWidget.5.Type),19)">plugin://service.library.data.provider?type=recentalbums&amp;reload=$INFO[Window.Property(recentalbums)]</value>
        <value condition="stringcompare(Skin.String(HomeWidget.5.Type),20)">plugin://service.library.data.provider?type=recommendedalbums&amp;reload=$INFO[Window.Property(recommendedalbums)]</value>
        <value condition="stringcompare(Skin.String(HomeWidget.5.Type),21)">plugin://service.library.data.provider?type=randomsongs&amp;reload=$INFO[Window.Property(randomsongs)]</value>
        <value condition="stringcompare(Skin.String(HomeWidget.5.Type),17)">$INFO[Skin.String(HomeWidget.5.Path)]</value>
    </variable>

    <variable name="Widget.6.Pictures">
        <value condition="stringcompare(Skin.String(HomeWidget.6.Type),30)">plugin://plugin.image.xkcd/todaysimages</value>
        <value condition="stringcompare(Skin.String(HomeWidget.6.Type),31)">plugin://plugin.image.cyanidehappiness/todaysimages</value>
        <value condition="stringcompare(Skin.String(HomeWidget.6.Type),34)">$INFO[Skin.String(PicturesPath)]</value>
    </variable>

    <!--
    <variable name="HomeWidget.6.Pictures">
        <value condition="stringcompare(Skin.String(HomeWidget.6.Type),extendedinfo.xkcd)">plugin://script.extendedinfo?info=xkcd</value>
        <value condition="stringcompare(Skin.String(HomeWidget.6.Type),extendedinfo.cyanidehappiness)">plugin://script.extendedinfo?info=cyanide</value>
        <value condition="stringcompare(Skin.String(HomeWidget.6.Type),extendedinfo.dailybabes)">plugin://script.extendedinfo?info=dailybabes</value>
        <value condition="stringcompare(Skin.String(HomeWidget.6.Type),mypicsdb.pics)">plugin://plugin.image.mypicsdb?action='showpics'&amp;method='lastpicsshooted'&amp;name='The%2050%20latest%20pics'&amp;page='1'&amp;viewmode='view'</value>
        <value condition="stringcompare(Skin.String(HomeWidget.6.Type),pictures.addons)">addons://sources/image/</value>
        <value>$INFO[Skin.String(PicturesPath)]</value>
    </variable>
    -->
</includes>