<window id="10140">
	<defaultcontrol>9</defaultcontrol>
	<coordinates>
		<system>1</system>
		<posx>165</posx>
		<posy>30</posy>
	</coordinates>
	<include>dialogeffect</include>
	<controls>
		<control type="image">
			<description>background image</description>
			<posx>0</posx>
			<posy>0</posy>
			<width>950</width>
			<height>660</height>
			<texture border="50,100,50,50">Dialog.png</texture>
			<animation effect="fade" start="90" end="90" time="0" condition="Window.IsVisible(Visualisation)">Conditional</animation>
		</control>
		<control type="label" id="20">
			<description>Heading label</description>
			<posx>50</posx>
			<posy>50</posy>
			<width>850</width>
			<height>30</height>
			<align>center</align>
			<font>font16</font>
			<label>13406</label>
			<textcolor>orange</textcolor>
			<shadowcolor>black</shadowcolor>
		</control>
		<control type="grouplist" id="9">
			<description>Button area</description>
			<posx>700</posx>
			<posy>100</posy>
			<width>200</width>
			<height>370</height>
			<itemgap>0</itemgap>
			<pagecontrol>-</pagecontrol>
			<onup>12</onup>
			<ondown>10</ondown>
			<onleft>2</onleft>
			<onright>2</onright>
		</control>
		<control type="grouplist" id="2">
			<description>control area</description>
			<posx>50</posx>
			<posy>100</posy>
			<width>635</width>
			<height>450</height>
			<itemgap>0</itemgap>
			<pagecontrol>60</pagecontrol>
			<onup>2</onup>
			<ondown>2</ondown>
			<onleft>60</onleft>
			<onright>9</onright>
		</control>
		<control type="spincontrol" id="60">
			<description>Next page Spinner</description>
			<posx>50</posx>
			<posy>575</posy>
			<subtype>page</subtype>
			<textoffsetx>-110</textoffsetx>
			<font>font12</font>
			<onleft>2</onleft>
			<onright>2</onright>
			<ondown>60</ondown>
			<onup>2</onup>
			<textcolor>white</textcolor>
			<showonepage>false</showonepage>
		</control>
		<control type="group" id="9001">
			<posx>700</posx>
			<posy>470</posy>
			<control type="button" id="10">
				<description>OK Button</description>
				<posx>0</posx>
				<posy>0</posy>
				<width>200</width>
				<height>45</height>
				<font>font12</font>
				<align>center</align>
				<aligny>center</aligny>
				<texturefocus border="10">button-focus.png</texturefocus>
				<texturenofocus border="10">button-nofocus.png</texturenofocus>
				<label>186</label>
				<onleft>60</onleft>
				<onright>2</onright>
				<onup>9</onup>
				<ondown>11</ondown>
			</control>
			<control type="button" id="11">
				<description>Cancel Button</description>
				<posx>0</posx>
				<posy>45</posy>
				<width>200</width>
				<height>45</height>
				<font>font12</font>
				<align>center</align>
				<aligny>center</aligny>
				<texturefocus border="10">button-focus.png</texturefocus>
				<texturenofocus border="10">button-nofocus.png</texturenofocus>
				<label>222</label>
				<onleft>60</onleft>
				<onright>2</onright>
				<onup>10</onup>
				<ondown>12</ondown>
			</control>
			<control type="button" id="12">
				<description>Defaults Button</description>
				<posx>0</posx>
				<posy>90</posy>
				<width>200</width>
				<height>45</height>
				<font>font12</font>
				<align>center</align>
				<aligny>center</aligny>
				<texturefocus border="10">button-focus.png</texturefocus>
				<texturenofocus border="10">button-nofocus.png</texturenofocus>
				<label>409</label>
				<onleft>60</onleft>
				<onright>2</onright>
				<onup>11</onup>
				<ondown>9</ondown>
			</control>
		</control>

		<control type="button" id="13">
			<description>Default Catagory Button</description>
			<width>200</width>
			<height>45</height>
			<align>center</align>
			<aligny>center</aligny>
			<font>font12</font>
			<texturefocus border="10">button-focus.png</texturefocus>
			<texturenofocus border="10">button-nofocus.png</texturenofocus>
		</control>
		<control type="button" id="3">
			<description>Default Button</description>
			<height>45</height>
			<font>font12</font>
			<focusedcolor>black</focusedcolor>
			<texturefocus border="10">list-focus.png</texturefocus>
			<texturenofocus border="10">list-nofocus.png</texturenofocus>
		</control>
		<control type="radiobutton" id="4">
			<description>Default RadioButton</description>
			<height>45</height>
			<font>font12</font>
			<focusedcolor>black</focusedcolor>
			<texturefocus border="10">list-focus.png</texturefocus>
			<texturenofocus border="10">list-nofocus.png</texturenofocus>
		</control>
		<control type="spincontrolex" id="5">
			<description>Default spincontrolex</description>
			<height>45</height>
			<texturefocus border="10">list-focus.png</texturefocus>
			<texturenofocus border="10">list-nofocus.png</texturenofocus>
			<font>font12</font>
			<focusedcolor>black</focusedcolor>
			<aligny>center</aligny>
			<reverse>yes</reverse>
		</control>
		<control type="sliderex" id="8">
			<description>Default Slider</description>
			<height>45</height>
			<texturefocus border="10">list-focus.png</texturefocus>
			<texturenofocus border="10">list-nofocus.png</texturenofocus>
			<font>font12</font>
			<focusedcolor>black</focusedcolor>
		</control>
		<control type="image" id="6">
			<description>Default Seperator</description>
			<height>5</height>
			<texture>separator.png</texture>
		</control>
		<control type="label" id="7">
			<description>Separator label</description>
			<label></label>
			<height>25</height>
			<font>font12</font>
			<align>center</align>
			<aligny>bottom</aligny>
			<textcolor>blue</textcolor>
		</control>
	</controls>
</window>
