<window id="2004">
	<defaultcontrol>60</defaultcontrol>
	<allowoverlay>no</allowoverlay>
	<controls>
		<control type="group">
			<animation type="WindowOpen" condition="!Window.IsVisible(AddonInformation)">
				<effect type="fade" start="0" end="100" time="100" />
				<effect type="slide" start="1095,0" end="0,0" delay="100" time="500" tween="quadratic" easing="out" />
			</animation>
			<animation type="WindowClose" condition="!Window.IsVisible(AddonInformation)">
				<effect type="slide" start="0,0" end="1095,0" delay="DialogVisibleFadeAnimationSpeed" time="500" tween="quadratic" easing="in"/>
				<effect type="fade" start="100" end="0" delay="800" time="100" />
			</animation>
			<animation effect="fade" time="DialogVisibleFadeAnimationSpeed" condition="Window.IsVisible(AddonInformation)">WindowOpen</animation>
			<animation effect="fade" time="DialogVisibleFadeAnimationSpeed" condition="Window.IsVisible(AddonInformation)">WindowClose</animation>
			<control type="image">
				<posx>130</posx>
				<posy>-40</posy>
				<width>180</width>
				<height>800</height>
				<aspectratio>stretch</aspectratio>
				<texture>blades-runner-right.png</texture>
			</control>
			<control type="image">
				<posx>310</posx>
				<posy>-40</posy>
				<width>970</width>
				<height>800</height>
				<aspectratio>stretch</aspectratio>
				<texture>blades-runner-right-edge.png</texture>
			</control>

			<control type="group">
				<animation effect="fade" delay="600" time="DialogVisibleFadeAnimationSpeed">WindowOpen</animation>
				<animation effect="fade" delay="100" time="DialogVisibleFadeAnimationSpeed">WindowClose</animation>
				<control type="label" id="1">
					<description>Title label Normal</description>
					<posx>200</posx>
					<textcolor>orange</textcolor>
					<include>DialogHeaderTextCommons</include>
				</control>
				<control type="textbox" id="5">
					<description>textarea</description>
					<posx>200</posx>
					<posy>100</posy>
					<width>1040</width>
					<height>560</height>
					<font>font13</font>
					<pagecontrol>60</pagecontrol>
				</control>
				<control type="label">
					<description>Description Page Count</description>
					<posx>120r</posx>
					<posy>50r</posy>
					<width>300</width>
					<height>25</height>
					<label>$INFO[Container(5).CurrentPage, $LOCALIZE[31201] (]$INFO[Container(5).NumPages,/,)]</label>
					<align>right</align>
					<aligny>center</aligny>
					<font>font12</font>
					<textcolor>grey2</textcolor>
				</control>
				<control type="spincontrol" id="60">
					<description>Next page button</description>
					<posx>100r</posx>
					<posy>50r</posy>
					<subtype>page</subtype>
					<font>-</font>
					<onleft>60</onleft>
					<onright>60</onright>
					<ondown>60</ondown>
					<onup>60</onup>
					<textcolor>white</textcolor>
					<showonepage>true</showonepage>
				</control>
			</control>
		</control>
	</controls>
</window>