<window id="112">
	<defaultcontrol>402</defaultcontrol>
	<include>dialogeffect</include>
	<coordinates>
		<system>1</system>
		<posx>90</posx>
		<posy>-3</posy>
	</coordinates>
	<controls>
		<control type="group">
		<animation effect="fade" start="100" end="0" time="200" condition="Window.IsVisible(FullscreenVideo) | Window.IsVisible(Visualisation)">conditional</animation>
			<control type="image">
				<description>Dialog Back</description>
				<posx>0</posx>
				<posy>0</posy>
				<width>520</width>
				<height>85</height>
				<texture border="20,20,20,30">Dialog2.png</texture>
			</control>
			<control type="label" id="401">
				<description>Caption Label</description>
				<posx>25</posx>
				<posy>15</posy>
				<width>470</width>
				<height>15</height>
				<font>font10</font>
				<textcolor>orange</textcolor>
				<align>left</align>
				<aligny>center</aligny>
			</control>
			<control type="label" id="402">
				<description>Current Title Label</description>
				<posx>25</posx>
				<posy>33</posy>
				<width>470</width>
				<height>15</height>
				<aligny>center</aligny>
				<haspath>yes</haspath>
				<font>font10</font>
			</control>
			<control type="progress" id="403">
				<description>progress control</description>
				<posx>25</posx>
				<posy>55</posy>
				<width>470</width>
				<height>4</height>
			</control>
		</control>
	</controls>
</window>