<window id="2002">
	<defaultcontrol always="true">10</defaultcontrol>
	<coordinates>
		<system>1</system>
		<posx>290</posx>
		<posy>200</posy>
	</coordinates>
	<include>dialogeffect</include>
	<controls>
		<control type="image">
			<description>Dialog Back</description>
			<posx>0</posx>
			<posy>0</posy>
			<width>700</width>
			<height>320</height>
			<texture border="50,100,50,50">Dialog.png</texture>
		</control>
		<control type="label" id="1">
			<description>Heading label</description>
			<posx>50</posx>
			<posy>50</posy>
			<width>600</width>
			<height>30</height>
			<align>center</align>
			<font>font16</font>
			<label>13406</label>
			<textcolor>orange</textcolor>
			<shadowcolor>black</shadowcolor>
		</control>
		<control type="label" id="2">
			<description>dialog line 1</description>
			<posx>50</posx>
			<posy>110</posy>
			<width>600</width>
			<height>25</height>
			<label>-</label>
			<align>center</align>
			<aligny>center</aligny>
			<font>font12</font>
		</control>
		<control type="label" id="3">
			<description>dialog line 2</description>
			<posx>50</posx>
			<posy>140</posy>
			<width>600</width>
			<height>25</height>
			<label>-</label>
			<align>center</align>
			<aligny>center</aligny>
			<font>font12</font>
		</control>
		<control type="label" id="4">
			<description>dialog line 3</description>
			<posx>50</posx>
			<posy>170</posy>
			<width>600</width>
			<height>25</height>
			<label>-</label>
			<align>center</align>
			<aligny>center</aligny>
			<font>font12</font>
		</control>
		<control type="button" id="10">
			<description>OK button</description>
			<posx>250</posx>
			<posy>220</posy>
			<width>200</width>
			<height>45</height>
			<label>186</label>
			<font>font13</font>
			<align>center</align>
			<texturefocus border="10">button-focus.png</texturefocus>
			<texturenofocus border="10">button-nofocus.png</texturenofocus>
			<onleft>10</onleft>
			<onright>10</onright>
			<onup>10</onup>
			<ondown>10</ondown>
		</control>
	</controls>
</window>