<window id="145">
	<defaultcontrol>11</defaultcontrol>
	<coordinates>
		<system>1</system>
		<posx>440</posx>
		<posy>40</posy>
	</coordinates>
	<include>dialogeffect</include>
	<controls>
		<control type="image">
			<posx>0</posx>
			<posy>0</posy>
			<width>400</width>
			<height>90</height>
			<texture border="20,20,20,30">Dialog2.png</texture>
		</control>
		<control type="label" id="10">
			<description>Dialog header</description>
			<posx>20</posx>
			<posy>15</posy>
			<width>180</width>
			<height>20</height>
			<align>left</align>
			<aligny>center</aligny>
			<font>font12</font>
			<textcolor>white</textcolor>
		</control>
		<control type="label" id="12">
			<description>Slider Value</description>
			<posx>380</posx>
			<posy>15</posy>
			<width>180</width>
			<height>20</height>
			<align>right</align>
			<aligny>center</aligny>
			<font>font12</font>
			<textcolor>white</textcolor>
		</control>
		<control type="slider" id="11">
			<description>Slider</description>
			<posx>20</posx>
			<posy>45</posy>
			<width>360</width>
			<height>15</height>
			<texturesliderbar>osd_slider_bg_2.png</texturesliderbar>
			<onup>11</onup>
			<ondown>11</ondown>
			<onleft>11</onleft>
			<onright>11</onright>
		</control>
	</controls>
</window>
