<window type="dialog" id="143">
	<animation effect="fade" time="200">WindowClose</animation>
	<include>dialogeffect</include>
	<coordinates>
		<system>1</system>
		<posx>10</posx>
		<posy>10</posy>
	</coordinates>
	<controls>
		<control type="group">
			<control type="image">
				<description>Media Overlay Image</description>
				<posx>0</posx>
				<posy>0</posy>
				<width>400</width>
				<height>85</height>
				<texture border="20,20,20,30">Dialog2.png</texture>
			</control>
			<control type="label" id="401">
				<description>Song Number Label</description>
				<posx>20</posx>
				<posy>10</posy>
				<width>360</width>
				<height>25</height>
				<font>font13</font>
				<textcolor>orange</textcolor>
				<align>left</align>
				<aligny>center</aligny>
			</control>
			<control type="label" id="402">
				<description>Song Name Label</description>
				<posx>20</posx>
				<posy>35</posy>
				<width>360</width>
				<height>25</height>
				<font>font12</font>
				<align>left</align>
				<aligny>center</aligny>
			</control>
		</control>
	</controls>
</window>