<window id="104">
	<defaultcontrol>1</defaultcontrol>
	<include>dialogeffect</include>
	<controls>
		<control type="group">
			<posx>400r</posx>
			<posy>0</posy>
			<control type="image" id="0">
				<description>popup volume dialog background</description>
				<posx>0</posx>
				<posy>0</posy>
				<width>400</width>
				<height>300</height>
				<texture>shadowtopcorner.png</texture>
			</control>
			<control type="image">
				<description>Lite Volume Logo</description>
				<posx>300</posx>
				<posy>10</posy>
				<width>40</width>
				<height>40</height>
				<aspectratio>keep</aspectratio>
				<texture>volumelogo.png</texture>
				<visible>!Window.IsVisible(Mutebug)</visible>
				<include>VisibleFadeEffect</include>
			</control>
			<control type="progress" id="1">
				<description>progress control</description>
				<posx>260</posx>
				<posy>40</posy>
				<width>128</width>
				<height>32</height>
				<reveal>true</reveal>
				<info>Player.Volume</info>
				<texturebg>volume_background.png</texturebg>
				<lefttexture>-</lefttexture>
				<midtexture>volume_middle.png</midtexture>
				<righttexture>-</righttexture>
				<overlaytexture>-</overlaytexture>
			</control>
		</control>
	</controls>
</window>