<window id="106">
	<defaultcontrol>1000</defaultcontrol>
	<include>dialogeffect</include>
	<coordinates>
		<system>1</system>
		<posx>0</posx>
		<posy>0</posy>
	</coordinates>
	<controls>
		<control type="image" id="997">
			<description>background top image</description>
			<posx>0</posx>
			<posy>-45</posy>
			<width>380</width>
			<height>45</height>
			<texture border="40,0,45,0">context_menu_top.png</texture>
		</control>
		<control type="image" id="999">
			<description>background image</description>
			<posx>0</posx>
			<posy>0</posy>
			<width>380</width>
			<texture border="40,0,45,0">context_menu_middle.png</texture>
		</control>
		<control type="image" id="998">
			<description>background bottom image</description>
			<posx>0</posx>
			<width>380</width>
			<height>55</height>
			<texture border="40,0,45,0">context_menu_bottom.png</texture>
		</control>
		<control type="button" id="1000">
			<description>button template</description>
			<posx>35</posx>
			<posy>0</posy>
			<width>305</width>
			<height>40</height>
			<align>center</align>
			<textcolor>white</textcolor>
			<focusedcolor>orange</focusedcolor>
			<shadowcolor>black</shadowcolor>
			<texturefocus border="10">context-button-focus.png</texturefocus>
			<texturenofocus>-</texturenofocus>
		</control>
	</controls>
</window>