<window id="107">
	<include>dialogeffect</include>
	<coordinates>
		<system>0</system>
		<posx>0</posx>
		<posy>0</posy>
	</coordinates>
	<controls>
		<control type="group">
			<posx>440</posx>
			<posy>100r</posy>
			<control type="image">
				<description>background</description>
				<posx>0</posx>
				<posy>0</posy>
				<width>400</width>
				<height>90</height>
				<texture border="20,20,20,30">Dialog2.png</texture>
			</control>
			<control type="image" id="400">
				<description>Icon</description>
				<posx>15</posx>
				<posy>15</posy>
				<width>55</width>
				<height>50</height>
				<aspectratio>keep</aspectratio>
				<texture>DefaultIconInfo.png</texture>
			</control>
			<control type="fadelabel" id="401">
				<description>Label 1</description>
				<posx>80</posx>
				<posy>15</posy>
				<width>300</width>
				<height>20</height>
				<label>-</label>
				<font>font12</font>
				<textcolor>orange</textcolor>
				<align>left</align>
				<aligny>center</aligny>
			</control>
			<control type="fadelabel" id="402">
				<description>Label 2</description>
				<posx>80</posx>
				<posy>40</posy>
				<width>300</width>
				<height>20</height>
				<label>-</label>
				<font>font12</font>
				<align>left</align>
				<aligny>center</aligny>
				<scrollout>false</scrollout>
				<pauseatend>1000</pauseatend>
			</control>
		</control>
	</controls>
</window>