<fonts>
	<fontset id="Default" idloc="31390" unicode="true">
		<font>
			<name>font10</name>
			<filename>MC360.ttf</filename>
			<size>18</size>
		</font>
		<font>
			<name>font12</name>
			<filename>MC360.ttf</filename>
			<size>21</size>
		</font>
		<font>
			<name>font13</name>
			<filename>MC360.ttf</filename>
			<size>23</size>
		</font>
		<font>
			<name>font16</name>
			<filename>MC360.ttf</filename>
			<size>27</size>
		</font>
		<font>
			<name>font30</name>
			<filename>MC360.ttf</filename>
			<size>30</size>
		</font>
		<font>
			<name>font35</name>
			<filename>MC360.ttf</filename>
			<size>35</size>
		</font>
		<font>
			<name>font60</name>
			<filename>Arial.ttf</filename>
			<size>60</size>
			<style>bold</style>
		</font>
	</fontset>
	<fontset id="Arial" idloc="31391" unicode="true">
		<font>
			<name>font10</name>
			<filename>Arial.ttf</filename>
			<size>16</size>
		</font>
		<font>
			<name>font12</name>
			<filename>Arial.ttf</filename>
			<size>18</size>
		</font>
		<font>
			<name>font13</name>
			<filename>Arial.ttf</filename>
			<size>20</size>
		</font>
		<font>
			<name>font16</name>
			<filename>Arial.ttf</filename>
			<size>23</size>
		</font>
		<font>
			<name>font30</name>
			<filename>Arial.ttf</filename>
			<size>26</size>
		</font>
		<font>
			<name>font35</name>
			<filename>Arial.ttf</filename>
			<size>31</size>
		</font>
		<font>
			<name>font60</name>
			<filename>Arial.ttf</filename>
			<size>55</size>
			<style>bold</style>
		</font>
	</fontset>
</fonts>