<?xml version="1.0" encoding="UTF-8"?>
<overrides>
	<alwaysRestore>True</alwaysRestore>
	<thumbnailBrowseDefault>special://skin/extras/icons/</thumbnailBrowseDefault>
	<!-- Backgrounds -->
	<backgroundBrowse>True</backgroundBrowse>
	<background label="31062" condition="System.HasAddon(script.grab.fanart)">Movie.Fanart</background>
	<background label="31063" condition="System.HasAddon(script.grab.fanart)">TV.Fanart</background>
	<background label="31064" condition="System.HasAddon(script.grab.fanart)">Video.Fanart</background>
	<background label="31065" condition="System.HasAddon(script.grab.fanart)">Music.Fanart</background>
	<background label="31066" condition="System.HasAddon(script.grab.fanart)">Global.Fanart</background>
	<background label="31084" condition="!IsEmpty(Skin.String(WeatherFanartDir))">Weather.Fanart</background>
	<background label="Live Background: Recent movies" condition="IsEmpty(Window(Home).Property(No.Cases))">s:live|i:recent movies</background>
	<background label="Live Background: Recent episodes" condition="IsEmpty(Window(Home).Property(No.Cases))">s:live|i:recent episodes</background>
	<background label="Live Background: ::PLAYLIST::" condition="IsEmpty(Window(Home).Property(No.Cases))">s:live|i:playlist</background>
	<background label="Live Background: Random songs" condition="IsEmpty(Window(Home).Property(No.Cases)) + System.HasAddon(service.library.data.provider)">s:live|i:songs</background>
	<background label="Live Background: Random albums" condition="IsEmpty(Window(Home).Property(No.Cases)) + System.HasAddon(service.library.data.provider)">s:live|i:albums</background>
	<background label="::PLAYLIST::" condition="IsEmpty(Window(Home).Property(No.Cases))">s:playlist|i:playlist</background>
	<!-- Widgets -->
	<widget label="31031" target="video" type="movies" icon="DefaultMovies.png" path="plugin://service.library.data.provider?type=randommovies&amp;reload=$INFO[Window.Property(randommovies)]">randommovies</widget>
	<widget label="31176" condition="System.HasAddon(script.extendedinfo)" icon="logos/trakt2-logo.png" path="plugin://script.extendedinfo?info=trendingmovies" target="extendedinfo">trakttrendingmovies</widget>
	<widget label="31211" condition="System.HasAddon(script.extendedinfo)" icon="logos/tmdb2-logo.png" path="plugin://script.extendedinfo?info=topratedmovies" target="extendedinfo">themoviedbtopratedmovies</widget>
	<widget label="31178" condition="System.HasAddon(script.extendedinfo)" icon="logos/trakt2-logo.png" path="plugin://script.extendedinfo?info=trendingshows" target="extendedinfo">trakttrendingshows</widget>
	<widget label="31033" target="video" type="tvshows" icon="DefaultTVShows.png" path="plugin://service.library.data.provider?type=randomepisodes&amp;reload=$INFO[Window.Property(randomepisodes)]">randomepisodes</widget>
	<widget label="31034" target="video" type="tvshows" icon="DefaultTVShows.png" path="plugin://service.library.data.provider?type=recommendedepisodes&amp;reload=$INFO[Window.Property(recommendedepisodes)]">recommendedepisodes</widget>
	<widget label="31502" icon="DefaultAddonPVRClient.png">livetv</widget>
	<widget label="31177" condition="System.HasAddon(script.extendedinfo)" icon="logos/rt2-logo.png" path="plugin://script.extendedinfo?info=toprentals" target="extendedinfo">rottentomatoestoprentals</widget>
	<widget label="31209" condition="System.HasAddon(script.extendedinfo)" icon="logos/tmdb2-logo.png" path="plugin://script.extendedinfo?info=incinemas" target="extendedinfo">themoviedbincinemas</widget>
	<widget label="31204" condition="System.HasAddon(script.extendedinfo)" icon="logos/tmdb2-logo.png" path="plugin://script.extendedinfo?info=upcoming" target="extendedinfo">themoviedbupcoming</widget>
	<widget label="12600" icon="DefaultAddonWeather.png" condition="!IsEmpty(Weather.Plugin)">weather</widget>
	<widget label="31035" target="music" type="songs" icon="DefaultMusicSongs.png" path="plugin://service.library.data.provider?type=randomsongs&amp;reload=$INFO[Window.Property(randomsongs)]">randomsongs</widget>
	<widget label="31036" target="music" type="albums" icon="DefaultMusicAlbums.png" path="plugin://service.library.data.provider?type=randomalbums&amp;reload=$INFO[Window.Property(randomalbums)]">randomalbums</widget>
	<widget label="31037" target="music" type="albums" icon="DefaultMusicRecentlyAdded.png" path="plugin://service.library.data.provider?type=recentalbums&amp;reload=$INFO[Window.Property(recentalbums)]">recentalbums</widget>
	<widget label="31038" target="music" type="albums" icon="DefaultMusicRecentlyPlayed.png" path="plugin://service.library.data.provider?type=recommendedalbums&amp;reload=$INFO[Window.Property(recommendedalbums)]">recommendedalbums</widget>
	<widget label="31217" condition="System.HasAddon(script.extendedinfo)" icon="DefaultAddonPicture.png" path="plugin://script.extendedinfo?info=dailybabes" target="picture">dailybabes</widget>
	<widget label="31216" condition="System.HasAddon(script.extendedinfo)" icon="DefaultAddonPicture.png" path="plugin://script.extendedinfo?info=dailybabe" target="picture">dailybabe</widget>
	<!-- Widget Style -->
	<propertySettings property="widgetStyle" buttonID="509" title="Widget Style" />
	<property property="widgetStyle">$LOCALIZE[31230]</property>
	<property property="widgetStyle">$LOCALIZE[31229]</property>
	<!-- Infoline -->
	<property property="InfoLine">31052</property>
	<property property="InfoLine">31053</property>
	<property property="InfoLine">31054</property>
	<property property="InfoLine">31058</property>
	<property property="InfoLine">20088</property>
	<property property="InfoLine">31061</property>
	<property property="InfoLine">31085</property>
	<property property="InfoLine">130</property>
	<property property="InfoLine">31097</property>
	<property property="InfoLine">31098</property>
	<property property="InfoLine">31099</property>
	<!-- Icon Overrides -->
	<icon image="DefaultShortcut.png">special://skin/extras/icons/DefaultAddSource.png</icon>
	<icon image="DefaultActor.png">special://skin/extras/icons/DefaultActor.png</icon>
	<icon image="DefaultAddon.png">special://skin/extras/icons/DefaultAddon.png</icon>
	<icon image="DefaultAddonLibrary.png">special://skin/extras/icons/DefaultAddonLibrary.png</icon>
	<icon image="DefaultAddonMusic.png">special://skin/extras/icons/DefaultAddonMusic.png</icon>
	<icon image="DefaultAddonNone.png">special://skin/extras/icons/DefaultAddonNone.png</icon>
	<icon image="DefaultAddonPicture.png">special://skin/extras/icons/DefaultAddonPicture.png</icon>
	<icon image="DefaultAddonProgram.png">special://skin/extras/icons/DefaultAddonProgram.png</icon>
	<icon image="DefaultAddonPVRClient.png">special://skin/extras/icons/DefaultAddonPVRClient.png</icon>
	<icon image="DefaultAddonVideo.png">special://skin/extras/icons/DefaultAddonVideo.png</icon>
	<icon image="DefaultAddonWeather.png">special://skin/extras/icons/DefaultAddonWeather.png</icon>
	<icon image="DefaultAlbumCover.png">special://skin/extras/icons/DefaultAlbumCover.png</icon>
	<icon image="DefaultArtist.png">special://skin/extras/icons/DefaultArtist.png</icon>
	<icon image="DefaultAudio.png">special://skin/extras/icons/DefaultAudio.png</icon>
	<icon image="DefaultCountry.png">special://skin/extras/icons/DefaultCountry.png</icon>
	<icon image="DefaultDirector.png">special://skin/extras/icons/DefaultDirector.png</icon>
	<icon image="DefaultFile.png">special://skin/extras/icons/DefaultFile.png</icon>
	<icon image="DefaultFolder.png">special://skin/extras/icons/DefaultFolder.png</icon>
	<icon image="DefaultGames.png">special://skin/extras/icons/DefaultGames.png</icon>
	<icon image="DefaultGenre.png">special://skin/extras/icons/DefaultGenre.png</icon>
	<icon image="DefaultInProgressShows.png">special://skin/extras/icons/DefaultInProgressShows.png</icon>
	<icon image="DefaultMovies.png">special://skin/extras/icons/DefaultMovies.png</icon>
	<icon image="DefaultMovieTitle.png">special://skin/extras/icons/DefaultMovieTitle.png</icon>
	<icon image="DefaultMusicAlbums.png">special://skin/extras/icons/DefaultMusicAlbums.png</icon>
	<icon image="DefaultMusicArtists.png">special://skin/extras/icons/DefaultMusicArtists.png</icon>
	<icon image="DefaultMusicGenres.png">special://skin/extras/icons/DefaultMusicGenres.png</icon>
	<icon image="DefaultMusicPlaylists.png">special://skin/extras/icons/DefaultMusicPlaylists.png</icon>
	<icon image="DefaultMusicRecentlyAdded.png">special://skin/extras/icons/DefaultMusicRecentlyAdded.png</icon>
	<icon image="DefaultMusicRecentlyPlayed.png">special://skin/extras/icons/DefaultMusicRecentlyPlayed.png</icon>
	<icon image="DefaultMusicSongs.png">special://skin/extras/icons/DefaultMusicSongs.png</icon>
	<icon image="DefaultMusicTop100.png">special://skin/extras/icons/DefaultMusicTop100.png</icon>
	<icon image="DefaultMusicTop100Albums.png">special://skin/extras/icons/DefaultMusicTop100Albums.png</icon>
	<icon image="DefaultMusicTop100Songs.png">special://skin/extras/icons/DefaultMusicTop100Songs.png</icon>
	<icon image="DefaultMusicVideos.png">special://skin/extras/icons/DefaultMusicVideos.png</icon>
	<icon image="DefaultMusicVideoTitle.png">special://skin/extras/icons/DefaultMusicVideoTitle.png</icon>
	<icon image="DefaultMusicYears.png">special://skin/extras/icons/DefaultMusicYears.png</icon>
	<icon image="DefaultPicture.png">special://skin/extras/icons/DefaultPicture.png</icon>
	<icon image="DefaultPlaylist.png">special://skin/extras/icons/DefaultPlaylist.png</icon>
	<icon image="DefaultProgram.png">special://skin/extras/icons/DefaultProgram.png</icon>
	<icon image="DefaultRecentlyAddedEpisodes.png">special://skin/extras/icons/DefaultRecentlyAddedEpisodes.png</icon>
	<icon image="DefaultRecentlyAddedMovies.png">special://skin/extras/icons/DefaultRecentlyAddedMovies.png</icon>
	<icon image="DefaultRecentlyAddedMusicVideos.png">special://skin/extras/icons/DefaultRecentlyAddedMusicVideos.png</icon>
	<icon image="DefaultSets.png">special://skin/extras/icons/DefaultSets.png</icon>
	<icon image="DefaultStudios.png">special://skin/extras/icons/DefaultStudios.png</icon>
	<icon image="DefaultTags.png">special://skin/extras/icons/DefaultTags.png</icon>
	<icon image="DefaultTVShows.png">special://skin/extras/icons/DefaultTVShows.png</icon>
	<icon image="DefaultTVShowTitle.png">special://skin/extras/icons/DefaultTVShowTitle.png</icon>
	<icon image="DefaultVideo.png">special://skin/extras/icons/DefaultVideo.png</icon>
	<icon image="DefaultVideoPlaylists.png">special://skin/extras/icons/DefaultVideoPlaylists.png</icon>
	<icon image="DefaultYear.png">special://skin/extras/icons/DefaultYear.png</icon>
</overrides>