<?xml version="1.0" encoding="utf-8"?>
<shortcuts>
    <shortcut>
        <defaultID>19019</defaultID>
        <label>19019</label>
        <label2>Live TV</label2>
        <icon>DefaultShortcut.png</icon>
        <thumb/>
        <action>ActivateWindow(TVChannels)</action>
    </shortcut>
    <shortcut>
        <defaultID>22020</defaultID>
        <label>22020</label>
        <label2>Live TV</label2>
        <icon>DefaultShortcut.png</icon>
        <thumb/>
        <action>ActivateWindow(TVGuide)</action>
    </shortcut>
    <shortcut>
        <defaultID>19163</defaultID>
        <label>19163</label>
        <label2>Live TV</label2>
        <icon>DefaultShortcut.png</icon>
        <thumb/>
        <action>ActivateWindow(TVRecordings)</action>
    </shortcut>
    <shortcut>
        <defaultID>19040</defaultID>
        <label>19040</label>
        <label2>Live TV</label2>
        <icon>DefaultShortcut.png</icon>
        <thumb/>
        <action>ActivateWindow(TVTimers)</action>
    </shortcut>
    <shortcut>
        <defaultID>137</defaultID>
        <label>137</label>
        <label2>Live TV</label2>
        <icon>DefaultShortcut.png</icon>
        <thumb/>
        <action>ActivateWindow(TVSearch)</action>
    </shortcut>
</shortcuts>
