<?xml version="1.0" encoding="UTF-8"?>
<window id="1124" type="dialog">
	<defaultcontrol always="true">90100</defaultcontrol>
	<coordinates>
		<system>1</system>
		<left>457</left>
		<top>240</top>
	</coordinates>
	<include>dialogeffect</include>
	<onunload condition="!IsEmpty(Skin.String(ItemToEdit.Widget))">Skin.SetString($INFO[Window(Home).Property(Nox.Widget)],$INFO[Skin.String(ItemToEdit.Widget)])</onunload>
	<onunload condition="!IsEmpty(Skin.String(ItemToEdit.WidgetLabel))">Skin.SetString($INFO[Window(Home).Property(Nox.WidgetLabel)],$INFO[Skin.String(ItemToEdit.WidgetLabel)])</onunload>
	<onunload condition="!IsEmpty(Skin.String(ItemToEdit.WidgetType))">Skin.SetString($INFO[Window(Home).Property(Nox.WidgetType)],$INFO[Skin.String(ItemToEdit.WidgetType)])</onunload>
	<onunload>ClearProperty(Nox.Widget,Home)</onunload>
	<onunload>ClearProperty(Nox.WidgetLabel,Home)</onunload>
	<onunload>ClearProperty(Nox.WidgetType,Home)</onunload>
	<controls>
		<control type="image">
			<left>157</left>
			<top>0</top>
			<width>692</width>
			<height>600</height>
			<texture border="40">dialogs/default/bg.png</texture>
		</control>
		<control type="image">
			<left>187</left>
			<top>86</top>
			<width>632</width>
			<height>482</height>
			<texture border="5">dialogs/default/inner.png</texture>
		</control>
		<control type="label" id="1">
			<left>30</left>
			<top>32</top>
			<width>940</width>
			<height>40</height>
			<font>font15_title</font>
			<label>$LOCALIZE[31041]</label>
			<align>center</align>
			<textcolor>dialogheader</textcolor>
			<font>font15_title</font>
		</control>
		<control type="list" id="90100">
			<left>189</left>
			<top>88</top>
			<width>630</width>
			<height>480</height>
			<onup>90100</onup>
			<ondown>90100</ondown>
			<onleft>90100</onleft>
			<onright>60</onright>
			<pagecontrol>60</pagecontrol>
			<scrolltime tween="quadratic" easing="out">200</scrolltime>
			<itemlayout height="60" width="630">
				<control type="image">
					<width>630</width>
					<height>60</height>
					<texture border="1">separator2.png</texture>
				</control>
				<control type="label">
					<width>630</width>
					<height>60</height>
					<textoffsetx>15</textoffsetx>
					<font>font14</font>
					<textcolor>orange</textcolor>
					<selectedcolor>selected</selectedcolor>
					<align>left</align>
					<aligny>center</aligny>
					<label>$INFO[ListItem.Label]</label>
				</control>
			</itemlayout>
			<focusedlayout height="60" width="630">
				<control type="image">
					<width>630</width>
					<height>60</height>
					<texture border="1">separator2.png</texture>
					<include>VisibleFadeEffect</include>
				</control>
				<control type="image">
					<width>629</width>
					<height>60</height>
					<texture border="5">listselect_fo.png</texture>
					<visible>Control.HasFocus(90100)</visible>
					<include>VisibleFadeEffect</include>
				</control>
				<control type="label">
					<width>630</width>
					<height>60</height>
					<textoffsetx>15</textoffsetx>
					<font>font14</font>
					<textcolor>white</textcolor>
					<selectedcolor>selected</selectedcolor>
					<scroll>true</scroll>
					<align>left</align>
					<aligny>center</aligny>
					<label>$INFO[ListItem.Label]</label>
					<animation effect="fade" start="100" end="70" time="300" tween="sine" easing="inout" condition="!Control.HasFocus(90100)">Conditional</animation>
				</control>
			</focusedlayout>
			<content>
				<!-- WidgetType: -->
				<!-- 1: Movie    -->
				<!-- 2: Music    -->
				<!-- 3: Weather  -->
				<!-- 5 Picture Addons -->
				<!-- 14: TV -->
				<!-- 15: Addons -->
				<!-- 16: Playlists -->
				<!-- 20: Extended Info -->
				<item>
					<label>$LOCALIZE[16018]</label>
					<onclick>Skin.Reset(ItemToEdit.Widget)</onclick>
					<onclick>Skin.Reset(ItemToEdit.WidgetLabel)</onclick>
					<onclick>Skin.Reset(ItemToEdit.WidgetType)</onclick>
					<onclick>Skin.SetString($INFO[Window(Home).Property(Nox.Widget)],$INFO[Skin.String(ItemToEdit.Widget)])</onclick>
					<onclick>Skin.SetString($INFO[Window(Home).Property(Nox.WidgetLabel)],$INFO[Skin.String(ItemToEdit.WidgetLabel)])</onclick>
					<onclick>Skin.SetString($INFO[Window(Home).Property(Nox.WidgetType)],$INFO[Skin.String(ItemToEdit.WidgetType)])</onclick>
					<onclick>Dialog.Close(1124)</onclick>
				</item>
				<item>
					<label>$LOCALIZE[31029]</label>
					<onclick>Skin.SetString(ItemToEdit.Widget,special://skin/extras/playlists/recentmovies.xsp)</onclick>
					<onclick>Skin.SetString(ItemToEdit.WidgetLabel,$LOCALIZE[31029])</onclick>
					<onclick>Skin.SetString(ItemToEdit.WidgetType,1)</onclick>
					<onclick>Dialog.Close(1124)</onclick>
				</item>
				<item>
					<label>Trending Movies</label>
					<onclick>Skin.SetString(ItemToEdit.Widget,20)</onclick>
					<onclick>Skin.SetString(ItemToEdit.WidgetLabel,Trending Movies)</onclick>
					<onclick>Skin.SetString(ItemToEdit.WidgetType,20)</onclick>
					<onclick>Dialog.Close(1124)</onclick>
					<visible>System.HasAddon(script.extendedinfo)</visible>
				</item>
				<item>
					<label>$LOCALIZE[31031]</label>
					<onclick>Skin.SetString(ItemToEdit.Widget,2)</onclick>
					<onclick>Skin.SetString(ItemToEdit.WidgetLabel,$LOCALIZE[31031])</onclick>
					<onclick>Skin.SetString(ItemToEdit.WidgetType,1)</onclick>
					<onclick>Dialog.Close(1124)</onclick>
				</item>
				<item>
					<label>$LOCALIZE[31032]</label>
					<onclick>Skin.SetString(ItemToEdit.Widget,special://skin/extras/playlists/recommendedmovies.xsp)</onclick>
					<onclick>Skin.SetString(ItemToEdit.WidgetLabel,$LOCALIZE[31032])</onclick>
					<onclick>Skin.SetString(ItemToEdit.WidgetType,1)</onclick>
					<onclick>Dialog.Close(1124)</onclick>
				</item>
				<item>
					<label>Top 10 Rentals</label>
					<onclick>Skin.SetString(ItemToEdit.Widget,21)</onclick>
					<onclick>Skin.SetString(ItemToEdit.WidgetLabel,Top 10 Rentals)</onclick>
					<onclick>Skin.SetString(ItemToEdit.WidgetType,20)</onclick>
					<onclick>Dialog.Close(1124)</onclick>
					<visible>System.HasAddon(script.extendedinfo)</visible>
				</item>
				<item>
					<label>$INFO[System.AddonTitle(plugin.video.the.trailers)]</label>
					<onclick>Skin.SetString(ItemToEdit.Widget,plugin://plugin.video.the.trailers/apple/movies/)</onclick>
					<onclick>Skin.SetString(ItemToEdit.WidgetLabel,$INFO[System.AddonTitle(plugin.video.the.trailers)])</onclick>
					<onclick>Skin.SetString(ItemToEdit.WidgetType,1)</onclick>
					<onclick>Dialog.Close(1124)</onclick>
					<visible>System.HasAddon(plugin.video.the.trailers)</visible>
				</item>
				<item>
					<label>Trending Shows</label>
					<onclick>Skin.SetString(ItemToEdit.Widget,22)</onclick>
					<onclick>Skin.SetString(ItemToEdit.WidgetLabel,Trending Shows)</onclick>
					<onclick>Skin.SetString(ItemToEdit.WidgetType,20)</onclick>
					<onclick>Dialog.Close(1124)</onclick>
					<visible>System.HasAddon(script.extendedinfo)</visible>
				</item>
				<item>
					<label>$LOCALIZE[31030]</label>
					<onclick>Skin.SetString(ItemToEdit.Widget,special://skin/extras/playlists/recentepisodes.xsp)</onclick>
					<onclick>Skin.SetString(ItemToEdit.WidgetLabel,$LOCALIZE[31030])</onclick>
					<onclick>Skin.SetString(ItemToEdit.WidgetType,14)</onclick>
					<onclick>Dialog.Close(1124)</onclick>
				</item>
				<item>
					<label>$LOCALIZE[31033]</label>
					<onclick>Skin.SetString(ItemToEdit.Widget,5)</onclick>
					<onclick>Skin.SetString(ItemToEdit.WidgetLabel,$LOCALIZE[31033])</onclick>
					<onclick>Skin.SetString(ItemToEdit.WidgetType,14)</onclick>
					<onclick>Dialog.Close(1124)</onclick>
				</item>
				<item>
					<label>$LOCALIZE[31034]</label>
					<onclick>Skin.SetString(ItemToEdit.Widget,6)</onclick>
					<onclick>Skin.SetString(ItemToEdit.WidgetLabel,$LOCALIZE[31034])</onclick>
					<onclick>Skin.SetString(ItemToEdit.WidgetType,14)</onclick>
					<onclick>Dialog.Close(1124)</onclick>
				</item>
				<item>
					<label>$LOCALIZE[31035]</label>
					<onclick>Skin.SetString(ItemToEdit.Widget,7)</onclick>
					<onclick>Skin.SetString(ItemToEdit.WidgetLabel,$LOCALIZE[31035])</onclick>
					<onclick>Skin.SetString(ItemToEdit.WidgetType,2)</onclick>
					<onclick>Dialog.Close(1124)</onclick>
				</item>
				<item>
					<label>$LOCALIZE[31036]</label>
					<onclick>Skin.SetString(ItemToEdit.Widget,8)</onclick>
					<onclick>Skin.SetString(ItemToEdit.WidgetLabel,$LOCALIZE[31036])</onclick>
					<onclick>Skin.SetString(ItemToEdit.WidgetType,2)</onclick>
					<onclick>Dialog.Close(1124)</onclick>
				</item>
				<item>
					<label>$LOCALIZE[31037]</label>
					<onclick>Skin.SetString(ItemToEdit.Widget,9)</onclick>
					<onclick>Skin.SetString(ItemToEdit.WidgetLabel,$LOCALIZE[31037])</onclick>
					<onclick>Skin.SetString(ItemToEdit.WidgetType,2)</onclick>
					<onclick>Dialog.Close(1124)</onclick>
				</item>
				<item>
					<label>$LOCALIZE[31038]</label>
					<onclick>Skin.SetString(ItemToEdit.Widget,10)</onclick>
					<onclick>Skin.SetString(ItemToEdit.WidgetLabel,$LOCALIZE[31038])</onclick>
					<onclick>Skin.SetString(ItemToEdit.WidgetType,2)</onclick>
					<onclick>Dialog.Close(1124)</onclick>
				</item>
				<item>
					<label>$LOCALIZE[12600]</label>
					<onclick>Skin.SetString(ItemToEdit.Widget,11)</onclick>
					<onclick>Skin.SetString(ItemToEdit.WidgetLabel,$LOCALIZE[12600])</onclick>
					<onclick>Dialog.Close(1124)</onclick>
					<onclick>Skin.SetString(ItemToEdit.WidgetType,3)</onclick>
					<visible>!IsEmpty(Weather.Plugin)</visible>
				</item>
				<item>
					<label>$LOCALIZE[20012]</label>
					<onclick>Skin.SetFile(ItemToEdit.Widget,.xsp,special://profile/playlists/video/)</onclick>
					<onclick>Skin.SetString(ItemToEdit.WidgetLabel)</onclick>
					<onclick>Skin.SetString(ItemToEdit.WidgetType,16)</onclick>
					<onclick>Dialog.Close(1124)</onclick>
				</item>
				<item>
					<label>$LOCALIZE[20011]</label>
					<onclick>Skin.SetFile(ItemToEdit.Widget,.xsp|.m3u,special://profile/playlists/music/)</onclick>
					<onclick>Skin.SetString(ItemToEdit.WidgetLabel)</onclick>
					<onclick>Skin.SetString(ItemToEdit.WidgetType,2)</onclick>
					<onclick>Dialog.Close(1124)</onclick>
				</item>
				<item>
					<label>$LOCALIZE[1037]</label>
					<onclick>Skin.SetString(ItemToEdit.Widget,addons://sources/video/)</onclick>
					<onclick>Skin.SetString(ItemToEdit.WidgetLabel,$LOCALIZE[1037])</onclick>
					<onclick>Dialog.Close(1124)</onclick>
					<onclick>Skin.SetString(ItemToEdit.WidgetType,10)</onclick>
				</item>
				<item>
					<label>$LOCALIZE[636] ($LOCALIZE[1037])</label>
					<onclick>Skin.SetString(ItemToEdit.Widget)</onclick>
					<onclick>Skin.SetString(ItemToEdit.WidgetLabel)</onclick>
					<onclick>Skin.SetString(ItemToEdit.WidgetType,1)</onclick>
					<onclick>Dialog.Close(1124)</onclick>
				</item>
				<item>
					<label>$LOCALIZE[1038]</label>
					<onclick>Skin.SetString(ItemToEdit.Widget,addons://sources/audio/)</onclick>
					<onclick>Skin.SetString(ItemToEdit.WidgetLabel,$LOCALIZE[1038])</onclick>
					<onclick>Dialog.Close(1124)</onclick>
					<onclick>Skin.SetString(ItemToEdit.WidgetType,2)</onclick>
				</item>
				<item>
					<label>$LOCALIZE[1039]</label>
					<onclick>Skin.SetString(ItemToEdit.Widget,addons://sources/image/)</onclick>
					<onclick>Skin.SetString(ItemToEdit.WidgetLabel,$LOCALIZE[1039])</onclick>
					<onclick>Dialog.Close(1124)</onclick>
					<onclick>Skin.SetString(ItemToEdit.WidgetType,5)</onclick>
				</item>
				<item>
					<label>$LOCALIZE[1043]</label>
					<onclick>Skin.SetString(ItemToEdit.Widget,addons://sources/executable/)</onclick>
					<onclick>Skin.SetString(ItemToEdit.WidgetLabel,$LOCALIZE[1043])</onclick>
					<onclick>Dialog.Close(1124)</onclick>
					<onclick>Skin.SetString(ItemToEdit.WidgetType,15)</onclick>
				</item>
			</content>
		</control>
		<control type="scrollbar" id="60">
			<left>821</left>
			<top>88</top>
			<height>480</height>
			<width>8</width>
			<onleft>90100</onleft>
			<onright>90100</onright>
			<ondown>60</ondown>
			<onup>60</onup>
			<showonepage>false</showonepage>
			<texturesliderbackground>-</texturesliderbackground>
			<texturesliderbar colordiffuse="55ffffff" border="4">scrollbar/texturesliderbar3.png</texturesliderbar>
			<texturesliderbarfocus border="4">scrollbar/texturesliderbar3.png</texturesliderbarfocus>
		</control>
	</controls>
</window>