<?xml version="1.0" encoding="utf-8"?>
<window>
    <defaultcontrol always="true">9000</defaultcontrol>
    <controls>
        <include>DimBG</include>
        <control type="group">
            <include>DialogOpenClose</include>
            <control type="image">
                <posx>0</posx>
                <posy>140</posy>
                <width>1920</width>
                <height>1080</height>
                <!--<include>DialogTransparency</include>-->
                <colordiffuse>$VAR[Picked.Theme.Color]</colordiffuse>
                <texture border="50">common/background_menu.png</texture>
            </control>
            <include name="WindowClosingButton">
                <param name="id" value="9010"/>
                <param name="x" value="1870"/>
                <param name="y" value="140"/>
                <param name="onleft" value="6060"/>
            </include>
            <control type="image">
                <posx>530</posx>
                <posy>190</posy>
                <width>480</width>
                <height>900</height>
                <texture border="1">common/background_strip_horizontal_right.png</texture>
            </control>
            <control type="image">
                <posx>530r</posx>
                <posy>190</posy>
                <width>480</width>
                <height>900</height>
                <texture border="1">common/background_strip_horizontal_right.png</texture>
            </control>
            <!-- SIDE MENU -->
            <control type="group">
                <posy>240</posy>
                <control type="grouplist" id="9000">
                    <posy>0</posy>
                    <height>800</height>
                    <include>DialogMenuButtonGroup</include>
                    <ondown>9000</ondown>
                    <control type="button" id="9">
                        <label>$LOCALIZE[5]</label>
                        <include>DialogMenuButton</include>
                    </control>
                    <control type="button" id="8">
                        <label>$LOCALIZE[24069]</label>
                        <include>DialogMenuButton</include>
                    </control>
                    <control type="button" id="10">
                        <label>$LOCALIZE[24036]</label>
                        <include>DialogMenuButton</include>
                    </control>
                    <control type="button" id="7">
                        <label>$LOCALIZE[24021]</label>
                        <include>DialogMenuButton</include>
                    </control>
                    <control type="button" id="6">
                        <label>$LOCALIZE[24022]</label>
                        <include>DialogMenuButton</include>
                    </control>
                    <control type="button" id="13">
                        <description>Auto-update button</description>
                        <label>$LOCALIZE[21340]</label>
                        <include>DialogMenuButton</include>
                    </control>
                    <control type="button" id="12">
                        <label>$LOCALIZE[518]</label>
                        <include>DialogMenuButton</include>
                    </control>
                </control>
                <include name="DialogMenuScroller">
                    <param name="y" value="0"/>
                    <param name="height" value="800"/>
                    <param name="onright" value="6060"/>
                    <param name="onleft" value="9000"/>
                </include>
            </control>
            <control type="group">
                <posx>580</posx>
                <posy>240</posy>
                <control type="label">
                    <posx>0</posx>
                    <posy>0</posy>
                    <width>760</width>
                    <height>50</height>
                    <font>InfoTitleFont</font>
                    <include>TextColor_MainColor</include>
                    <scroll>true</scroll>
                    <label>$INFO[ListItem.Property(Addon.Name)]</label>
                </control>
                <control type="label">
                    <posx>0</posx>
                    <posy>100</posy>
                    <width>760</width>
                    <height>50</height>
                    <label>$INFO[ListItem.Property(Addon.Type),$LOCALIZE[146] ]</label>
                    <scroll>true</scroll>
                    <font>InfoDetailsFont</font>
                    <textcolor>AlternateColor</textcolor>
                </control>
                <control type="label">
                    <posx>0</posx>
                    <posy>165</posy>
                    <width>760</width>
                    <height>50</height>
                    <label>$INFO[ListItem.Property(Addon.Creator),$LOCALIZE[21863]: ]</label>
                    <scroll>true</scroll>
                    <font>InfoDetailsFont</font>
                    <include>TextColor_MainColor</include>
                </control>
                <control type="label">
                    <posx>0</posx>
                    <posy>230</posy>
                    <width>760</width>
                    <height>50</height>
                    <label>$INFO[ListItem.Property(Addon.Version),$LOCALIZE[24051] ]</label>
                    <scroll>true</scroll>
                    <font>InfoDetailsFont</font>
                    <textcolor>AlternateColor</textcolor>
                </control>
                <control type="textbox">
                    <posx>0</posx>
                    <posy>295</posy>
                    <width>760</width>
                    <height>160</height>
                    <label>$INFO[ListItem.Property(Addon.Summary),$LOCALIZE[20037]: ]</label>
                    <font>InfoDetailsFont</font>
                    <include>TextColor_MainColor</include>
                    <pagecontrol>8060</pagecontrol>
                </control>
                <control type="scrollbar" id="8060">
                    <visible>Skin.HasSetting(ManualScroll)</visible>
                    <posx>760</posx>
                    <posy>385</posy>
                    <height>310</height>
                    <include>VerticalScroller</include>
                    <onleft>9060</onleft>
                    <onright>7060</onright>
                    <ondown>6060</ondown>
                </control>
                <control type="textbox">
                    <posx>0</posx>
                    <posy>485</posy>
                    <width>760</width>
                    <height>310</height>
                    <font>InfoPlotFont</font>
                    <textcolor>AlternateColor</textcolor>
                    <label>$INFO[ListItem.Property(Addon.Description)]</label>
                    <pagecontrol>6060</pagecontrol>
                </control>
                <control type="scrollbar" id="6060">
                    <visible>Skin.HasSetting(ManualScroll)</visible>
                    <posx>760</posx>
                    <posy>485</posy>
                    <height>310</height>
                    <include>VerticalScroller</include>
                    <onleft>9060</onleft>
                    <onright>7060</onright>
                    <onup>8060</onup>
                </control>
            </control>
            <control type="group">
                <posx>1440</posx>
                <posy>240</posy>
                <include name="ThumbsImages">
                    <param name="visible" value="true"/>
                    <param name="x" value="0"/>
                    <param name="y" value="0"/>
                    <param name="width" value="380"/>
                    <param name="height" value="380"/>
                    <param name="aspectratio" value="keep"/>
                    <param name="align" value="center"/>
                    <param name="aligny" value="top"/>
                    <param name="flipy" value="false"/>
                </include>
                <control type="textbox">
                    <visible>IsEmpty(ListItem.Property(Addon.broken))</visible>
                    <posx>0</posx>
                    <posy>430</posy>
                    <width>380</width>
                    <height>360</height>
                    <font>InfoDetailsFont</font>
                    <textcolor>AlternateColor</textcolor>
                    <label>$INFO[ListItem.Property(Addon.Disclaimer),[COLOR=WarningColor]$LOCALIZE[24052]: [/COLOR]]</label>
                    <pagecontrol>7060</pagecontrol>
                </control>
                <control type="textbox">
                    <visible>!IsEmpty(ListItem.Property(Addon.broken))</visible>
                    <posx>0</posx>
                    <posy>430</posy>
                    <width>380</width>
                    <height>360</height>
                    <font>InfoDetailsFont</font>
                    <textcolor>AlternateColor</textcolor>
                    <label>$INFO[ListItem.Property(Addon.broken),[COLOR=WarningColor]$LOCALIZE[24096]: [/COLOR]]</label>
                    <pagecontrol>7060</pagecontrol>
                </control>
                <control type="scrollbar" id="7060">
                    <visible>Skin.HasSetting(ManualScroll)</visible>
                    <posx>380</posx>
                    <posy>430</posy>
                    <height>360</height>
                    <include>VerticalScroller</include>
                    <onleft>6060</onleft>
                </control>
            </control>
        </control>
    </controls>
</window>
