<?xml version="1.0" encoding="utf-8"?>
<window>
    <defaultcontrol>5</defaultcontrol>
    <controls>
        <control type="group">
            <include>DimBG</include>
            <visible>![Window.IsVisible(DialogSlider.xml)|Window.IsVisible(DialogSelect.xml)|Window.IsVisible(DialogSubtitles.xml)|Window.IsVisible(DialogYesNo.xml)]</visible>
            <include>OSDFade</include>
            <control type="group">
                <include>DialogOpenClose</include>
                <control type="image">
                    <posx>310</posx>
                    <posy>440</posy>
                    <width>1300</width>
                    <height>1080</height>
                    <!--<include>DialogTransparency</include>-->
                    <colordiffuse>$VAR[Picked.Theme.Color]</colordiffuse>
                    <texture border="50">common/background_menu.png</texture>
                </control>
                <include name="WindowClosingButton">
                    <param name="id" value="99010"/>
                    <param name="x" value="1560"/>
                    <param name="y" value="440"/>
                    <param name="onleft" value="6060"/>
                </include>
                <control type="group">
                    <posx>360</posx>
                    <posy>540</posy>
                    <control type="label" id="2">
                        <posx>TextMargin</posx>
                        <posy>0</posy>
                        <width>1100</width>
                        <height>50</height>
                        <font>InfoTitleFont</font>
                        <include>TextColor_MainColor</include>
                        <scroll>true</scroll>
                        <label>-</label>
                    </control>
                    <control type="grouplist" id="5">
                        <posx>0</posx>
                        <posy>100</posy>
                        <width>1200</width>
                        <height>400</height>
                        <itemgap>0</itemgap>
                        <pagecontrol>60</pagecontrol>
                        <onup>5</onup>
                        <ondown>5</ondown>
                        <onright>60</onright>
                        <onleft>60</onleft>
                    </control>
                    <control type="button" id="7">
                        <width>1200</width>
                        <include>LeftMenuButton</include>
                    </control>
                    <control type="radiobutton" id="8">
                        <width>1200</width>
                        <radioposx>1110</radioposx>
                        <textwidth>1060</textwidth>
                        <include>LeftMenuButton</include>
                    </control>
                    <control type="spincontrolex" id="9">
                        <textwidth>465</textwidth>
                        <width>1200</width>
                        <include>LeftMenuButton</include>
                    </control>
                    <control type="sliderex" id="13">
                        <width>1200</width>
                        <include>LeftMenuButton</include>
                    </control>
                    <control type="image" id="11">
                        <description>separator image</description>
                        <width>1800</width>
                        <height>50</height>
                        <texture border="51,0,51,0">common/bg_facade_separator.png</texture>
                    </control>
                    <control type="label" id="14">
                        <description>Default Label</description>
                        <label>-</label>
                        <width>1800</width>
                        <height>50</height>
                        <font>LeftMenuTitleFont</font>
                        <textcolor>NoFocusedColor</textcolor>
                        <include>LeftMenuButton</include>
                    </control>
                    <control type="scrollbar" id="60">
                        <posx>1150</posx>
                        <posy>100</posy>
                        <height>400</height>
                        <include>VerticalScroller</include>
                        <onleft>5</onleft>
                        <onright>5</onright>
                    </control>
                </control>
            </control>
        </control>
    </controls>
</window>
