<?xml version="1.0" encoding="utf-8"?>
<includes>
    <include name="InfoData">
        <control type="group">
            <visible>control.isvisible(54)|control.hasfocus(505050)</visible>
            <include name="WatchedRecOverlay">
                <param name="x" value="0"/>
                <param name="y" value="841"/>
                <param name="width" value="50"/>
                <param name="height" value="237"/>
                <param name="transparency" value="100"/>
            </include>
        </control>
        <control type="label">
            <animation effect="slide" time="0" start="0,0" end="0,25" condition="IsEmpty(control.getlabel(45742))">Conditional</animation>
            <posx>TextMargin</posx>
            <posy>905</posy>
            <width>1820</width>
            <aligny>top</aligny>
            <font>InfoTitleFont</font>
            <align>center</align>
            <textcolor>AlternateColor</textcolor>
            <scroll>true</scroll>
            <label>$VAR[Fanart_Title]</label>
        </control>
        <control type="group" id="45741">
            <visible>![Container.content(actors) | container.content(albums) | container.content(addons)]+[SubString(ListItem.StarRating,rating1)|SubString(ListItem.StarRating,rating2)|SubString(ListItem.StarRating,rating3)|SubString(ListItem.StarRating,rating4)|SubString(ListItem.StarRating,rating5)]</visible>
            <include name="Stars">
                <param name="x" value="1830"/>
                <param name="y" value="968"/>
                <param name="color" value="alternate"/>
            </include>
            <control type="label">
                <posx>1810</posx>
                <posy>970</posy>
                <height>40</height>
                <width>1120</width>
                <align>right</align>
                <font>InfoDetailsFont</font>
                <include>TextColor_MainColor</include>
                <scroll>false</scroll>
                <label>$INFO[ListItem.Rating]</label>
            </control>
            <control type="label">
                <posx>TextMargin</posx>
                <posy>970</posy>
                <height>40</height>
                <width>250</width>
                <font>InfoDetailsFont</font>
                <include>TextColor_MainColor</include>
                <scroll>false</scroll>
                <label>$VAR[Fanart_Details2]</label>
            </control>
        </control>
        <control type="label" id="45742">
            <animation type="Conditional" pulse="true" reversible="false" condition="[Container.Content(musicvideos) | Container.Content(movies)| Container.Content(episodes)|Container.Content(sets)]">
                <include>PulseBasicVisible</include>
            </animation>
            <posx>200</posx>
            <posy>970</posy>
            <height>40</height>
            <width>1520</width>
            <align>center</align>
            <font>InfoDetailsFont</font>
            <include>TextColor_MainColor</include>
            <scroll>false</scroll>
            <label>$VAR[Fanart_Details]</label>
        </control>
        <control type="grouplist">
            <visible>[Container.Content(musicvideos) | Container.Content(movies)| Container.Content(episodes)|Container.Content(sets)]</visible>
            <animation type="Conditional" pulse="true" reversible="false" condition="[Container.Content(musicvideos) | Container.Content(movies)| Container.Content(episodes)|Container.Content(sets)]">
                <include>PulseBasicHidden</include>
            </animation>
            <posx>TextMargin</posx>
            <posy>965</posy>
            <width>1820</width>
            <height>60</height>
            <itemgap>10</itemgap>
            <orientation>horizontal</orientation>
            <align>center</align>
            <aligny>center</aligny>
            <include name="CodecsShowcase">
                <param name="colordiffuse" value="$VAR[Picked.Theme.Color]"/>
                <param name="TextColor" value="TextColor_MainColor"/>
            </include>
        </control>
    </include>
    <include name="FooterInfo">
        <control type="group">
            <include condition="Skin.HasSetting(plexbmc)">PlexbmcFixTrick</include>
            <control type="group">
                <include>NowPlayingSlideEffect</include>
                <include>OpenClose</include>
                <control type="group">
                    <include>Facade_Fade</include>
                    <visible>Control.hasfocus(505050)|Control.isvisible(54)</visible>
                    <control type="group">
                        <!--<visible>![StringCompare(ListItem.Label,..)]</visible>-->
                        <control type="image">
                            <posx>0</posx>
                            <posy>841</posy>
                            <width>1920</width>
                            <height>237</height>
                            <texture border="56">common/background_strip_horizontal_mini.png</texture>
                        </control>
                        <include name="ProgressBar">
                            <param name="id" value="0"/>
                            <param name="visible" value="Window.IsActive(DialogPVRChannelsOSD.xml)|Window.IsActive(MyPVRChannels.xml)"/>
                            <param name="x" value="0"/>
                            <param name="y" value="891"/>
                            <param name="width" value="1920"/>
                            <param name="height" value="137"/>
                            <param name="texturebg" value="common/osd_progress_dummy.png"/>
                            <param name="gfx" value="OSD/osd_progress.png"/>
                            <param name="border" value="1,1,1,1"/>
                            <param name="info" value="ListItem.Progress"/>
                        </include>
                        <include name="ProgressBar">
                            <param name="id" value="0"/>
                            <param name="visible" value="IntegerGreaterThan(ListItem.PercentPlayed,0)"/>
                            <param name="x" value="0"/>
                            <param name="y" value="891"/>
                            <param name="width" value="1920"/>
                            <param name="height" value="137"/>
                            <param name="texturebg" value="common/osd_progress_dummy.png"/>
                            <param name="gfx" value="OSD/osd_progress.png"/>
                            <param name="border" value="1,1,1,1"/>
                            <param name="info" value="ListItem.PercentPlayed"/>
                        </include>
                        <include name="ClearArtLogo">
                            <param name="x" value="0"/>
                            <param name="y" value="742"/>
                            <param name="width" value="1920"/>
                            <param name="height" value="150"/>
                            <param name="visible" value="true"/>
                            <param name="align" value="center"/>
                            <param name="aligny" value="bottom"/>
                        </include>
                        <include>InfoData</include>
                    </control>
                </control>
            </control>
        </control>
    </include>
    <include name="FooterInfo_ExtendedInfo">
        <control type="group">
            <include condition="Skin.HasSetting(plexbmc)">PlexbmcFixTrick</include>
            <control type="group">
                <include>NowPlayingSlideEffect</include>
                <include>OpenClose</include>
                <control type="group">
                    <include>Facade_Fade</include>
                    <visible>Control.hasfocus(505050)|Control.isvisible(54)</visible>
                    <control type="group">
                        <control type="image">
                            <posx>0</posx>
                            <posy>841</posy>
                            <width>1920</width>
                            <height>237</height>
                            <texture border="56">common/background_strip_horizontal_mini.png</texture>
                        </control>
                        <control type="label">
                            <animation effect="slide" time="0" start="0,0" end="0,25" condition="IsEmpty(control.getlabel(45742))">Conditional</animation>
                            <posx>TextMargin</posx>
                            <posy>905</posy>
                            <width>1820</width>
                            <aligny>top</aligny>
                            <font>InfoTitleFont</font>
                            <align>center</align>
                            <textcolor>AlternateColor</textcolor>
                            <scroll>true</scroll>
                            <label>$INFO[Container(500).ListItem.Label]</label>
                        </control>
                        <control type="group" id="45741">
                            <control type="group">
                                <visible>!IsEmpty(Container(500).ListItem.RatingAndVotes)</visible>
                                <include>Icon_Fade</include>
                                <include name="Stars">
                                    <param name="x" value="1830"/>
                                    <param name="y" value="968"/>
                                    <param name="color" value="alternate"/>
                                </include>
                                <control type="label">
                                    <posx>1810</posx>
                                    <posy>970</posy>
                                    <height>40</height>
                                    <width>1120</width>
                                    <align>right</align>
                                    <font>InfoDetailsFont</font>
                                    <include>TextColor_MainColor</include>
                                    <scroll>false</scroll>
                                    <label fallback="0.0">$INFO[Container(500).ListItem.Rating]</label>
                                </control>
                            </control>
                            <control type="label">
                                <posx>TextMargin</posx>
                                <posy>970</posy>
                                <height>40</height>
                                <width>150</width>
                                <font>InfoDetailsFont</font>
                                <include>TextColor_MainColor</include>
                                <scroll>false</scroll>
                                <label>$INFO[Container(500).ListItem.Year]</label>
                            </control>
                        </control>
                        <control type="label" id="45742">
                            <posx>200</posx>
                            <posy>970</posy>
                            <height>40</height>
                            <width>1520</width>
                            <align>center</align>
                            <font>InfoDetailsFont</font>
                            <include>TextColor_MainColor</include>
                            <scroll>false</scroll>
                            <label>$VAR[Fanart_Details]</label>
                        </control>
                    </control>
                </control>
            </control>
        </control>
    </include>
    <include name="Info_57_58_59_Showcase">
        <control type="group">
            <include condition="Skin.HasSetting(plexbmc)">PlexbmcFixTrick</include>
            <control type="group">
                <include>Facade_Fade</include>
                <visible>Control.isvisible(59)|Control.isvisible(58)|Control.isvisible(57)</visible>
                <control type="group">
                    <!--<visible>![StringCompare(ListItem.Label,..)]</visible>-->
                    <control type="image">
                        <posx>0</posx>
                        <posy>836</posy>
                        <width>1920</width>
                        <height>247</height>
                        <texture border="56">common/background_strip_horizontal_text.png</texture>
                    </control>
                    <include name="ProgressBar">
                        <param name="id" value="0"/>
                        <param name="visible" value="Window.IsActive(DialogPVRChannelsOSD.xml)|Window.IsActive(MyPVRChannels.xml)"/>
                        <param name="x" value="0"/>
                        <param name="y" value="891"/>
                        <param name="width" value="1920"/>
                        <param name="height" value="137"/>
                        <param name="texturebg" value="common/osd_progress_dummy.png"/>
                        <param name="gfx" value="OSD/osd_progress.png"/>
                        <param name="border" value="1,1,1,1"/>
                        <param name="info" value="ListItem.Progress"/>
                    </include>
                    <include name="ProgressBar">
                        <param name="id" value="0"/>
                        <param name="visible" value="IntegerGreaterThan(ListItem.PercentPlayed,0)"/>
                        <param name="x" value="0"/>
                        <param name="y" value="891"/>
                        <param name="width" value="1920"/>
                        <param name="height" value="137"/>
                        <param name="texturebg" value="common/osd_progress_dummy.png"/>
                        <param name="gfx" value="OSD/osd_progress.png"/>
                        <param name="border" value="1,1,1,1"/>
                        <param name="info" value="ListItem.PercentPlayed"/>
                    </include>
                    <control type="group">
                        <visible>Control.isvisible(54)</visible>
                        <include name="ClearArtLogo">
                            <param name="x" value="0"/>
                            <param name="y" value="742"/>
                            <param name="width" value="1920"/>
                            <param name="height" value="150"/>
                            <param name="visible" value="true"/>
                            <param name="align" value="center"/>
                            <param name="aligny" value="bottom"/>
                        </include>
                    </control>
                    <include>InfoData</include>
                </control>
            </control>
        </control>
    </include>
    <include name="View_57_58_59_Showcase">
        <control type="group">
            <visible>Control.IsVisible(59)</visible>
            <include>Facade_Fade</include>
            <control type="image">
                <posx>0</posx>
                <posy>352</posy>
                <width>2130</width>
                <height>726</height>
                <texture border="51">common/background_strip_horizontal.png</texture>
            </control>
            <control type="fixedlist" id="59">
                <visible>[container.content(MusicVideos) + Window.IsActive(myvideonav.xml)] | Container.content(actors) | container.content(movies) | container.content(sets) | container.content(tvshows) | container.content(seasons)</visible>
                <posx>-210</posx>
                <posy>320</posy>
                <width>2340</width>
                <height>540</height>
                <onleft>59</onleft>
                <onright>59</onright>
                <onup>505050</onup>
                <ondown>609</ondown>
                <viewtype label="31018">Cover Wrap</viewtype>
                <pagecontrol>609</pagecontrol>
                <orientation>horizontal</orientation>
                <focusposition>4</focusposition>
                <movement>0</movement>
                <preloaditems>4</preloaditems>
                <itemlayout height="540" width="260">
                    <include name="ThumbsImages">
                        <param name="visible" value="true"/>
                        <param name="x" value="0"/>
                        <param name="y" value="130"/>
                        <param name="width" value="260"/>
                        <param name="height" value="390"/>
                        <param name="aspectratio" value="scale"/>
                        <param name="align" value="center"/>
                        <param name="aligny" value="center"/>
                        <param name="flipy" value="false"/>
                    </include>
                    <control type="image">
                        <posx>0</posx>
                        <posy>130</posy>
                        <width>260</width>
                        <height>390</height>
                        <include>NoFocusedThumb</include>
                        <texture>common/BlackDot.png</texture>
                    </control>
                    <include name="WatchedRecOverlay">
                        <param name="x" value="0"/>
                        <param name="y" value="130"/>
                        <param name="width" value="50"/>
                        <param name="height" value="50"/>
                        <param name="transparency" value="50"/>
                    </include>
                </itemlayout>
                <focusedlayout height="540" width="260">
                    <control type="group">
                        <include>ButtonFocusAnimation</include>
                        <!-- CDART VIDEO -->
                        <include name="DiscArt">
                            <param name="visible" value="!StringCompare(ListItem.Label,..)+!IsEmpty(ListItem.Thumb)+[Container.content(movies)|Container.content(MusicVideos)]"/>
                            <param name="x" value="10"/>
                            <param name="y" value="10"/>
                            <param name="width" value="240"/>
                            <param name="height" value="240"/>
                            <param name="texture" value="$VAR[VideoCdArt]"/>
                            <param name="visibleShadow" value="true"/>
                            <param name="xShadow" value="0"/>
                            <param name="yShadow" value="115"/>
                            <param name="widthShadow" value="260"/>
                            <param name="flipyShadow" value="false"/>
                        </include>
                        <include name="ThumbsImages">
                            <param name="visible" value="true"/>
                            <param name="x" value="0"/>
                            <param name="y" value="130"/>
                            <param name="width" value="260"/>
                            <param name="height" value="390"/>
                            <param name="aspectratio" value="scale"/>
                            <param name="align" value="center"/>
                            <param name="aligny" value="center"/>
                            <param name="flipy" value="false"/>
                        </include>
                        <control type="image">
                            <posx>0</posx>
                            <posy>130</posy>
                            <width>260</width>
                            <height>390</height>
                            <colordiffuse>$VAR[Picked.Theme.Color]</colordiffuse>
                            <texture border="1,50,1,50">common/frame_focus.png</texture>
                            <aspectratio>stretch</aspectratio>
                        </control>
                        <include name="WatchedRecOverlay">
                            <param name="x" value="0"/>
                            <param name="y" value="130"/>
                            <param name="width" value="50"/>
                            <param name="height" value="50"/>
                            <param name="transparency" value="100"/>
                        </include>
                    </control>
                </focusedlayout>
            </control>
            <control type="button">
                <posx>0</posx>
                <posy>300</posy>
                <width>830</width>
                <height>640</height>
                <texturefocus>-</texturefocus>
                <texturenofocus>-</texturenofocus>
                <onclick>Control.Move(59,-1)</onclick>
            </control>
            <control type="button">
                <posx>1090</posx>
                <posy>300</posy>
                <width>830</width>
                <height>640</height>
                <texturefocus>-</texturefocus>
                <texturenofocus>-</texturenofocus>
                <onclick>Control.Move(59,1)</onclick>
            </control>
            <control type="scrollbar" id="609">
                <posx>0</posx>
                <posy>891</posy>
                <width>1920</width>
                <include>HorizontalScroller</include>
                <onup>59</onup>
                <ondown>9000</ondown>
            </control>
            <include name="ClearArtLogo">
                <param name="x" value="430r"/>
                <param name="y" value="252"/>
                <param name="width" value="380"/>
                <param name="height" value="150"/>
                <param name="visible" value="true"/>
                <param name="align" value="right"/>
                <param name="aligny" value="bottom"/>
            </include>
            <include name="StudioArt">
                <param name="x" value="50"/>
                <param name="y" value="252"/>
                <param name="width" value="380"/>
                <param name="height" value="150"/>
                <param name="visible" value="true"/>
                <param name="align" value="left"/>
                <param name="aligny" value="bottom"/>
            </include>
        </control>
        <control type="group">
            <visible>Control.IsVisible(58)</visible>
            <include>Facade_Fade</include>
            <control type="image">
                <posx>0</posx>
                <posy>372</posy>
                <width>2130</width>
                <height>706</height>
                <texture border="51">common/background_strip_horizontal.png</texture>
            </control>
            <control type="fixedlist" id="58">
                <visible>![[container.content(MusicVideos) + Window.IsActive(myvideonav.xml)] | Container.content(actors) | container.content(movies) | container.content(sets) | container.content(tvshows) | container.content(seasons) | container.content(episodes)]</visible>
                <posx>-335</posx>
                <posy>280</posy>
                <width>2255</width>
                <height>560</height>
                <onleft>58</onleft>
                <onright>58</onright>
                <onup>505050</onup>
                <ondown>608</ondown>
                <viewtype label="31018">Cover Wrap</viewtype>
                <pagecontrol>608</pagecontrol>
                <orientation>horizontal</orientation>
                <focusposition>3</focusposition>
                <movement>0</movement>
                <preloaditems>4</preloaditems>
                <itemlayout height="560" width="370">
                    <include name="ThumbsImages">
                        <param name="visible" value="true"/>
                        <param name="x" value="0"/>
                        <param name="y" value="190"/>
                        <param name="width" value="370"/>
                        <param name="height" value="370"/>
                        <param name="aspectratio" value="scale"/>
                        <param name="align" value="center"/>
                        <param name="aligny" value="center"/>
                        <param name="flipy" value="false"/>
                    </include>
                    <control type="image">
                        <posx>0</posx>
                        <posy>190</posy>
                        <width>370</width>
                        <height>370</height>
                        <include>NoFocusedThumb</include>
                        <texture>common/BlackDot.png</texture>
                    </control>
                    <include name="WatchedRecOverlay">
                        <param name="x" value="0"/>
                        <param name="y" value="190"/>
                        <param name="width" value="50"/>
                        <param name="height" value="50"/>
                        <param name="transparency" value="50"/>
                    </include>
                </itemlayout>
                <focusedlayout height="560" width="370">
                    <control type="group">
                        <include>ButtonFocusAnimation</include>
                        <!-- CDART MUSIC -->
                        <include name="DiscArt">
                            <param name="visible" value="!StringCompare(ListItem.Label,..)+!IsEmpty(ListItem.Thumb)+[Container.content(songs)|Container.content(albums)]"/>
                            <param name="x" value="10"/>
                            <param name="y" value="10"/>
                            <param name="width" value="350"/>
                            <param name="height" value="350"/>
                            <param name="texture" value="$VAR[MusicCdArt]"/>
                            <param name="visibleShadow" value="true"/>
                            <param name="xShadow" value="0"/>
                            <param name="yShadow" value="165"/>
                            <param name="widthShadow" value="370"/>
                            <param name="flipyShadow" value="false"/>
                        </include>
                        <include name="ThumbsImages">
                            <param name="visible" value="true"/>
                            <param name="x" value="0"/>
                            <param name="y" value="190"/>
                            <param name="width" value="370"/>
                            <param name="height" value="370"/>
                            <param name="aspectratio" value="scale"/>
                            <param name="align" value="center"/>
                            <param name="aligny" value="center"/>
                            <param name="flipy" value="false"/>
                        </include>
                        <control type="image">
                            <posx>0</posx>
                            <posy>190</posy>
                            <width>370</width>
                            <height>370</height>
                            <colordiffuse>$VAR[Picked.Theme.Color]</colordiffuse>
                            <texture border="1,50,1,50">common/frame_focus.png</texture>
                            <aspectratio>stretch</aspectratio>
                        </control>
                        <include name="WatchedRecOverlay">
                            <param name="x" value="0"/>
                            <param name="y" value="190"/>
                            <param name="width" value="50"/>
                            <param name="height" value="50"/>
                            <param name="transparency" value="100"/>
                        </include>
                    </control>
                </focusedlayout>
            </control>
            <control type="button">
                <posx>0</posx>
                <posy>280</posy>
                <width>775</width>
                <height>660</height>
                <texturefocus>-</texturefocus>
                <texturenofocus>-</texturenofocus>
                <onclick>Control.Move(58,-1)</onclick>
            </control>
            <control type="button">
                <posx>775r</posx>
                <posy>250</posy>
                <width>775</width>
                <height>660</height>
                <texturefocus>-</texturefocus>
                <texturenofocus>-</texturenofocus>
                <onclick>Control.Move(58,1)</onclick>
            </control>
            <control type="scrollbar" id="608">
                <posx>0</posx>
                <posy>891</posy>
                <width>1920</width>
                <include>HorizontalScroller</include>
                <onup>58</onup>
                <ondown>9000</ondown>
            </control>
            <include name="ClearArtLogo">
                <param name="x" value="430r"/>
                <param name="y" value="272"/>
                <param name="width" value="380"/>
                <param name="height" value="150"/>
                <param name="visible" value="true"/>
                <param name="align" value="right"/>
                <param name="aligny" value="bottom"/>
            </include>
            <include name="StudioArt">
                <param name="x" value="50"/>
                <param name="y" value="272"/>
                <param name="width" value="380"/>
                <param name="height" value="150"/>
                <param name="visible" value="true"/>
                <param name="align" value="left"/>
                <param name="aligny" value="bottom"/>
            </include>
        </control>
        <control type="group">
            <visible>Control.IsVisible(57)</visible>
            <include>Facade_Fade</include>
            <control type="image">
                <posx>0</posx>
                <posy>462</posy>
                <width>2130</width>
                <height>616</height>
                <texture border="51">common/background_strip_horizontal.png</texture>
            </control>
            <control type="fixedlist" id="57">
                <visible>container.content(episodes)</visible>
                <posx>-290</posx>
                <posy>560</posy>
                <width>2340</width>
                <height>520</height>
                <onleft>57</onleft>
                <onright>57</onright>
                <onup>505050</onup>
                <ondown>607</ondown>
                <viewtype label="31018">Cover Wrap</viewtype>
                <pagecontrol>607</pagecontrol>
                <orientation>horizontal</orientation>
                <focusposition>2</focusposition>
                <movement>0</movement>
                <preloaditems>4</preloaditems>
                <itemlayout height="280" width="500">
                    <include name="ThumbsImages">
                        <param name="visible" value="true"/>
                        <param name="x" value="0"/>
                        <param name="y" value="0"/>
                        <param name="width" value="500"/>
                        <param name="height" value="280"/>
                        <param name="aspectratio" value="scale"/>
                        <param name="align" value="center"/>
                        <param name="aligny" value="center"/>
                        <param name="flipy" value="false"/>
                    </include>
                    <control type="image">
                        <posx>0</posx>
                        <posy>0</posy>
                        <width>500</width>
                        <height>280</height>
                        <include>NoFocusedThumb</include>
                        <texture>common/BlackDot.png</texture>
                    </control>
                    <include name="WatchedRecOverlay">
                        <param name="x" value="0"/>
                        <param name="y" value="0"/>
                        <param name="width" value="50"/>
                        <param name="height" value="50"/>
                        <param name="transparency" value="50"/>
                    </include>
                </itemlayout>
                <focusedlayout height="280" width="500">
                    <control type="group">
                        <include>ButtonFocusAnimation</include>
                        <include name="ThumbsImages">
                            <param name="visible" value="true"/>
                            <param name="x" value="0"/>
                            <param name="y" value="0"/>
                            <param name="width" value="500"/>
                            <param name="height" value="280"/>
                            <param name="aspectratio" value="scale"/>
                            <param name="align" value="center"/>
                            <param name="aligny" value="center"/>
                            <param name="flipy" value="false"/>
                        </include>
                        <control type="image">
                            <posx>0</posx>
                            <posy>0</posy>
                            <width>500</width>
                            <height>280</height>
                            <colordiffuse>$VAR[Picked.Theme.Color]</colordiffuse>
                            <texture border="1,50,1,50">common/frame_focus.png</texture>
                            <aspectratio>stretch</aspectratio>
                        </control>
                        <include name="WatchedRecOverlay">
                            <param name="x" value="0"/>
                            <param name="y" value="0"/>
                            <param name="width" value="50"/>
                            <param name="height" value="50"/>
                            <param name="transparency" value="100"/>
                        </include>
                    </control>
                </focusedlayout>
            </control>
            <control type="button">
                <posx>710r</posx>
                <posy>560</posy>
                <width>710</width>
                <height>520</height>
                <texturefocus>-</texturefocus>
                <texturenofocus>-</texturenofocus>
                <onclick>Control.Move(57,1)</onclick>
            </control>
            <control type="button">
                <posx>0</posx>
                <posy>560</posy>
                <width>710</width>
                <height>520</height>
                <texturefocus>-</texturefocus>
                <texturenofocus>-</texturenofocus>
                <onclick>Control.Move(57,-1)</onclick>
            </control>
            <control type="scrollbar" id="607">
                <posx>0</posx>
                <posy>891</posy>
                <width>1920</width>
                <include>HorizontalScroller</include>
                <onup>57</onup>
                <ondown>9000</ondown>
            </control>
            <include name="ClearArtLogo">
                <param name="x" value="430r"/>
                <param name="y" value="362"/>
                <param name="width" value="380"/>
                <param name="height" value="150"/>
                <param name="visible" value="true"/>
                <param name="align" value="right"/>
                <param name="aligny" value="bottom"/>
            </include>
            <include name="StudioArt">
                <param name="x" value="50"/>
                <param name="y" value="362"/>
                <param name="width" value="380"/>
                <param name="height" value="150"/>
                <param name="visible" value="true"/>
                <param name="align" value="left"/>
                <param name="aligny" value="bottom"/>
            </include>
        </control>
    </include>
    <include name="View_57_58_59_Showcase_PVR">
        <control type="group">
            <visible>Control.IsVisible(58)</visible>
            <include>Facade_Fade</include>
            <posy>93</posy>
            <control type="image">
                <posx>0</posx>
                <posy>372</posy>
                <width>2130</width>
                <height>706</height>
                <texture border="51">common/background_strip_horizontal.png</texture>
            </control>
            <control type="fixedlist" id="58">
                <posx>-335</posx>
                <posy>280</posy>
                <width>2255</width>
                <height>560</height>
                <onleft>58</onleft>
                <onright>58</onright>
                <onup>505050</onup>
                <ondown>608</ondown>
                <viewtype label="31018">Cover Wrap</viewtype>
                <pagecontrol>608</pagecontrol>
                <orientation>horizontal</orientation>
                <focusposition>3</focusposition>
                <movement>0</movement>
                <preloaditems>4</preloaditems>
                <itemlayout height="560" width="370">
                    <include name="ThumbsImages">
                        <param name="visible" value="true"/>
                        <param name="x" value="0"/>
                        <param name="y" value="190"/>
                        <param name="width" value="370"/>
                        <param name="height" value="277"/>
                        <param name="aspectratio" value="scale"/>
                        <param name="align" value="center"/>
                        <param name="aligny" value="center"/>
                        <param name="flipy" value="false"/>
                    </include>
                    <control type="image">
                        <posx>0</posx>
                        <posy>190</posy>
                        <width>370</width>
                        <height>277</height>
                        <include>NoFocusedThumb</include>
                        <texture>common/BlackDot.png</texture>
                    </control>
                    <include name="WatchedRecOverlay">
                        <param name="x" value="0"/>
                        <param name="y" value="190"/>
                        <param name="width" value="50"/>
                        <param name="height" value="50"/>
                        <param name="transparency" value="50"/>
                    </include>
                </itemlayout>
                <focusedlayout height="560" width="370">
                    <control type="group">
                        <include>ButtonFocusAnimation</include>
                        <include name="ThumbsImages">
                            <param name="visible" value="true"/>
                            <param name="x" value="0"/>
                            <param name="y" value="190"/>
                            <param name="width" value="370"/>
                            <param name="height" value="277"/>
                            <param name="aspectratio" value="scale"/>
                            <param name="align" value="center"/>
                            <param name="aligny" value="center"/>
                            <param name="flipy" value="false"/>
                        </include>
                        <control type="image">
                            <posx>0</posx>
                            <posy>190</posy>
                            <width>370</width>
                            <height>277</height>
                            <colordiffuse>$VAR[Picked.Theme.Color]</colordiffuse>
                            <texture border="1,50,1,50">common/frame_focus.png</texture>
                            <aspectratio>stretch</aspectratio>
                        </control>
                        <include name="WatchedRecOverlay">
                            <param name="x" value="0"/>
                            <param name="y" value="190"/>
                            <param name="width" value="50"/>
                            <param name="height" value="50"/>
                            <param name="transparency" value="100"/>
                        </include>
                    </control>
                </focusedlayout>
            </control>
            <control type="button">
                <posx>0</posx>
                <posy>280</posy>
                <width>775</width>
                <height>660</height>
                <texturefocus>-</texturefocus>
                <texturenofocus>-</texturenofocus>
                <onclick>Control.Move(58,-1)</onclick>
            </control>
            <control type="button">
                <posx>775r</posx>
                <posy>250</posy>
                <width>775</width>
                <height>660</height>
                <texturefocus>-</texturefocus>
                <texturenofocus>-</texturenofocus>
                <onclick>Control.Move(58,1)</onclick>
            </control>
            <control type="scrollbar" id="608">
                <posx>0</posx>
                <posy>798</posy>
                <width>1920</width>
                <include>HorizontalScroller</include>
                <onup>58</onup>
                <ondown>9000</ondown>
            </control>
        </control>
    </include>
</includes>
