<?xml version="1.0" encoding="utf-8"?>
<includes>
    <include name="Info_56_BannerList">
        <control type="group">
            <visible>Control.IsVisible(56)</visible>
            <include>Facade_Fade</include>
            <control type="group">
                <posx>1010</posx>
                <posy>380</posy>
                <control type="group">
                    <visible>Window.IsVisible(script-ExtendedInfo Script-VideoList.xml)|
                        [!Container.Content(Addons)+[IntegerGreaterThan(ListItem.Rating,0)|[Container.Content(songs)+!StringCompare(ListItem.Label,..)+!Skin.HasSetting(plexbmc)]]]</visible>
                    <include name="Stars">
                        <param name="x" value="-3"/>
                        <param name="y" value="3"/>
                        <param name="color" value="alternate"/>
                    </include>
                    <control type="label">
                        <visible>![Container.Content(songs)+!StringCompare(ListItem.Label,..)+!Skin.HasSetting(plexbmc)]</visible>
                        <posx>TextMargin</posx>
                        <posy>0</posy>
                        <width>460</width>
                        <height>50</height>
                        <font>InfoRatingFont</font>
                        <include>TextColor_MainColor</include>
                        <scroll>false</scroll>
                        <label>$INFO[ListItem.RatingAndVotes]</label>
                    </control>
                    <control type="label">
                        <visible>[Container.Content(songs)+!StringCompare(ListItem.Label,..)+!Skin.HasSetting(plexbmc)]</visible>
                        <posx>TextMargin</posx>
                        <posy>0</posy>
                        <width>460</width>
                        <height>50</height>
                        <font>InfoRatingFont</font>
                        <include>TextColor_MainColor</include>
                        <scroll>false</scroll>
                        <label fallback="0.0">$INFO[ListItem.Rating,,.0]</label>
                    </control>
                </control>
                <control type="label">
                    <posx>0</posx>
                    <posy>0</posy>
                    <width>380</width>
                    <height>50</height>
                    <font>InfoDetailsFont</font>
                    <include>TextColor_MainColor</include>
                    <scroll>true</scroll>
                    <label>$VAR[DetailsRow1]</label>
                </control>
                <control type="label">
                    <posx>0</posx>
                    <posy>65</posy>
                    <width>380</width>
                    <height>50</height>
                    <font>InfoDetailsFont</font>
                    <textcolor>AlternateColor</textcolor>
                    <scroll>false</scroll>
                    <label>$VAR[DetailsRow2]</label>
                </control>
                <control type="label">
                    <posx>0</posx>
                    <posy>130</posy>
                    <width>380</width>
                    <height>50</height>
                    <font>InfoDetailsFont</font>
                    <include>TextColor_MainColor</include>
                    <scroll>false</scroll>
                    <label>$VAR[DetailsRow3]</label>
                </control>
                <control type="textbox">
                    <visible>![Skin.HasSetting(plexbmc)+Container.Content(Artists)]</visible>
                    <posx>0</posx>
                    <posy>210</posy>
                    <width>380</width>
                    <height>305</height>
                    <font>InfoPlotFont</font>
                    <textcolor>AlternateColor</textcolor>
                    <label>$VAR[Plots]</label>
                    <include>myautoscroll</include>
                </control>
                <control type="textbox">
                    <visible>Skin.HasSetting(plexbmc)+Container.Content(Artists)</visible>
                    <posx>0</posx>
                    <posy>70</posy>
                    <width>380</width>
                    <height>530</height>
                    <font>InfoPlotFont</font>
                    <textcolor>AlternateColor</textcolor>
                    <label>$VAR[Plots]</label>
                    <include>myautoscroll</include>
                </control>
                <control type="label">
                    <posx>0</posx>
                    <posy>550</posy>
                    <width>380</width>
                    <height>50</height>
                    <font>InfoDetailsFont</font>
                    <include>TextColor_MainColor</include>
                    <scroll>false</scroll>
                    <label>$VAR[DetailsRow4]</label>
                </control>
                <control type="grouplist">
                    <visible>![Window.IsActive(DialogPVRChannelsOSD.xml)|Window.IsActive(MyPVRChannels.xml)]</visible>
                    <posx>0</posx>
                    <posy>550</posy>
                    <width>380</width>
                    <height>55</height>
                    <itemgap>7</itemgap>
                    <orientation>horizontal</orientation>
                    <align>left</align>
                    <include>Codecs</include>
                </control>
            </control>
            <control type="group">
                <posx>1490</posx>
                <posy>380</posy>
                <!-- CDART MUSIC -->
                <include name="DiscArt">
                    <param name="visible" value="!StringCompare(ListItem.Label,..)+!IsEmpty(ListItem.Thumb)+[Container.content(songs)|Container.content(albums)]"/>
                    <param name="x" value="10"/>
                    <param name="y" value="200"/>
                    <param name="width" value="360"/>
                    <param name="height" value="360"/>
                    <param name="texture" value="$VAR[MusicCdArt]"/>
                    <param name="visibleShadow" value="true"/>
                    <param name="xShadow" value="0"/>
                    <param name="yShadow" value="380"/>
                    <param name="widthShadow" value="380"/>
                    <param name="flipyShadow" value="true"/>
                </include>
                <!-- CDART VIDEO -->
                <include name="DiscArt">
                    <param name="visible" value="!StringCompare(ListItem.Label,..)+!IsEmpty(ListItem.Thumb)+[Container.content(movies)|Container.content(MusicVideos)]"/>
                    <param name="x" value="30"/>
                    <param name="y" value="350"/>
                    <param name="width" value="320"/>
                    <param name="height" value="320"/>
                    <param name="texture" value="$VAR[VideoCdArt]"/>
                    <param name="visibleShadow" value="true"/>
                    <param name="xShadow" value="20"/>
                    <param name="yShadow" value="510"/>
                    <param name="widthShadow" value="340"/>
                    <param name="flipyShadow" value="true"/>
                </include>
                <include name="ThumbsImages">
                    <param name="visible" value="[Container.content(actors) | Container.Content(musicvideos) | container.content(movies) | container.content(TVshows) | container.content(seasons)|Container.Content(sets)]"/>
                    <param name="x" value="20"/>
                    <param name="y" value="0"/>
                    <param name="width" value="340"/>
                    <param name="height" value="510"/>
                    <param name="aspectratio" value="scale"/>
                    <param name="align" value="center"/>
                    <param name="aligny" value="top"/>
                    <param name="flipy" value="false"/>
                </include>
                <include name="ThumbsImages">
                    <param name="visible" value="![Container.content(actors) | Container.Content(musicvideos) | container.content(movies) | container.content(TVshows) | container.content(seasons)|Container.Content(sets)]"/>
                    <param name="x" value="0"/>
                    <param name="y" value="0"/>
                    <param name="width" value="380"/>
                    <param name="height" value="600"/>
                    <param name="aspectratio" value="keep"/>
                    <param name="align" value="center"/>
                    <param name="aligny" value="top"/>
                    <param name="flipy" value="false"/>
                </include>
            </control>
        </control>
    </include>
    <include name="BannerList_Layout">
        <itemlayout height="150" width="910">
            <include name="BannersImages">
                <param name="visible" value="![Container.Content(episodes)|Container.Content(seasons)]"/>
                <param name="x" value="0"/>
                <param name="y" value="0"/>
                <param name="width" value="910"/>
                <param name="height" value="150"/>
                <param name="aspectratio" value="scale"/>
                <param name="align" value="center"/>
                <param name="aligny" value="center"/>
            </include>
            <control type="image">
                <visible>![Container.Content(episodes)|Container.Content(seasons)]</visible>
                <posx>0</posx>
                <posy>0</posy>
                <width>910</width>
                <height>150</height>
                <include>NoFocusedThumb</include>
                <texture>common/BlackDot.png</texture>
            </control>
            <control type="label">
                <posx>TextMargin</posx>
                <height>150</height>
                <width>810</width>
                <font>FacadeListMainFont</font>
                <textcolor>NoFocusedColor</textcolor>
                <label>$VAR[BannerText]</label>
            </control>
            <include name="WatchedRecOverlay">
                <param name="x" value="0"/>
                <param name="y" value="0"/>
                <param name="width" value="50"/>
                <param name="height" value="150"/>
                <param name="transparency" value="50"/>
            </include>
        </itemlayout>
        <focusedlayout height="150" width="910">
            <control type="group">
                <include>ListFocusAnimation</include>
                <include name="BannersImages">
                    <param name="visible" value="![Container.Content(episodes)|Container.Content(seasons)]"/>
                    <param name="x" value="0"/>
                    <param name="y" value="0"/>
                    <param name="width" value="910"/>
                    <param name="height" value="150"/>
                    <param name="aspectratio" value="scale"/>
                    <param name="align" value="center"/>
                    <param name="aligny" value="center"/>
                </include>
                <control type="label">
                    <posx>TextMargin</posx>
                    <height>150</height>
                    <width>810</width>
                    <font>FacadeListMainFont</font>
                    <include>TextColor_MainColor</include>
                    <scroll>true</scroll>
                    <label>$VAR[BannerText]</label>
                </control>
                <control type="image">
                    <posx>0</posx>
                    <posy>0</posy>
                    <width>910</width>
                    <height>150</height>
                   
                    <texture border="1">list/bg_facade_focus2.png</texture>
                </control>
                <control type="image">
                    <posx>0</posx>
                    <posy>0</posy>
                    <width>50</width>
                    <height>150</height>
                    <texture>$VAR[Overlay]</texture>
                    <aspectratio aligny="center">keep</aspectratio>
                </control>
                <include name="WatchedRecOverlay">
                    <param name="x" value="0"/>
                    <param name="y" value="0"/>
                    <param name="width" value="50"/>
                    <param name="height" value="150"/>
                    <param name="transparency" value="100"/>
                </include>
            </control>
        </focusedlayout>
    </include>
    <include name="View_56_BannerList">
        <control type="group">
            <visible>Control.IsVisible(56)</visible>
            <include>Facade_Fade</include>
            <control type="group">
                <control type="image">
                    <posx>0</posx>
                    <posy>280</posy>
                    <width>1920</width>
                    <height>800</height>
                    <texture border="51">common/background_strip_horizontal.png</texture>
                </control>
                <control type="image">
                    <posx>0</posx>
                    <posy>330</posy>
                    <width>50</width>
                    <height>700</height>
                    <texture border="1">common/background_strip_horizontal_left.png</texture>
                </control>
                <control type="image">
                    <posx>1440</posx>
                    <posy>330</posy>
                    <width>480</width>
                    <height>700</height>
                    <texture border="1">common/background_strip_horizontal_right.png</texture>
                </control>
                <control type="image">
                    <posx>960</posx>
                    <posy>330</posy>
                    <width>480</width>
                    <height>700</height>
                    <texture border="1">common/background_strip_horizontal_right.png</texture>
                </control>
                <control type="list" id="56">
                    <viewtype label="31094">Banner List</viewtype>
                    <posx>TextMargin</posx>
                    <posy>380</posy>
                    <width>910</width>
                    <height>600</height>
                    <onleft>9000</onleft>
                    <onright>60</onright>
                    <onup>56</onup>
                    <ondown>56</ondown>
                    <pagecontrol>60</pagecontrol>
                    <preloaditems>4</preloaditems>
                    <include>BannerList_Layout</include>
                </control>
            </control>
            <control type="scrollbar" id="60">
                <posx>910</posx>
                <posy>380</posy>
                <height>600</height>
                <include>VerticalScroller</include>
                <onleft>56</onleft>
                <onright>505050</onright>
            </control>
            <include name="ClearArtLogo">
                <param name="x" value="430r"/>
                <param name="y" value="180"/>
                <param name="width" value="380"/>
                <param name="height" value="150"/>
                <param name="visible" value="!Player.HasMedia"/>
                <param name="align" value="center"/>
                <param name="aligny" value="bottom"/>
            </include>
            <include name="StudioArt">
                <param name="x" value="1010"/>
                <param name="y" value="180"/>
                <param name="width" value="380"/>
                <param name="height" value="150"/>
                <param name="visible" value="!Player.HasMedia"/>
                <param name="align" value="center"/>
                <param name="aligny" value="bottom"/>
            </include>
        </control>
    </include>
</includes>
