<?xml version="1.0" encoding="UTF-8"?>
<!-- Aeon MQ 5 -->
<!-- Jarvis 8.1.15 -->

<window id="142">
	<defaultcontrol>-</defaultcontrol>
	<controls>
		<control type="group">
			<animation effect="slide" time="400" start="0,-250" end="0,0" easing="inout" tween="cubic">WindowOpen</animation>
			<animation effect="slide" time="400" start="0,-250" end="0,0" easing="inout" tween="cubic">Visible</animation>
			<animation effect="slide" time="400" start="0,0" end="0,-250" easing="inout" tween="cubic">WindowClose</animation>
			<animation effect="slide" time="400" start="0,0" end="0,-250" easing="inout" tween="cubic">Hidden</animation>
			<visible>![Skin.HasSetting(novideofurniture) | Window.IsActive(SubtitleSearch) | Window.IsActive(pvrosdguide) | Window.IsActive(pvrosdchannels) | Window.IsActive(123) | Window.IsActive(124)]</visible>
			<control type="image" id="9924"><!-- Studio icons -->
				<include>InvisibleButton</include>
				<texture>$VAR[value_studiosicon]</texture>
			</control>
			<control type="image">
				<posx>0</posx>
				<posy>0</posy>
				<height>150</height>
				<width>1280</width>
				<texture flipy="true">shadow_mask.png</texture>
				<colordiffuse>E4000000</colordiffuse>
			</control>
			<control type="label"><!-- Title -->
				<posx>30</posx>
				<posy>8</posy>
				<width>1100</width>
				<height>40</height>
				<font>Font_40</font>
				<label>$VAR[value_videoosdtitle]</label>
				<textcolor>FFFFFAF0</textcolor>
				<scroll>true</scroll>
				<scrollout>false</scrollout>
			</control>
			<control type="label">
				<posx>30</posx>
				<posy>55</posy>
				<width>1100</width>
				<height>25</height>
				<font>Font_18A</font>
				<label>$VAR[value_videoosdtag]</label>
				<textcolor>90FFFFFF</textcolor>
				<scroll>true</scroll>
				<scrollout>false</scrollout>
			</control>
			<control type="image"><!-- Star -->
				<posx>1100</posx>
				<posy>5</posy>
				<width>73</width>
				<height>73</height>
				<align>center</align>
				<aligny>center</aligny>
				<texture>star.png</texture>
				<colordiffuse>FFFFFF40</colordiffuse>
				<visible>!IsEmpty(VideoPlayer.UserRating) + !VideoPlayer.Content(LiveTV)</visible>
			</control>
			<control type="label">
				<posx>1106</posx>
				<posy>15</posy>
				<width>60</width>
				<height>60</height>
				<align>center</align>
				<aligny>center</aligny>
				<font>Font_18A</font>
				<label>[B]$INFO[VideoPlayer.UserRating][/B]</label>
				<textcolor>FF101010</textcolor>
				<visible>!IsEmpty(VideoPlayer.UserRating) + !VideoPlayer.Content(LiveTV)</visible>
			</control>
			<control type="image"><!-- Star -->
				<posx>1179</posx>
				<posy>10</posy>
				<width>73</width>
				<height>73</height>
				<align>center</align>
				<aligny>center</aligny>
				<texture>star.png</texture>
				<colordiffuse>FFFFFAF0</colordiffuse>
				<visible>!VideoPlayer.Content(LiveTV)</visible>
			</control>
			<control type="label">
				<posx>1185</posx>
				<posy>20</posy>
				<width>60</width>
				<height>60</height>
				<align>center</align>
				<aligny>center</aligny>
				<font>Font_18A</font>
				<label>[B]$INFO[VideoPlayer.Rating][/B]</label>
				<textcolor>FF101010</textcolor>
				<visible>!VideoPlayer.Content(LiveTV)</visible>
			</control>
		</control>

		<control type="group">
			<animation effect="slide" time="400" start="0,800" end="0,0" easing="out" tween="cubic">WindowOpen</animation>
			<animation effect="slide" time="400" start="0,800" end="0,0" easing="out" tween="cubic">Visible</animation>
			<animation effect="slide" time="400" start="0,0" end="0,800" easing="in" tween="cubic">WindowClose</animation>
			<animation effect="slide" time="400" start="0,0" end="0,800" easing="in" tween="cubic">Hidden</animation>
			<visible>![Window.IsActive(SubtitleSearch) | Window.IsActive(pvrosdguide) | Window.IsActive(pvrosdchannels) | Window.IsActive(123) | Window.IsActive(124)]</visible>
			<control type="image">
				<posx>0</posx>
				<posy>550</posy>
				<height>170</height>
				<width>1280</width>
				<texture>shadow_mask.png</texture>
				<colordiffuse>E4000000</colordiffuse>
			</control>
			<control type="group">
				<animation effect="slide" start="0,0" end="0,-25" time="300" tween="cubic" easing="out" condition="Player.Forwarding">Conditional</animation>
				<control type="progress" id="23">
					<posx>20</posx>
					<posy>664</posy>
					<width>250</width>
					<height>10</height>
					<info>Player.Progress</info>
				</control>
				<control type="label">
					<posx>30</posx>
					<posy>680</posy>
					<width>230</width>
					<height>25</height>
					<font>Font_23</font>
					<align>center</align>
					<textcolor>FFFFFAF0</textcolor>
					<label>$INFO[VideoPlayer.Time] / $INFO[VideoPlayer.Duration]</label>
				</control>
			</control>
			<control type="group">
				<animation effect="slide" start="0,0" end="0,-25" time="300" tween="cubic" easing="out" condition="Player.Rewinding">Conditional</animation>
				<control type="label"><!-- Hora atual -->
					<posx>1000</posx>
					<posy>664</posy>
					<width>120</width>
					<height>25</height>
					<align>right</align>
					<font>Font_15</font>
					<textcolor>$VAR[value_headercolor]</textcolor>
					<label>31310</label>
				</control>
				<control type="label">
					<posx>1000</posx>
					<posy>680</posy>
					<width>120</width>
					<height>25</height>
					<align>right</align>
					<font>Font_23</font>
					<textcolor>FFFFFAF0</textcolor>
					<label>$INFO[System.Time]</label>
				</control>
				<control type="image">
					<posx>1014</posx>
					<posy>665</posy>
					<height>40</height>
					<width>1</width>
					<texture>line_v.png</texture>
				</control>
				<control type="label"><!-- Tempo restante -->
					<posx>1125</posx>
					<posy>664</posy>
					<width>120</width>
					<height>25</height>
					<align>right</align>
					<font>Font_15</font>
					<textcolor>$VAR[value_headercolor]</textcolor>
					<label>31991</label>
				</control>
				<control type="label">
					<posx>1125</posx>
					<posy>680</posy>
					<width>120</width>
					<height>25</height>
					<align>right</align>
					<font>Font_23</font>
					<textcolor>FFFFFAF0</textcolor>
					<label>$INFO[Player.TimeRemaining]</label>
				</control>
				<control type="image">
					<posx>1139</posx>
					<posy>665</posy>
					<height>40</height>
					<width>1</width>
					<texture>line_v.png</texture>
				</control>
				<control type="label"><!-- Hora do termino -->
					<posx>1250</posx>
					<posy>664</posy>
					<width>120</width>
					<height>25</height>
					<align>right</align>
					<font>Font_15</font>
					<textcolor>$VAR[value_headercolor]</textcolor>
					<label>31311</label>
					<scroll>true</scroll>
				</control>
				<control type="label">
					<posx>1250</posx>
					<posy>680</posy>
					<width>120</width>
					<height>25</height>
					<align>right</align>
					<font>Font_23</font>
					<textcolor>FFFFFAF0</textcolor>
					<label>$INFO[Player.FinishTime]</label>
				</control>
			</control>
		</control>

		<control type="group">
			<posy>-70</posy>	
			<animation effect="slide" time="400" start="0,800" end="0,0" easing="out" tween="cubic">WindowOpen</animation>
			<animation effect="slide" time="400" start="0,800" end="0,0" easing="out" tween="cubic">Visible</animation>
			<animation effect="slide" time="400" start="0,0" end="0,800" easing="in" tween="cubic">WindowClose</animation>
			<animation effect="slide" time="400" start="0,0" end="0,800" easing="in" tween="cubic">Hidden</animation>	
			<animation effect="slide" start="0,0" end="0,-25" time="300" tween="cubic" easing="out" condition="Player.Forwarding | Player.Rewinding">Conditional</animation>
			<animation effect="slide" start="0,0" end="0,-67" time="400" tween="cubic" easing="inout" condition="Window.IsActive(videoosd)">Conditional</animation>
			<visible>![Window.IsActive(SubtitleSearch) | Window.IsActive(pvrosdguide) | Window.IsActive(pvrosdchannels) | Window.IsActive(123) | Window.IsActive(124)]</visible>
			<control type="image"><!-- Barra de flags -->
				<posx>220</posx>
				<posy>682</posy>
				<height>31</height>
				<width>720</width>
				<colordiffuse>$VAR[value_flagsbar]</colordiffuse>
				<texture>whitebar_h.png</texture>
			</control>
			<control type="grouplist"><!-- Etiquetas -->
				<posx>230</posx>
				<posy>672</posy>
				<orientation>horizontal</orientation>
				<itemgap>13</itemgap>
				<control type="image"><!-- studio -->
					<include>FlagImage</include>
					<texture>$VAR[value_studiosicon]</texture>
					<visible>!IsEmpty(Control.GetLabel(9924))</visible>
				</control>
				<control type="image">
					<include>FlagSeparator</include>
					<visible>!IsEmpty(Control.GetLabel(9924))</visible>
				</control>
				<control type="image"><!-- Flags -->
					<include>FlagImage</include>
					<texture background="true">$VAR[value_mpaa_fs]</texture>
				</control>
				<control type="image">
					<include>FlagImage</include>
					<texture background="true">$VAR[value_videocodec_fs]</texture>
				</control>
				<control type="image"><!-- Resolution -->
					<include>FlagImage</include>
					<texture>$INFO[VideoPlayer.VideoResolution,flags/resolution/,.png]</texture>
				</control>
				<control type="image"><!-- Aspect -->
					<include>FlagImage</include>
					<texture>$INFO[Videoplayer.VideoAspect,flags/aspectratio/,.png]</texture>
				</control>
				<control type="image"><!-- Audio Codec -->
					<include>FlagImage</include>
					<texture>$INFO[VideoPlayer.AudioCodec,flags/audiocodec/,.png]</texture>
				</control>
				<control type="image"><!-- Channels -->
					<include>FlagImage</include>
					<texture>$INFO[VideoPlayer.AudioChannels,flags/audiochannels/,ch.png]</texture>
				</control>
			</control>
			<control type="image"><!-- Logo e Clearart -->
				<posx>1080</posx>
				<posy>73</posy>
				<width>180</width>
				<height>340</height>
				<aspectratio aligny="bottom">keep</aspectratio>
				<texture background="true">$VAR[value_art]</texture>
			</control>
			<control type="image"><!-- Fundo -->
				<posx>0</posx>
				<posy>436</posy>
				<width>1280</width>
				<height>300</height>
				<texture>widget_fullscreen.png</texture>
				<colordiffuse>$VAR[value_texturecolor]</colordiffuse>
				<include>Animation_DefaultGlass</include>
			</control>
			<control type="image"><!-- Barra de titulos -->
				<posx>0</posx>
				<posy>450</posy>
				<width>1280</width>
				<height>20</height>
				<texture>darkgrey.png</texture>
				<colordiffuse>$VAR[value_texturecolor]</colordiffuse>
				<include>Animation_DefaultGlass</include>
			</control>
			<control type="image">
				<animation effect="rotate" end="-360" center="auto" time="2000" loop="true" reversible="false" condition="StringCompare(skin.string(cdart_seconds),2000)">Conditional</animation>
				<animation effect="rotate" end="-360" center="auto" time="4000" loop="true" reversible="false" condition="StringCompare(skin.string(cdart_seconds),4000)">Conditional</animation>
				<animation effect="rotate" end="-360" center="auto" time="8000" loop="true" reversible="false" condition="StringCompare(skin.string(cdart_seconds),8000)">Conditional</animation>
				<animation effect="rotate" end="-360" center="auto" time="16000" loop="true" reversible="false" condition="StringCompare(skin.string(cdart_seconds),16000)">Conditional</animation>
				<animation effect="rotate" end="-360" center="auto" time="20000" loop="true" reversible="false" condition="StringCompare(skin.string(cdart_seconds),20000)">Conditional</animation>
				<posx>20</posx>
				<posy>360</posy>
				<width>180</width>
				<height>180</height>
				<texture diffuse="cdart_diffuse.png" background="true">$VAR[value_videodisc]</texture>
				<aspectratio align="center" aligny="center">keep</aspectratio>
				<visible>!IsEmpty(Player.Art(discart))</visible>
			</control>
			<control type="image">
				<posx>8</posx>
				<posy>451</posy>
				<width>194</width>
				<height>268</height>
				<texture>darkgrey.png</texture>
				<colordiffuse>$VAR[value_texturecolor]</colordiffuse>
			</control>
			<control type="image"><!-- Cover -->
				<posx>10</posx>
				<posy>451</posy>
				<width>190</width>
				<height>268</height>
				<texture>$VAR[value_thumbfullscreen]</texture>
				<aspectratio align="right">keep</aspectratio>
				<bordertexture border="-2">darkgrey.png</bordertexture>
			</control>
			<control type="label"><!-- Titulo enredo -->
				<posx>220</posx>
				<posy>447</posy>
				<width>300</width>
				<height>25</height>
				<align>left</align>
				<font>Font_17</font>
				<textcolor>$VAR[value_headercolor]</textcolor>
				<label>31530</label>
			</control>
			<control type="textbox"><!-- Plot -->
				<posx>220</posx>
				<posy>480</posy>
				<width>620</width>
				<height>180</height>
				<font>Font_18A</font>
				<label>$INFO[VideoPlayer.Plot]</label>
				<textcolor>FFFFFAF0</textcolor>
				<autoscroll delay="20000" time="4000" repeat="15000">true</autoscroll>
			</control>
			<!--  Edits for MV starring is album -->
			<control type="group">
				<visible>!VideoPlayer.Content(LiveTV) + !VideoPlayer.Content(musicvideos)</visible>
				<control type="label"><!-- Titulo elenco -->
					<posx>880</posx>
					<posy>447</posy>
					<width>300</width>
					<height>25</height>
					<align>left</align>
					<font>Font_17</font>
					<textcolor>$VAR[value_headercolor]</textcolor>
					<label>31703</label>
				</control>
				<control type="textbox"><!-- Cast -->
					<posx>880</posx>
					<posy>480</posy>
					<width>380</width>
					<height>190</height>
					<font>Font_18A</font>
					<label>$INFO[VideoPlayer.CastAndRole]</label>
					<textcolor>FFFFFAF0</textcolor>
					<autoscroll delay="20000" time="4000" repeat="15000">true</autoscroll>
				</control>
			</control>
			<control type="group">
				<visible>VideoPlayer.Content(musicvideos)</visible>
				<control type="label"><!-- Titulo elenco -->
					<posx>880</posx>
					<posy>447</posy>
					<width>300</width>
					<height>25</height>
					<align>left</align>
					<font>Font_17</font>
					<textcolor>$VAR[value_headercolor]</textcolor>
					<label>[UPPERCASE]$LOCALIZE[558] | $LOCALIZE[557][/UPPERCASE]</label>
				</control>
				<control type="textbox"><!-- Album -->
					<posx>880</posx>
					<posy>480</posy>
					<width>380</width>
					<height>230</height>
					<font>Font_18A</font>
					<label>$INFO[VideoPlayer.Album,, | ]$INFO[VideoPlayer.Artist]</label>
					<textcolor>FFFFFAF0</textcolor>
					<autoscroll delay="20000" time="4000" repeat="15000">true</autoscroll>
				</control>
			</control>
		</control>

		<!-- Seek Widget -->
		<control type="group">
			<animation type="WindowOpen" condition="true">
				<effect type="slide" time="400" start="0,800" end="0,0" easing="out" tween="cubic"/>
			</animation>
			<animation type="WindowClose" condition="true">
				<effect type="slide" time="400" start="0,0" end="0,800" easing="in" tween="cubic"/>
			</animation>
			<control type="group">
				<posx>-500</posx>
				<posy>693</posy>
				<width>499</width>
				<height>28</height>
				<animation effect="slide" end="200,0" time="200" condition="Player.Forwarding2x">Conditional</animation>
				<animation effect="slide" end="275,0" time="200" condition="Player.Forwarding4x">Conditional</animation>
				<animation effect="slide" end="350,0" time="200" condition="Player.Forwarding8x">Conditional</animation>
				<animation effect="slide" end="425,0" time="200" condition="Player.Forwarding16x">Conditional</animation>
				<animation effect="slide" end="499,0" time="200" condition="Player.Forwarding32x">Conditional</animation>
				<control type="image">
					<posx>0</posx>
					<posy>0</posy>
					<width>499</width>
					<height>28</height>
					<texture flipy="true">osd_button_reverse.png</texture>
				</control>
				<control type="label">
					<include>Objects_OSDSeekForward</include>
					<label>$VAR[value_seekforward]</label>
				</control>
			</control>
			<control type="group">
				<posx>1280</posx>
				<posy>693</posy>
				<width>499</width>
				<height>28</height>
				<animation effect="slide" end="-200,0" time="200" condition="Player.Rewinding2x">Conditional</animation>
				<animation effect="slide" end="-275,0" time="200" condition="Player.Rewinding4x">Conditional</animation>
				<animation effect="slide" end="-350,0" time="200" condition="Player.Rewinding8x">Conditional</animation>
				<animation effect="slide" end="-425,0" time="200" condition="Player.Rewinding16x">Conditional</animation>
				<animation effect="slide" end="-499,0" time="200" condition="Player.Rewinding32x">Conditional</animation>
				<control type="image">
					<posx>0</posx>
					<posy>0</posy>
					<width>499</width>
					<height>28</height>
					<texture flipy="true" flipx="true">osd_button_reverse.png</texture>
				</control>
				<control type="label">
					<include>Objects_OSDSeekReverse</include>
					<label>$VAR[value_seekreverse]</label>
				</control>
			</control>
		</control>

		<control type="label">
			<posx>-320</posx>
			<posy>180</posy>
			<width>1920</width>
			<height>105</height>
			<align>center</align>
			<aligny>center</aligny>
			<font>Font_100</font>
			<label>31737</label>
			<textcolor>80FFFAF0</textcolor>
			<visible>Player.Paused + ![Skin.HasSetting(nopausedlabel) | Window.IsActive(SubtitleSearch) | Window.IsActive(pvrosdguide) | Window.IsActive(pvrosdchannels) | Window.IsActive(123) | Window.IsActive(124)]</visible>
			<animation type="Visible">
				<effect type="slide" start="0,-600" end="0,0" time="600" tween="cubic" easing="out" />
				<effect type="fade" start="0" end="100" time="600" />
			</animation>
			<animation type="WindowOpen">
				<effect type="slide" start="0,-600" end="0,0" time="600" tween="cubic" easing="out" />
				<effect type="fade" start="0" end="100" time="600" />
			</animation>
			<animation type="WindowClose">
				<effect type="slide" start="0,0" end="-600,0" time="600" tween="cubic" easing="out" />
				<effect type="fade" start="100" end="0" time="400" />
			</animation>
			<animation type="Hidden">
				<effect type="slide" start="0,0" end="-600,0" time="600" tween="cubic" easing="out" />
				<effect type="fade" start="100" end="0" time="400" />
			</animation>
		</control>
	</controls>
</window>