<?xml version="1.0" encoding="UTF-8"?>
<includes>

	<default type="label">
		<height>36</height>
		<align>left</align>
		<aligny>center</aligny>
		<font>Font36</font>
		<textcolor>DialogColor1</textcolor>
		<disabledcolor>DisabledColor</disabledcolor>
		<selectedcolor>$VAR[CategoryColor]</selectedcolor>
		<scroll>false</scroll>
	</default>

	<default type="fadelabel">
		<height>36</height>
		<align>left</align>
		<aligny>center</aligny>
		<font>Font36</font>
		<textcolor>DialogColor1</textcolor>
		<scrollout>false</scrollout>
		<scrollspeed>40</scrollspeed>
		<pauseatend>2000</pauseatend>
	</default>

	<default type="button">
		<width>400</width>
		<height>66</height>
		<align>left</align>
		<aligny>center</aligny>
		<font>Font36</font>
		<label>-</label>
		<textoffsetx>24</textoffsetx>
		<textcolor>DialogColor2</textcolor>
		<focusedcolor>DialogColor1</focusedcolor>
		<invalidcolor>DisabledColor</invalidcolor>
		<disabledcolor>DisabledColor</disabledcolor>
		<texturefocus>-</texturefocus>
		<texturenofocus>-</texturenofocus>
		<pulseonselect>false</pulseonselect>
	</default>

	<default type="togglebutton">
		<width>400</width>
		<height>66</height>
		<align>left</align>
		<aligny>center</aligny>
		<label>-</label>
		<textoffsetx>0</textoffsetx>
		<font>Font36</font>
		<textcolor>DialogColor2</textcolor>
		<focusedcolor>DialogColor1</focusedcolor>
		<disabledcolor>DisabledColor</disabledcolor>
		<texturenofocus>-</texturenofocus>
		<texturefocus>-</texturefocus>
		<alttexturenofocus>-</alttexturenofocus>
		<alttexturefocus>-</alttexturefocus>
		<pulseonselect>false</pulseonselect>
	</default>

	<default type="radiobutton">
		<align>left</align>
		<aligny>center</aligny>
		<font>Font36</font>
		<label>-</label>
		<texturefocus colordiffuse="$VAR[CategoryColor]">common/white.png</texturefocus>
		<texturenofocus colordiffuse="$INFO[Skin.String(Color.B1ItemNF)]">common/white.png</texturenofocus>
		<textcolor>$INFO[Skin.String(Color.B1Txt1NF)]</textcolor>
		<focusedcolor>$INFO[Skin.String(Color.B1Txt1F)]</focusedcolor>
		<disabledcolor>$INFO[Skin.String(Color.B1ItemNF)]</disabledcolor>
		<radiowidth>30</radiowidth>
		<radioheight>30</radioheight>
		<radioposx>-</radioposx>
		<radioposy>-</radioposy>
		<textureradioonfocus colordiffuse="$INFO[Skin.String(Color.B1Txt1F)]">material/radioon.png</textureradioonfocus>
		<textureradioonnofocus colordiffuse="$VAR[CategoryColor]">material/radioon.png</textureradioonnofocus>
		<textureradioofffocus colordiffuse="$INFO[Skin.String(Color.B1Txt1F)]">material/radiooff.png</textureradioofffocus>
		<textureradiooffnofocus colordiffuse="$VAR[CategoryColor]">material/radiooff.png</textureradiooffnofocus>
		<textoffsetx>24</textoffsetx>
		<pulseonselect>false</pulseonselect>
	</default>

	<default type="spincontrolex">
		<width>400</width>
		<height>66</height>
		<align>left</align>
		<aligny>center</aligny>
		<label>-</label>
		<font>Font36</font>
		<spinwidth>35</spinwidth>
		<spinheight>66</spinheight>
		<texturenofocus>-</texturenofocus>
		<texturefocus>-</texturefocus>
		<textureup>common/ArrowUpNF.png</textureup>
		<texturedown>common/ArrowDownNF.png</texturedown>
		<textureupfocus>common/ArrowUpFO.png</textureupfocus>
		<texturedownfocus>common/ArrowDownFO.png</texturedownfocus>
		<textcolor>DialogColor2</textcolor>
		<focusedcolor>DialogColor1</focusedcolor>
		<disabledcolor>DisabledColor</disabledcolor>
		<textoffsetx>0</textoffsetx>
		<reverse>yes</reverse>
		<pulseonselect>false</pulseonselect>
	</default>

	<default type="spincontrol">
		<height>66</height>
		<width>66</width>
		<align>left</align>
		<aligny>center</aligny>
		<spinwidth>43</spinwidth>
		<spinheight>60</spinheight>
		<textureup>common/ArrowUpNF.png</textureup>
		<texturedown>common/ArrowDownNF.png</texturedown>
		<textureupfocus>common/ArrowUpFO.png</textureupfocus>
		<texturedownfocus>common/ArrowDownFO.png</texturedownfocus>
		<font>Font36</font>
		<textcolor>DialogColor2</textcolor>
		<disabledcolor>DisabledColor</disabledcolor>
		<textoffsetx>0</textoffsetx>
		<reverse>yes</reverse>
		<pulseonselect>false</pulseonselect>
	</default>

	<default type="sliderex">
		<height>66</height>
		<width>183</width>
		<align>left</align>
		<aligny>center</aligny>
		<texturenofocus>-</texturenofocus>
		<texturefocus>-</texturefocus>
		<sliderwidth>230</sliderwidth>
		<sliderheight>23</sliderheight>
		<font>Font36</font>
		<textcolor>DialogColor2</textcolor>
		<focusedcolor>DialogColor1</focusedcolor>
		<disabledcolor>DisabledColor</disabledcolor>
		<textoffsetx>0</textoffsetx>
	</default>

	<default type="slider">
		<width>360</width>
		<height>23</height>
		<texturefocus>-</texturefocus>
		<texturenofocus>-</texturenofocus>
	</default>

	<default type="progress">
		<height>44</height>
		<texturebg>-</texturebg>
		<lefttexture>-</lefttexture>
		<righttexture>-</righttexture>
		<overlaytexture>-</overlaytexture>
	</default>

	<default type="textbox">
		<align>justify</align>
		<font>Font27</font>
		<textcolor>FFFFFFFF</textcolor>
		<autoscroll delay="8000" time="4000" repeat="12000">True</autoscroll>
	</default>

	<default type="edit">
		<height>66</height>
		<align>left</align>
		<aligny>center</aligny>
		<font>Font36</font>
		<textoffsetx>0</textoffsetx>
		<textcolor>DialogColor2</textcolor>
		<focusedcolor>DialogColor1</focusedcolor>
		<disabledcolor>DisabledColor</disabledcolor>
		<invalidcolor>DisabledColor</invalidcolor>
		<texturefocus>-</texturefocus>
		<pulseonselect>no</pulseonselect>
	</default>

</includes>