<?xml version="1.0" encoding="UTF-8"?>
<window>
	<!-- videolibrary -->
	<backgroundcolor>0x00000000</backgroundcolor>
	<defaultcontrol always="true">50</defaultcontrol>
	<menucontrol>99</menucontrol>
	<onload condition="!IsEmpty(Window(Home).Property(ListPos)) + StringCompare(Skin.String(VDO.View1.Name),Container.ViewMode)">Control.SetFocus(50,$INFO[Window(Home).Property(ListPos)])</onload>
	<onload condition="!IsEmpty(Window(Home).Property(ListPos)) + StringCompare(Skin.String(VDO.View2.Name),Container.ViewMode)">Control.SetFocus(51,$INFO[Window(Home).Property(ListPos)])</onload>
	<onload condition="!IsEmpty(Window(Home).Property(ListPos)) + StringCompare(Skin.String(VDO.View3.Name),Container.ViewMode)">Control.SetFocus(52,$INFO[Window(Home).Property(ListPos)])</onload>
	<onload condition="!IsEmpty(Window(Home).Property(ListPos)) + StringCompare(Skin.String(VDO.View4.Name),Container.ViewMode)">Control.SetFocus(53,$INFO[Window(Home).Property(ListPos)])</onload>
	<onload condition="!IsEmpty(Window(Home).Property(ListPos)) + StringCompare(Skin.String(VDO.View5.Name),Container.ViewMode)">Control.SetFocus(54,$INFO[Window(Home).Property(ListPos)])</onload>
	<onload condition="!IsEmpty(Window(Home).Property(ListPos)) + StringCompare(Skin.String(VDO.View6.Name),Container.ViewMode)">Control.SetFocus(55,$INFO[Window(Home).Property(ListPos)])</onload>
	<onload condition="!IsEmpty(Window(Home).Property(ListPos)) + StringCompare(Skin.String(VDO.View7.Name),Container.ViewMode)">Control.SetFocus(56,$INFO[Window(Home).Property(ListPos)])</onload>
	<onload condition="!IsEmpty(Window(Home).Property(ListPos)) + StringCompare(Skin.String(VDO.View8.Name),Container.ViewMode)">Control.SetFocus(57,$INFO[Window(Home).Property(ListPos)])</onload>
	<onload condition="!IsEmpty(Window(Home).Property(ListPos)) + StringCompare(Skin.String(VDO.View9.Name),Container.ViewMode)">Control.SetFocus(58,$INFO[Window(Home).Property(ListPos)])</onload>
	<onload condition="Player.HasVideo">SetProperty(TvTunesBlocked,true,10025)</onload>
	<onunload>SetProperty(ListPos,$INFO[Container.Position],Home)</onunload>
	<onunload>ClearProperty(TvTunesBlocked)</onunload>

	<controls>

		<include condition="!IsEmpty(Skin.String(VDO.View1.Name))" name="VDOViewtype">
			<param name="Id" value="50" />
			<param name="IclPrefix" value="VDOView1" />
			<param name="CompPrefix" value="VDO.View1" />
			<param name="Section" value="VDO" />
		</include>
		<include condition="!IsEmpty(Skin.String(VDO.View2.Name))" name="VDOViewtype">
			<param name="Id" value="51" />
			<param name="IclPrefix" value="VDOView2" />
			<param name="CompPrefix" value="VDO.View2" />
			<param name="Section" value="VDO" />
		</include>
		<include condition="!IsEmpty(Skin.String(VDO.View3.Name))" name="VDOViewtype">
			<param name="Id" value="52" />
			<param name="IclPrefix" value="VDOView3" />
			<param name="CompPrefix" value="VDO.View3" />
			<param name="Section" value="VDO" />
		</include>
		<include condition="!IsEmpty(Skin.String(VDO.View4.Name))" name="VDOViewtype">
			<param name="Id" value="53" />
			<param name="IclPrefix" value="VDOView4" />
			<param name="CompPrefix" value="VDO.View4" />
			<param name="Section" value="VDO" />
		</include>
		<include condition="!IsEmpty(Skin.String(VDO.View5.Name))" name="VDOViewtype">
			<param name="Id" value="54" />
			<param name="IclPrefix" value="VDOView5" />
			<param name="CompPrefix" value="VDO.View5" />
			<param name="Section" value="VDO" />
		</include>
		<include condition="!IsEmpty(Skin.String(VDO.View6.Name))" name="VDOViewtype">
			<param name="Id" value="55" />
			<param name="IclPrefix" value="VDOView6" />
			<param name="CompPrefix" value="VDO.View6" />
			<param name="Section" value="VDO" />
		</include>
		<include condition="!IsEmpty(Skin.String(VDO.View7.Name))" name="VDOViewtype">
			<param name="Id" value="56" />
			<param name="IclPrefix" value="VDOView7" />
			<param name="CompPrefix" value="VDO.View7" />
			<param name="Section" value="VDO" />
		</include>
		<include condition="!IsEmpty(Skin.String(VDO.View8.Name))" name="VDOViewtype">
			<param name="Id" value="57" />
			<param name="IclPrefix" value="VDOView8" />
			<param name="CompPrefix" value="VDO.View8" />
			<param name="Section" value="VDO" />
		</include>
		<include condition="!IsEmpty(Skin.String(VDO.View9.Name))" name="VDOViewtype">
			<param name="Id" value="58" />
			<param name="IclPrefix" value="VDOView9" />
			<param name="CompPrefix" value="VDO.View9" />
			<param name="Section" value="VDO" />
		</include>
	</controls>
	
</window>