<?xml version="1.0" encoding="utf-8"?>
<window>
	<!-- settingscategory -->
	<onload condition="IsEmpty(Skin.String(KOverInit))">Back</onload>	
	<backgroundcolor>0x00000000</backgroundcolor>
	<defaultcontrol always="true">3</defaultcontrol>
	<onload>SetProperty(SidebarPos,RIGHT,Home)</onload>
	<onload>SetProperty(DialogPos,LEFT,Home)</onload>
	<onload>Skin.SetString(DIA.View1.BBSidebar,RIGHT)</onload>
	<onload>Skin.SetString(DIA.View1.DIAPanel,LEFT)</onload>			
	<onload>Skin.SetString(HOM.View1.Name,Home Layout)</onload>
	<onload>Skin.SetString(TV.View1.Name,EPG - Locked)</onload>
	<onunload>ClearProperty(SidebarPos,Home)</onunload>
	<onunload>ClearProperty(DialogPos,Home)</onunload>
	<onunload>ClearProperty(DialogVisibility,Home)</onunload>

	<controls>

		<!-- Decorative Elements -->
		<control type="group">
			<!-- Background -->
			<include name="Wallpaper">
				<param name="CompPrefix" value="HOM.View1" />
			</include>

			<!-- Background -->
			<control type="image">
				<aspectratio>scale</aspectratio>
				<texture colordiffuse="$INFO[Skin.String(Color.SETBg)]">common/white.png</texture>
			</control>

			<!-- Left Panel Background -->
			<control type="image">
				<top>0</top>
				<left>0</left>
				<width>660</width>
				<height>1080</height>
				<aspectratio>scale</aspectratio>
				<texture colordiffuse="$INFO[Skin.String(Color.DIABg)]">common/white.png</texture>
			</control>				
		
		</control>

		<control type="group">
			<animation effect="fade" start="100" end="0" time="100" delay="100" condition="!IsEmpty(Window(Home).Property(DialogVisibility))">Conditional</animation>

			<!-- Bloc 1 -->
			<control type="group">
				<left>12</left>
				<top>0</top>
				<height>356</height>
				<width>636</width>

				<control type="image">
					<left>24</left>
					<top>24</top>
					<width>588</width>
					<height>308</height>
					<aspectratio>keep</aspectratio>
					<texture background="true" colordiffuse="$INFO[Skin.String(Color.DIATxtNF)]">DefaultAddonService.png</texture>
				</control>

			</control>	

			<!-- Bloc 2 -->
			<control type="group">
				<left>12</left>
				<top>368</top>
				<height>356</height>
				<width>636</width>

				<control type="textbox" id="6">
					<left>24</left>
					<top>24</top>
					<width>588</width>
					<height>308</height>
					<font>Font27</font>
					<align>center</align>
					<aligny>center</aligny>
					<textcolor>$INFO[Skin.String(Color.DIATxtNF)]</textcolor>
					<animation effect="fade" start="100" end="0" time="0" condition="Window.IsVisible(selectdialog)">Conditional</animation>
				</control>

			</control>		

			<!-- Bloc 3 -->
			<control type="group">
				<left>12</left>
				<top>724</top>
				<height>356</height>
				<width>636</width>

				<!-- Heading -->
				<control type="label">
					<top>24</top>
					<left>24</left>
					<width>588</width>
					<height>48</height>
					<align>center</align>
					<aligny>top</aligny>
					<font>Font48</font>
					<label>$INFO[System.CurrentWindow]</label>
					<textcolor>$INFO[Skin.String(Color.DIATitle)]</textcolor>
					<animation effect="fade" start="100" end="0" time="0" condition="Window.IsVisible(selectdialog)">Conditional</animation>
				</control>		

				<!-- Settings level -->
				<control type="button" id="20"> 
					<top>80</top>
					<left>24</left>
					<width>588</width>
					<height>156</height>
					<align>center</align>
					<aligny>top</aligny>
					<font>Font27</font>
					<onright>noop</onright> 
					<onup>noop</onup> 
					<ondown>noop</ondown> 
					<onclick>SettingsLevelChange</onclick> 
					<textcolor>$INFO[Skin.String(Color.DIATxtNF)]</textcolor> 
					<focusedcolor>$INFO[Skin.String(Color.DIATxtNF)]</focusedcolor> 
					<invalidcolor>$INFO[Skin.String(Color.DIATxtNF)]</invalidcolor> 
					<disabledcolor>$INFO[Skin.String(Color.DIATxtNF)]</disabledcolor> 
					<visible allowhiddenfocus="true"></visible> 
				</control> 		

				<!-- Button grouplist -->
				<control type="grouplist" id="9003">
					<right>24</right>
					<top>267</top>
					<width>588</width>
					<height>60</height>
					<itemgap>1</itemgap>
					<align>right</align>
					<onleft>noop</onleft>
					<onright>3</onright>
					<onup>noop</onup>
					<ondown>noop</ondown>
					<orientation>horizontal</orientation>

					<!-- Settings level -->
					<control type="button" id="9004">
						<width>auto</width>
						<height>60</height>
						<font>Font27</font>
						<align>center</align>
						<texturefocus colordiffuse="$VAR[CategoryColor3]">common/white.png</texturefocus>
						<texturenofocus colordiffuse="00FFFFFF">common/white.png</texturenofocus>
						<textcolor>$INFO[Skin.String(Color.DIATxtNF)]</textcolor>
						<focusedcolor>$INFO[Skin.String(Color.DIATxtF)]</focusedcolor>
						<disabledcolor>$INFO[Skin.String(Color.DIAInvalid)]</disabledcolor>
						<invalidcolor>$INFO[Skin.String(Color.DIAInvalid)]</invalidcolor>
						<label>31126</label>
						<onclick>SettingsLevelChange</onclick>
						<onright>9005</onright>
					</control>

					<!-- Close -->
					<control type="button" id="9005">
						<width>auto</width>
						<height>60</height>
						<font>Font27</font>
						<align>center</align>
						<texturefocus colordiffuse="$VAR[CategoryColor3]">common/white.png</texturefocus>
						<texturenofocus colordiffuse="00FFFFFF">common/white.png</texturenofocus>
						<textcolor>$INFO[Skin.String(Color.DIATxtNF)]</textcolor>
						<focusedcolor>$INFO[Skin.String(Color.DIATxtF)]</focusedcolor>
						<disabledcolor>$INFO[Skin.String(Color.DIAInvalid)]</disabledcolor>
						<invalidcolor>$INFO[Skin.String(Color.DIAInvalid)]</invalidcolor>
						<label>15067</label>
						<onclick>Close</onclick>
						<onleft>9004</onleft>
						<onright>3</onright>
					</control>

				</control>

			</control>							

		</control>				

		<!-- Window Content-->
		<control type="group">

			<control type="label">
				<top>72</top>
				<left>752</left>
				<width>588</width>
				<height>12</height>
				<align>left</align>
				<font>Font36</font>
				<textcolor>$INFO[Skin.String(Color.SETTxt1NF)]</textcolor>
				<label>31125</label>
			</control>			

			<!-- Main list -->
			<control type="grouplist" id="3">
				<top>123</top>
				<left>752</left>
				<height>258</height>
				<width>1086</width>
				<itemgap>6</itemgap>
				<onright>noop</onright>
				<onleft>9003</onleft>
				<onup>noop</onup>
				<ondown>5</ondown>
				<orientation>horizontal</orientation>
				<usecontrolcoords>true</usecontrolcoords>
				<visible>true</visible>
			</control>

			<!-- Default group button -->
			<control type="button" id="10">
				<width>auto</width>
				<height>120</height>
				<font>FontSmall</font>
				<texturefocus colordiffuse="$INFO[Skin.String(Color.SETItemF)]">common/white.png</texturefocus>
				<texturenofocus colordiffuse="$INFO[Skin.String(Color.SETItemNF)]">common/white.png</texturenofocus>
				<textwidth min="100" max="400">auto</textwidth>
				<textoffsetx>36</textoffsetx>
				<textcolor fallback="FF666666">$INFO[Skin.String(Color.SETTxt2NF)]</textcolor>
				<focusedcolor fallback="FFFFFFFF">$INFO[Skin.String(Color.SETTxt1F)]</focusedcolor>
				<invalidcolor fallback="FFCCCCCC">$INFO[Skin.String(Color.SETTxt2NF)]</invalidcolor>
				<disabledcolor fallback="FFCCCCCC">$INFO[Skin.String(Color.SETTxt2NF)]</disabledcolor>
			</control>

			<!-- Sub list -->
			<control type="grouplist" id="5">
				<left>752</left>
				<top>326</top>
				<width>1086</width>
				<height>676</height>
				<itemgap>1</itemgap>
				<onleft>9003</onleft>
				<onright>noop</onright>
				<onup>3</onup>
				<ondown>noop</ondown>
				<onback>3</onback>
				<orientation>vertical</orientation>
				<visible allowhiddenfocus="true">true</visible>
			</control>			

			<!-- Default button -->
			<control type="button" id="7">
				<width>1086</width>
				<height>60</height>
				<font>Font27</font>
				<texturefocus colordiffuse="$INFO[Skin.String(Color.SETItemF)]">common/white.png</texturefocus>
				<texturenofocus colordiffuse="00FFFFFF">common/white.png</texturenofocus>
				<textwidth>auto</textwidth>
				<textoffsetx>24</textoffsetx>
				<textcolor fallback="FF666666">$INFO[Skin.String(Color.SETTxt1NF)]</textcolor>
				<focusedcolor fallback="FFFFFFFF">$INFO[Skin.String(Color.SETTxt1F)]</focusedcolor>
				<invalidcolor fallback="FFCCCCCC">$INFO[Skin.String(Color.SETTxt2NF)]</invalidcolor>
				<disabledcolor fallback="FFCCCCCC">$INFO[Skin.String(Color.SETTxt2NF)]</disabledcolor>
			</control>


			<!-- Default radiobutton -->
			<control type="radiobutton" id="8">
				<width>1086</width>
				<height>60</height>
				<font>Font27</font>
				<textwidth>auto</textwidth>
				<textoffsetx>24</textoffsetx>
				<texturefocus colordiffuse="$INFO[Skin.String(Color.SETItemF)]">common/white.png</texturefocus>
				<texturenofocus colordiffuse="00FFFFFF">common/white.png</texturenofocus>
				<textureradioonfocus colordiffuse="$INFO[Skin.String(Color.SETTxt1F)]">material/radioon.png</textureradioonfocus>
				<textureradioonnofocus colordiffuse="$INFO[Skin.String(Color.SETItemF)]">material/radioon.png</textureradioonnofocus>
				<textureradioofffocus colordiffuse="$INFO[Skin.String(Color.SETTxt1F)]">material/radiooff.png</textureradioofffocus>
				<textureradiooffnofocus colordiffuse="$INFO[Skin.String(Color.SETItemF)]">material/radiooff.png</textureradiooffnofocus>
				<radiowidth>30</radiowidth>
				<radioheight>30</radioheight>
				<textcolor fallback="FF666666">$INFO[Skin.String(Color.SETTxt1NF)]</textcolor>
				<focusedcolor fallback="FFFFFFFF">$INFO[Skin.String(Color.SETTxt1F)]</focusedcolor>
				<invalidcolor fallback="FFCCCCCC">$INFO[Skin.String(Color.SETTxt2NF)]</invalidcolor>
			</control>

			<!-- Default spincontrolex -->
			<control type="spincontrolex" id="9">
				<width>1086</width>
				<height>60</height>
				<font>Font27</font>
				<textwidth>auto</textwidth>
				<textoffsetx>24</textoffsetx>
				<texturefocus colordiffuse="$INFO[Skin.String(Color.SETItemF)]">common/white.png</texturefocus>
				<texturenofocus colordiffuse="00FFFFFF">common/white.png</texturenofocus>
				<textureup colordiffuse="$INFO[Skin.String(Color.SETTxt1NF)]">common/arrowupfo.png</textureup>
				<textureupfocus colordiffuse="$INFO[Skin.String(Color.SETTxt1F)]">common/arrowupfo.png</textureupfocus>
				<texturedown colordiffuse="$INFO[Skin.String(Color.SETTxt1NF)]">common/arrowdownfo.png</texturedown>
				<texturedownfocus colordiffuse="$INFO[Skin.String(Color.SETTxt1F)]">common/arrowdownfo.png</texturedownfocus>
				<spinwidth>24</spinwidth>
				<spinheight>60</spinheight>
				<textcolor fallback="FF666666">$INFO[Skin.String(Color.SETTxt1NF)]</textcolor>
				<focusedcolor fallback="FFFFFFFF">$INFO[Skin.String(Color.SETTxt1F)]</focusedcolor>
				<invalidcolor fallback="FFCCCCCC">$INFO[Skin.String(Color.SETTxt2NF)]</invalidcolor>
				<disabledcolor fallback="FFCCCCCC">$INFO[Skin.String(Color.SETTxt2NF)]</disabledcolor>
			</control>

			<!-- Default sliderex -->
			<control type="sliderex" id="13">
				<posx>0</posx>
				<posy>24</posy>
				<width>10</width>
				<height>308</height>		
				<visible>true</visible>
				<textcolor fallback="FF666666">$INFO[Skin.String(Color.SETTxt1NF)]</textcolor>
				<focusedcolor fallback="FFFFFFFF">$INFO[Skin.String(Color.SETTxt1F)]</focusedcolor>
				<invalidcolor fallback="FFCCCCCC">$INFO[Skin.String(Color.SETTxt2NF)]</invalidcolor>
				<disabledcolor fallback="FFCCCCCC">$INFO[Skin.String(Color.SETTxt2NF)]</disabledcolor>
				<texturesliderbar colordiffuse="55000000">common/white.png</texturesliderbar>
				<textureslidernib colordiffuse="$INFO[Skin.String(Color.SETItemF)]">common/white.png</textureslidernib>
				<textureslidernibfocus colordiffuse="$INFO[Skin.String(Color.SETTxt1F)]">common/white.png</textureslidernibfocus>
				<controloffsetx></controloffsetx>
				<controloffsety></controloffsety>
			</control>

			<!-- Default image -->
			<control type="image" id="11">
				<width>612</width>
				<height>60</height>
				<texture colordiffuse="$INFO[Skin.String(Color.SETItemNF)]">common/divider.png</texture>
			</control>			

		</control>		

	</controls>

</window>