<?xml version="1.0" encoding="UTF-8"?>
<window>
	<!-- fullscreenvideo -->
	<defaultcontrol>-</defaultcontrol>
	<onload condition="!Skin.HasSetting(ForceOSDBottom)">SetProperty(SidebarPos,$INFO[Skin.String(HOM.View1.BBSidebar)],Home)</onload>
	<onload condition="!Skin.HasSetting(ForceOSDBottom)">SetProperty(DialogPos,$INFO[Skin.String(HOM.View1.DIAPanel)],Home)</onload>
	<onload condition="Skin.HasSetting(ForceOSDBottom)">SetProperty(SidebarPos,BOTTOM,Home)</onload>
	<onload condition="Skin.HasSetting(ForceOSDBottom)">SetProperty(DialogPos,BOTTOM,Home)</onload>
	<onload condition="Skin.HasSetting(ForceOSDBottom)">Skin.SetString(DIA.View1.BBSidebar,BOTTOM)</onload>
	<onload condition="Skin.HasSetting(ForceOSDBottom)">Skin.SetString(DIA.View1.DIAPanel,BOTTOM)</onload>	
	<onload>SetProperty(CompPrefix,HOM.View1,Home)</onload>		

	<controls>

		<control type="group">
			<left>150</left>
			<top>75</top>
			<width>1620</width>
			<height>274</height>

			<!-- Background -->
			<control type="image">
				<width>1620</width>
				<height>274</height>
				<texture>osd/OSDBack.png</texture>
			</control>

			<!-- Row 1 label -->
			<control type="label" id="10">
				<left>20</left>
				<top>20</top>
				<width>1580</width>
				<height>50</height>
				<font>Font25</font>
				<textcolor>DialogColor1</textcolor>
				<label>-</label>
			</control>

			<!-- Row 2 label -->
			<control type="label" id="11">
				<left>20</left>
				<top>110</top>
				<width>1580</width>
				<height>50</height>
				<font>Font25</font>
				<textcolor>DialogColor1</textcolor>
				<label>-</label>
			</control>

			<!-- Row 3 label -->
			<control type="label" id="12">
				<left>20</left>
				<top>200</top>
				<width>1580</width>
				<height>50</height>
				<font>Font25</font>
				<textcolor>DialogColor1</textcolor>
				<label>-</label>
			</control>

		</control>

	</controls>

</window>