<?xml version="1.0" encoding="UTF-8"?>
<window id="145">
    <defaultcontrol>11</defaultcontrol>
	
    <controls>
		
        <control type="group">
		
			<include>animation_visible_hidden</include>
			<include>animation_fade</include>	
		
            <control type="group">
                <posx>365</posx>
                <posy>500</posy>
              
                <control type="image">
                    <posx>0</posx>
                    <posy>0</posy>
                    <width>1190</width>
                    <height>194</height>
                    <texture>osd/osd_panel_slider.png</texture>
                    <aspectratio>stretch</aspectratio>                   
                </control>
                <control type="label" id="10">
                    <description>Option Name</description>
                    <posx>85</posx>
                    <posy>80</posy>
                    <width>330</width>
                    <height>34</height>
                    <label>-</label>
                    <align>left</align>
                    <font>Light30</font>
                    <textcolor>white</textcolor>
                    <scroll>false</scroll>
                </control>
                <control type="label" id="12">
                    <description>Slider Value</description>
                    <posx>775</posx>
                    <posy>80</posy>
                    <label>-</label>
                    <width>330</width>
                    <height>34</height>
                    <align>right</align>
                    <font>Light30</font>
                    <textcolor>white</textcolor>
                    <scroll>false</scroll>
                </control>          
                <control type="slider" id="11">
                    <description>Slider</description>
                    <posx>805</posx>
                    <posy>81</posy>
                    <width>300</width>
                    <height>30</height>
                    <sliderwidth>300</sliderwidth>
                    <sliderheight>30</sliderheight>                    
                    <onup>11</onup>
                    <ondown>11</ondown>
                    <onleft>11</onleft>
                    <onright>11</onright>
                </control>
            </control>
        </control>
    </controls>
</window>
