<?xml version="1.0" encoding="UTF-8"?>
<window id="610">
	<defaultcontrol always="true">11</defaultcontrol>
	<zorder>3</zorder>	
	<controls>		

		<!--Dialog PVR Guide OSD-->
		<control type="group">
			<include>animation_fade</include>	
			<include>animation_visible_hidden</include>	
			<visible>!Window.IsActive(DialogPVRGuideInfo.xml)</visible>	  

			<!--Panel-->
			<control type="image">			
				<include>animation_fade</include>	
				<posx>100</posx><!-- +23 -->
				<posy>100</posy>
				<width>1000</width>
				<height>820</height>
				<texture border="39">dialogs/default/bg-black.png</texture>
			</control>

			<!--Header-->
			<control type="label">					
				<posx>283</posx>
				<posy>145</posy>
				<width>780</width>
				<height>40</height>
				<align>left</align>				
				<label>$LOCALIZE[19222]$INFO[VideoPlayer.ChannelName, • ,]$INFO[Container(11).ListItem.StartDate, • ,]</label>
				<font>Reg38</font>
				<textcolor>mainblue</textcolor>					
			</control>

			<!--List ID=11-->
			<control type="list" id="11">
				<posx>123</posx>
				<posy>220</posy>
				<width>954</width>
				<height>636</height>
				<onleft>noop</onleft>
				<onright>noop</onright>					
				<onup>11</onup>
				<ondown>11</ondown>
				<pagecontrol>-</pagecontrol>
				<scrolltime>0</scrolltime>
				<itemlayout width="954" height="76">									
					<control type="label">		<!--Start Time-->
						<description>Label</description>
						<posx>50</posx>
						<posy>0</posy>
						<width>160</width>
						<height>76</height>
						<font>Reg32</font>
						<align>left</align>
						<label>$INFO[ListItem.StartTime]</label>
						<textcolor>99FFFFFF</textcolor>
						<selectedcolor>99FFFFFF</selectedcolor>
						<scroll>false</scroll>							
					</control>
					<control type="label">		<!--Label-->		
						<posx>170</posx>
						<posy>0</posy>
						<width>500</width>
						<height>76</height>
						<font>Reg32</font>
						<align>left</align>
						<label>$INFO[ListItem.Label]</label>
						<textcolor>99FFFFFF</textcolor>
						<selectedcolor>99FFFFFF</selectedcolor>
						<scroll>false</scroll>
					</control>						      
					<control type="image">		<!--Rec-->
						<visible>ListItem.IsRecording</visible>
						<posx>850</posx>
						<posy>0</posy>
						<width>66</width>
						<height>66</height>
						<texture>pvr/icons/pvr_record.png</texture>
					</control>	                        
					<control type="image">		<!--Timer-->
						<posx>850</posx>
						<posy>0</posy>
						<width>66</width>
						<height>66</height>
						<texture>pvr/icons/pvr_timer.png</texture>
						<visible>ListItem.HasTimer + !ListItem.IsRecording</visible>
					</control>
				</itemlayout>
				<focusedlayout width="954" height="180">
					<control type="image">		<!--Slider-->				
						<posx>0</posx>
						<posy>0</posy>
						<width>954</width>
						<height>180</height>					
						<texture>common/button-fo.png</texture>
					</control>									
					<control type="label">		<!--Start Time-->	
						<posx>50</posx>
						<posy>0</posy>
						<width>130</width>
						<height>76</height>
						<font>Reg32</font>
						<align>left</align>
						<label>$INFO[ListItem.StartTime]</label>
						<textcolor>white</textcolor>
						<selectedcolor>white</selectedcolor>
						<scroll>false</scroll>								
					</control>
					<control type="label">		<!--Label-->	
						<posx>170</posx>
						<posy>0</posy>
						<width>500</width>
						<height>76</height>
						<font>Reg32</font>
						<align>left</align>
						<label>$INFO[ListItem.Label]</label>
						<textcolor>white</textcolor>
						<selectedcolor>white</selectedcolor>
						<scroll>false</scroll>
					</control>
					<control type="textbox">	<!--Info Plot-->	
						<posx>50</posx>
						<posy>75</posy>
						<width>850</width>
						<height>75</height>
						<font>Reg30</font>
						<align>left</align>
						<label>$INFO[ListItem.Plot]</label>						
						<textcolor>black</textcolor>											
					</control>
					<control type="image">		<!--Rec-->
						<visible>ListItem.IsRecording</visible>
						<posx>850</posx>
						<posy>0</posy>
						<width>66</width>
						<height>66</height>
						<texture>pvr/icons/pvr_record.png</texture>
					</control>	                   
					<control type="image">		<!--Timer-->
						<visible>ListItem.HasTimer + !ListItem.IsRecording</visible>
						<posx>850</posx>
						<posy>0</posy>
						<width>66</width>
						<height>66</height>
						<texture>pvr/icons/pvr_timer.png</texture>	                    	
					</control>
				</focusedlayout>
			</control>

		</control>

	</controls>
</window>
