<?xml version="1.0" encoding="UTF-8"?>
<includes>

	<include file="Defaults.xml" />	
	<include file="IncludesViews.xml" />	
	<include file="View_50_List.xml" />		
	<include file="View_51_Showcase_Fanart.xml" />	
	<include file="View_52_Showcase_Panel.xml" />	
	<include file="View_53_Poster.xml" />		
	<include file="View_54_Wall.xml" />	
	<include file="View_55_Wall.xml" />	
	<include file="View_501_Showcase_Fanart.xml" />		
	<include file="View_502_Showcase_Panel.xml" />	
	<include file="View_503_Poster.xml" />
	<include file="View_504_Wall.xml" />	
	<include file="View_505_Wall.xml" />	
	<include file="View_PVR.xml" />
	<include file="IncludesHomeWidget.xml" />
	<include file="IncludesHomeSubMenu.xml" />
	<include file="IncludesNowPlaying.xml" />	
	<include file="IncludesVariables.xml" />
	<include file="IncludesOSD.xml" />	

	<!--Avalon Version-->
	<include name="AvalonVersion">
		<control type="label"> 				
			<posx>1860</posx>
			<posy>980</posy>
			<width>500</width>
			<align>right</align>
			<font>Light40</font>
			<textcolor>midgrey</textcolor>
			<label>Avalon 2.4.8</label>
			<include>animation_visible_hidden</include>
			<include>animation_fade</include>
		</control>
	</include>

	<!--Common-->
	<include name="HiddenButton">
		<posx>-20</posx>
		<posy>-20</posy>
		<width>1</width>
		<height>1</height>
		<label>-</label>
		<texturenofocus>-</texturenofocus>
		<texturefocus>-</texturefocus>
	</include>
	<include name="DimensionsFullscreen">
		<posx>0</posx>
		<posy>0</posy>
		<width>1920</width>
		<height>1080</height>
	</include>
	<include name="Button9001"><!-- Single -->
		<label>20428</label>
		<height>50</height>
		<font>Reg32</font>
		<textcolor>midgrey</textcolor>
		<focusedcolor>black</focusedcolor>					
		<texturefocus>common/button-fo.png</texturefocus>
		<texturenofocus>common/button-nf.png</texturenofocus>
		<posx>0</posx>
		<posy>0</posy>
		<width>300</width>
		<onleft>9003</onleft>
		<onright>9002</onright>
		<onup>9005</onup>
		<ondown>9005</ondown>	
	</include>
	<include name="Button9002"><!-- Path -->
		<label>573</label>
		<height>50</height>
		<font>Reg32</font>
		<textcolor>midgrey</textcolor>
		<focusedcolor>black</focusedcolor>					
		<texturefocus>common/button-fo.png</texturefocus>
		<texturenofocus>common/button-nf.png</texturenofocus>
		<posx>310</posx>
		<posy>0</posy>
		<width>300</width>
		<onleft>9001</onleft>
		<onright>9003</onright>
		<onup>9005</onup>
		<ondown>9005</ondown>
	</include>
	<include name="Button9003"><!-- Default -->
		<label>571</label>
		<height>50</height>
		<font>Reg32</font>
		<textcolor>midgrey</textcolor>
		<focusedcolor>black</focusedcolor>					
		<texturefocus>common/button-fo.png</texturefocus>
		<texturenofocus>common/button-nf.png</texturenofocus>
		<posx>620</posx>
		<posy>0</posy>
		<width>300</width>
		<onleft>9002</onleft>
		<onright>9001</onright>
		<onup>9005</onup>
		<ondown>9005</ondown>
	</include>

	<!--Header-->	
	<include name="Header">	
		<control type="group">
			<visible>!Window.IsActive(DialogKaiToast.xml)</visible>
			<visible>!Window.IsActive(DialogExtendedProgressBar.xml)</visible>	

			<visible>!Window.IsActive(DialogProgress.xml)</visible>
			<include>animation_visible_hidden</include>
			<animation effect="fade" time="450" >WindowOpen</animation>		
			<animation effect="fade" time="450" >WindowClose</animation>			

			<control type="multiimage">		<!--Progress Image-->				
				<posx>20</posx>
				<posy>15</posy>
				<height>100</height>
				<width>100</width>
				<colordiffuse>99FFFFFF</colordiffuse>
				<imagepath>dialogs/progress/innerxx/</imagepath>
				<timeperimage>50</timeperimage>				
				<fadetime>0</fadetime>
			</control>
			
			<control type="image">
				<posx>35</posx>
				<posy>30</posy>
				<height>70</height>
				<width>70</width>
				<aligny>center</aligny>
				<texture>common/logo.png</texture>
				<colordiffuse>mainblue</colordiffuse>
			</control>			
			<control type="label">				
				<posx>125</posx>
				<posy>25</posy>
				<width min="80" max="600">auto</width>
				<height>80</height>			
				<font>Light50</font>
				<align>left</align>					
				<textcolor>mainblue</textcolor>
				<label>$VAR[value_header]</label>			
			</control>	
		</control>	
	</include>

	<!--Background-->	
	<include name="GlobalBackground">
		<control type="image">				
			<include>DimensionsFullscreen</include>			
			<texture background="true">special://skin/backgrounds/global.jpg</texture>				
		</control>		
	</include>
	<include name="VideoBackground">
		<control type="image">	<!--View=51 Background / Fanart-->
			<visible>Control.IsVisible(51)</visible>	
			<include>DimensionsFullscreen</include>				
			<fadetime>FanartCrossfadeTime</fadetime>			
			<!--FALLBACK: if fanart in 51 empty--> 
			<!--VARIABLE: if window next home switch to global.jpg-->
			<texture background="true" fallback="special://skin/backgrounds/fallback.jpg">$VAR[value_video_view_51_background]</texture>			
		</control>				
		<control type="image">	<!--View=51 Overlay-->
			<visible>Control.IsVisible(51)</visible>			
			<animation effect="fade" time="450">WindowOpen</animation>		
			<animation effect="fade" time="200">WindowClose</animation>							
			<include>DimensionsFullscreen</include>
			<texture>views/view_51_overlay.png</texture>					
		</control>	
		<control type="image">	<!--View=50,52,53,54,55 Background-->	
			<visible>Control.IsVisible(50) |Control.IsVisible(52) | Control.IsVisible(53) | Control.IsVisible(54) | Control.IsVisible(55)</visible>		
			<include>DimensionsFullscreen</include>
			<texture>special://skin/backgrounds/global.jpg</texture>					
		</control>	
	</include>
	<include name="MusicBackground">
		<control type="image">	<!--View=501 Background / Fanart-->
			<visible>Control.IsVisible(501)</visible>	
			<include>DimensionsFullscreen</include>				
			<fadetime>FanartCrossfadeTime</fadetime>			
			<!--FALLBACK: if fanart in 501 empty--> 
			<!--VARIABLE: if window next home switch to global.jpg-->
			<texture background="true" fallback="special://skin/backgrounds/music.jpg">$VAR[value_music_view_501_background]</texture>				
		</control>				
		<control type="image">	<!--View=501 Overlay-->	
			<visible>Control.IsVisible(501)</visible>	
			<animation effect="fade" time="450">WindowOpen</animation>		
			<animation effect="fade" time="200">WindowClose</animation>	
			<include>DimensionsFullscreen</include>
			<texture>views/view_51_overlay.png</texture>					
		</control>	
		<control type="image">	<!--View=50,502,503,504,505 Background-->	
			<visible>Control.IsVisible(50) |Control.IsVisible(502) | Control.IsVisible(503) | Control.IsVisible(504) | Control.IsVisible(505)</visible>
			<include>DimensionsFullscreen</include>
			<texture>special://skin/backgrounds/global.jpg</texture>					
		</control>	
	</include>	

	<!--Time & Weather-->
	<include name="TimeWeather">
		<control type="group">

			<include>animation_visible_hidden</include>
			<include>animation_fade</include>

			<control type="grouplist">	<!--Time Grouplist Line 1-->	
				<animation effect="slide" start="0" end="-130" time="200" condition="Weather.IsFetched" >Conditional</animation>
				<posx>1260</posx>
				<posy>20</posy>
				<width>600</width>
				<height>50</height>
				<align>right</align>
				<itemgap>4</itemgap>
				<orientation>horizontal</orientation>
				<usecontrolcoords>true</usecontrolcoords>			
				<control type="label">	<!--Time-->			
					<width min="0" max="200">auto</width>
					<height>50</height>
					<info>System.Time(hh:mm)</info>
					<font>Light40</font>				
					<textcolor>mainblue</textcolor>
				</control>
				<control type="label">	<!--AM-->
					<visible>substring(system.time,AM,right)</visible>
					<width min="0" max="100">auto</width>
					<height>50</height>
					<label>378</label>
					<font>Light40</font>				
					<textcolor>mainblue</textcolor>
				</control>					
				<control type="label">	<!--PM-->
					<visible>substring(system.time,PM,right)</visible>
					<width min="0" max="100">auto</width>
					<height>50</height>
					<label>379</label>
					<font>Light40</font>			
					<textcolor>mainblue</textcolor>
				</control>	
			</control>
			<control type="grouplist">	<!--Date Grouplist Line 2-->
				<animation effect="slide" start="0" end="-130" time="200" condition="Weather.IsFetched" >Conditional</animation>
				<posx>1260</posx>
				<posy>60</posy>
				<width>600</width>
				<height>50</height>
				<align>right</align>
				<itemgap>4</itemgap>
				<orientation>horizontal</orientation>
				<usecontrolcoords>true</usecontrolcoords>
				<include>animation_visible_hidden</include>
				<animation effect="fade" time="450" >WindowOpen</animation>		
				<animation effect="fade" time="450" >WindowClose</animation>			
				<control type="label">	<!--Day-->					
					<width min="0" max="400">auto</width>
					<height>50</height>
					<info>System.Date(DDD)</info>
					<font>Light30</font>				
					<textcolor>bbwhite</textcolor>
				</control>
				<control type="label">			
					<width min="0" max="400">auto</width>
					<height>50</height>
					<label>, </label>
					<font>Light30</font>				
					<textcolor>bbwhite</textcolor>
				</control>		
				<control type="label">	<!--Date-->						
					<width min="0" max="400">auto</width>
					<height>50</height>
					<info>System.Date(d)</info>
					<font>Light30</font>				
					<textcolor>bbwhite</textcolor>
				</control>
				<control type="label">		<!--German-->
					<visible>SubString(System.Language,German)</visible>
					<width min="0" max="400">auto</width>
					<height>50</height>
					<label>. </label>
					<font>Light30</font>				
					<textcolor>bbwhite</textcolor>
				</control>
				<control type="label">		<!--Other-->
					<visible>!SubString(System.Language,German)</visible>
					<width min="0" max="400">auto</width>
					<height>50</height>
					<label> </label>
					<font>Light30</font>				
					<textcolor>bbwhite</textcolor>
				</control>		
				<control type="label">	<!--Month-->					
					<width min="0" max="400">auto</width>
					<height>50</height>
					<info>System.Date(MMM)</info>
					<font>Light30</font>				
					<textcolor>bbwhite</textcolor>
				</control>	
				<control type="label">					
					<width min="0" max="400">auto</width>
					<height>50</height>
					<label> </label>
					<font>Light30</font>				
					<textcolor>bbwhite</textcolor>
				</control>				
				<control type="label">	<!--Weather-->					
					<width min="0" max="200">auto</width>
					<height>50</height>
					<label> | </label>
					<font>Light30</font>
					<align>left</align>			
					<textcolor>bbwhite</textcolor>
					<visible>Weather.IsFetched</visible>
				</control>		
				<control type="label">				
					<width min="0" max="200">auto</width>
					<height>50</height>
					<info>Weather.Temperature</info>
					<font>Light30</font>
					<align>left</align>				
					<textcolor>bbwhite</textcolor>
					<visible>Weather.IsFetched</visible>
				</control>			
			</control>			
			<control type="image">		<!--Weather Icon-->		
				<posy>5</posy>
				<posx>1750</posx>
				<height>110</height>
				<width>110</width>
				<aligny>center</aligny>
				<aspectratio align="right">keep</aspectratio>
				<texture>$INFO[Window(Weather).Property(Current.FanartCode),weather/icons/,.png]</texture>
				<visible>Weather.IsFetched</visible>				
			</control>
		</control>
	</include>	
	<!--Home Weather Panel-->
	<include name="HomeWeather">
		<control type="group">		
			<visible>Skin.HasSetting(HomeWeather)</visible>	
			<include>animation_visible_hidden</include>
			<control type="image">	<!--Panel-->	
				<posx>680</posx>
				<posy>910</posy>
				<width>1200</width>
				<height>150</height>
				<texture>home/home_weather_panel.png</texture>
				<visible>Weather.IsFetched</visible>					
				<include>animation_visible_hidden</include>
				<include>animation_fade</include>
			</control>
			<control type="label">	<!--Today-->						
				<posx>870</posx>
				<posy>940</posy>
				<height>50</height>
				<width>250</width>
				<label>[B]$LOCALIZE[33006][/B]</label>
				<align>center</align>
				<aligny>center</aligny>
				<font>Light32</font>
				<textcolor>ccmainblue</textcolor>
				<visible>Weather.IsFetched</visible>					
				<include>animation_visible_hidden</include>
				<include>animation_fade</include>
			</control>			
			<control type="label">	<!--Day 0 Temp-High Low-->
				<posx>870</posx>
				<posy>990</posy>
				<width>250</width>
				<height>50</height>					
				<font>Reg35</font>
				<textcolor>aawhite</textcolor>
				<align>center</align>
				<label>[B]$INFO[Window(Weather).Property(Day0.HighTemp)] $INFO[System.TemperatureUnits][COLOR=mainblue] / $INFO[Window(Weather).Property(Day0.LowTemp)] $INFO[System.TemperatureUnits] [/COLOR][/B]</label>
				<visible>Weather.IsFetched</visible>					
				<visible>Weather.IsFetched</visible>					
				<include>animation_visible_hidden</include>
				<include>animation_fade</include>
			</control>
			<control type="image">	<!--Day 0 Icon-->
				<posx>720</posx>
				<posy>915</posy>
				<height>128</height>
				<width>128</width>					
				<texture>$INFO[Window(Weather).Property(Day0.FanartCode),weather/icons/,.png]</texture>
				<visible>Weather.IsFetched</visible>								
				<include>animation_visible_hidden</include>
				<include>animation_fade</include>
			</control>
			<control type="label">	<!--Day 1 Title-->
				<posx>1150</posx>
				<posy>940</posy>
				<width>170</width>
				<height>50</height>					
				<font>Light32</font>
				<textcolor>ccmainblue</textcolor>
				<align>center</align>
				<label>[B]$INFO[Window(Weather).Property(Day1.Title)][/B]</label>
				<visible>Weather.IsFetched</visible>							
				<include>animation_visible_hidden</include>
				<include>animation_fade</include>
			</control>
			<control type="label">	<!--Day 1 Temp-->
				<posx>1150</posx>
				<posy>990</posy>
				<width>170</width>
				<height>50</height>					
				<font>Reg35</font>
				<textcolor>mainblue</textcolor>
				<align>center</align>
				<label>[B]$INFO[Window(Weather).Property(Day1.HighTemp)]$INFO[System.TemperatureUnits][/B]</label>
				<visible>Weather.IsFetched</visible>					
				<include>animation_visible_hidden</include>
				<include>animation_fade</include>
			</control>		
			<control type="label">	<!--Day 2 Title-->
				<posx>1320</posx>
				<posy>940</posy>
				<width>170</width>
				<height>50</height>					
				<font>Light32</font>
				<textcolor>ccmainblue</textcolor>
				<align>center</align>
				<label>[B]$INFO[Window(Weather).Property(Day2.Title)][/B]</label>
				<visible>Weather.IsFetched</visible>					
				<include>animation_visible_hidden</include>
				<include>animation_fade</include>
			</control>
			<control type="label">	<!--Day 2 Temp-->
				<posx>1320</posx>
				<posy>990</posy>
				<width>170</width>
				<height>50</height>					
				<font>Reg35</font>
				<textcolor>mainblue</textcolor>
				<align>center</align>
				<label>[B]$INFO[Window(Weather).Property(Day2.HighTemp)]$INFO[System.TemperatureUnits][/B]</label>
				<visible>Weather.IsFetched</visible>					
				<include>animation_visible_hidden</include>
				<include>animation_fade</include>
			</control>		
			<control type="label">	<!--Day 3 Title-->
				<posx>1490</posx>
				<posy>940</posy>
				<width>170</width>
				<height>50</height>					
				<font>Light32</font>
				<textcolor>ccmainblue</textcolor>
				<align>center</align>
				<label>[B]$INFO[Window(Weather).Property(Day3.Title)][/B]</label>
				<visible>Weather.IsFetched</visible>					
				<include>animation_visible_hidden</include>
				<include>animation_fade</include>
			</control>
			<control type="label">	<!--Day 3 Temp-->
				<posx>1490</posx>
				<posy>990</posy>
				<width>170</width>
				<height>50</height>					
				<font>Reg35</font>
				<textcolor>mainblue</textcolor>
				<align>center</align>
				<label>[B]$INFO[Window(Weather).Property(Day3.HighTemp)]$INFO[System.TemperatureUnits][/B]</label>
				<visible>Weather.IsFetched</visible>					
				<include>animation_visible_hidden</include>
				<include>animation_fade</include>
			</control>
			<control type="label">	<!--Day 4 Title-->
				<posx>1660</posx>
				<posy>940</posy>
				<width>170</width>
				<height>50</height>					
				<font>Light32</font>
				<textcolor>ccmainblue</textcolor>
				<align>center</align>
				<label>[B]$INFO[Window(Weather).Property(Day4.Title)][/B]</label>
				<visible>Weather.IsFetched</visible>					
				<include>animation_visible_hidden</include>
				<include>animation_fade</include>
			</control>
			<control type="label">	<!--Day 4 Temp-->
				<posx>1660</posx>
				<posy>990</posy>
				<width>170</width>
				<height>50</height>					
				<font>Reg35</font>
				<textcolor>mainblue</textcolor>
				<align>center</align>
				<label>[B]$INFO[Window(Weather).Property(Day4.HighTemp)]$INFO[System.TemperatureUnits][/B]</label>
				<visible>Weather.IsFetched</visible>					
				<include>animation_visible_hidden</include>
				<include>animation_fade</include>
			</control>		
		</control>		
	</include>	

	<!--Overlay-->
	<include name="DialogOverlay">			<!--Dialog Overlay-->		
		<control type="image">
			<animation effect="fade" time="800" start="0" end="100">WindowOpen</animation>
			<animation effect="fade" time="800" start="100" end="0">WindowClose</animation>
			<include>DimensionsFullscreen</include>
			<colordiffuse>ccFFFFFF</colordiffuse>
			<texture background="true">common/black.png</texture>			
		</control>
	</include>	
	<include name="GlobalFadeOverlay">		<!--Global Fade Overlay-->
		<control type="group">	
			<visible>Skin.HasSetting(FadeOverlay)</visible>
			<animation time="1500" effect="fade" start="100" end="0" tween="cubic" easing="in">WindowOpen</animation>
			<animation time="1500" effect="fade" start="0" end="0" tween="cubic" easing="in">WindowClose</animation>
			<control type="image">
				<include>DimensionsFullscreen</include>	
				<texture background="true">special://skin/backgrounds/global.jpg</texture>			
			</control>
		</control>
	</include>

	<!--Animation-->	
	<include name="animation_hoverslide">					<!--Hover Panel Animation-->	
		<animation type="WindowOpen" reversible="false">
			<effect type="fade" tween="sine" easing="inout" time="450"/>
		</animation>		
		<animation type="WindowClose" reversible="false">				
			<effect type="slide" start="0" end="-1980" tween="cubic" easing="inout" time="750"/>
			<effect type="fade" start="100" end="60" tween="sine" easing="inout" time="750"/>
		</animation>
	</include>	
	<include name="animation_visible_hidden">				<!--Visible/Hidden Animation-->	
		<animation time="450" effect="fade">Visible</animation> 
		<animation time="450" effect="fade">Hidden</animation>	
	</include>
	<include name="animation_fade">							<!--Open/Close Animation-->	
		<animation effect="fade" time="450">WindowOpen</animation>		
		<animation effect="fade" time="450">WindowClose</animation>	
	</include>
	<include name="animation_sub_menu">						<!--Sub Menu Slide Animation-->	
		<animation type="Conditional" condition="!ControlGroup(9000).HasFocus()" reversible="true">	
			<effect type="slide" start="0" end="-600" time="375" tween="cubic" easing="inout"/>			
		</animation>	
	</include>
	<include name="animation_dialog">						<!--Dialog Animation-->	
		<animation type="WindowOpen" reversible="false">
			<effect type="zoom" start="75" end="100" center="960,540" easing="out" tween="back" time="225" />
			<effect type="fade" start="0" end="100" time="175" />
		</animation>
		<animation type="WindowClose" reversible="false">
			<effect type="zoom" start="100" end="175" center="960,540" easing="out" tween="sine" time="225" />
			<effect type="fade" start="100" end="0" time="175" easing="out" tween="cubic" />
		</animation>
		<animation type="Visible" reversible="false">			
			<effect type="zoom" start="75" end="100" center="960,540" easing="out" tween="back" time="225" />
			<effect type="fade" start="0" end="100" time="175" />
		</animation>
		<animation type="Hidden" reversible="false">				
			<effect type="fade" start="100" end="0" time="175" easing="out" tween="cubic" />
		</animation>
	</include>
	<include name="animation_static_dialog">				<!--Static Dialog (KaiToast,ExtendesProgress,MuteBug,Volume) Animation-->	
		<animation type="conditional" condition="Window.Next(home.xml)">		<!--Fade Home-->			
			<effect type="fade" start="100" end="0" time="450"/>			
		</animation>
		<animation type="conditional" condition="Window.Next(myvideonav.xml)">	<!--Fade Videos-->				
			<effect type="fade" start="100" end="0" time="450"/>			
		</animation>
		<animation type="conditional" condition="Window.Next(mymusicnav.xml)">	<!--Fade Music-->					
			<effect type="fade" start="100" end="0" time="450"/>			
		</animation>
		<animation type="conditional" condition="Window.Next(myweathernav.xml)"><!--Fade Wetaher-->					
			<effect type="fade" start="100" end="0" time="450"/>			
		</animation>
		<animation type="conditional" condition="Window.Next(settings.xml)">	<!--Fade Settings-->					
			<effect type="fade" start="100" end="0" time="450"/>			
		</animation>
		<animation type="conditional" condition="Window.Next(mypics.xml)">		<!--Fade Pics-->					
			<effect type="fade" start="100" end="0" time="450"/>			
		</animation>
	</include>
	<include name="animation_widget_poster">				<!--Widget Poster Animation-->	
		<animation type="Focus">			
			<effect type="zoom"  start="100" end="110" center="85,125" time="150"/>			
		</animation>
		<animation type="UnFocus">			
			<effect type="zoom"  start="110" end="100" center="85,125" time="150"/>			
		</animation>		
	</include>
	<include name="animation_widget_poster_border">			<!--Widget Poster Border Animation-->	
		<animation type="Focus">			
			<effect type="zoom"  start="100" end="110" center="85,125" time="150"/>
			<effect type="fade"  start="0" end="100"  time="150"/>
		</animation>
		<animation type="UnFocus">			
			<effect type="zoom"  start="100" end="100" center="85,125" time="150"/>
			<effect type="fade"  start="110" end="0" time="0"/>
		</animation>		
	</include>
	<include name="animation_widget_cover">					<!--Widget Cover Animation-->	
		<animation type="Focus">			
			<effect type="zoom"  start="100" end="110" center="65,65" time="150"/>			
		</animation>
		<animation type="UnFocus">			
			<effect type="zoom"  start="110" end="100" center="65,65" time="150"/>			
		</animation>		
	</include>
	<include name="animation_widget_cover_border">			<!--Widget Cover Border Animation-->	
		<animation type="Focus">			
			<effect type="zoom"  start="100" end="110" center="65,65" time="150"/>
			<effect type="fade"  start="0" end="100"  time="150"/>
		</animation>
		<animation type="UnFocus">			
			<effect type="zoom"  start="100" end="100" center="65,65" time="150"/>
			<effect type="fade"  start="110" end="0" time="0"/>
		</animation>		
	</include>
	<include name="animation_widget_dialog">				<!--Widget Dialog Animation-->			
		<animation type="Visible" reversible="false">			
			<effect type="zoom" start="75" end="100" center="960,540" easing="out" tween="back" time="225" />
			<effect type="fade" start="0" end="100" time="175" />
		</animation>
		<animation type="Hidden" reversible="false">			
			<effect type="zoom" start="100" end="175" center="960,540" easing="out" tween="sine" time="225" />
			<effect type="fade" start="100" end="0" time="175" easing="out" tween="cubic" />
		</animation>
	</include>
	<include name="animation_view_change_pvr">				<!--View Change PVR Animation-->
		<animation time="600" effect="fade">Visible</animation> 
		<animation time="0" effect="fade">Hidden</animation>	
	</include>
	<include name="animation_fade_dialog_video_info">		<!--Fade Dialog Video Info Animation-->
		<animation effect="fade" start="0" end="100" time="300" tween="sine" delay="300" easing="in">WindowOpen</animation>
	</include>
	<include name="animation_tab_change_dialog_video_info">	<!--Tab Change Dialog Video Info Animation-->
		<animation effect="fade" start="0" end="100" time="300" tween="sine" delay="0" easing="in">Visible</animation>
		<animation effect="fade" start="100" end="0" time="300" tween="sine" delay="0" easing="out">Hidden</animation>
	</include>

	<!--Sub Menu-->
	<include name="SubMenuButton">			<!--Sub Menu Button-->				
		<width>458</width>
		<align>left</align>
		<textcolor>midgrey</textcolor>
		<focusedcolor>white</focusedcolor>
		<disabledcolor>77585858</disabledcolor>
		<pulseonselect>false</pulseonselect>
		<texturefocus>common/button-fo.png</texturefocus>		
		<texturenofocus>-</texturenofocus>
		<alttexturefocus>common/button-fo.png</alttexturefocus>
		<alttexturenofocus>-</alttexturenofocus>
	</include>	
	<include name="SubMenuTabLeft">			<!--Sub Menu Tab Left-->	
		<control type="image">	
			<visible>!ControlGroup(9001).HasFocus()</visible>		
			<include>animation_hoverslide</include>
			<posx>0</posx>
			<posy>330</posy>
			<width>64</width>
			<height>199</height>
			<texture>dialogs/default/menu-tab.png</texture>				
			<animation type="Conditional" condition="ControlGroup(9000).HasFocus()">					
				<effect type="fade" start="100" end="0" time="100"/>
			</animation>
			<animation type="Conditional" condition="!ControlGroup(9000).HasFocus()">				
				<effect type="fade" start="0" end="100" time="450" delay="600"/>
			</animation>
		</control>	
	</include>	
	<include name="SubMenuTabTop">			<!--Sub Menu Tab Top-->	
		<control type="image">		
			<visible>!ControlGroup(9001).HasFocus()</visible>			
			<include>animation_fade</include>
			<posx>860</posx>
			<posy>0</posy>
			<width>199</width>
			<height>64</height>
			<texture>dialogs/default/menu-tab-top.png</texture>				
			<animation type="Conditional" condition="ControlGroup(9000).HasFocus()">					
				<effect type="fade" start="100" end="0" time="100"/>
			</animation>
			<animation type="Conditional" condition="!ControlGroup(9000).HasFocus()">				
				<effect type="fade" start="0" end="100" time="450" delay="600"/>
			</animation>
		</control>	
	</include>	
	<include name="PVRSubMenu">				<!--PVR Submenu-->	
		<control type="group">
			<posx>15</posx>
			<posy>80</posy>
			
			<include>animation_visible_hidden</include>
			<include>animation_hoverslide</include>
			<include>animation_sub_menu</include>
		
			<!--Panel-->
			<control type="image">
				<posx>-19</posx>
				<posy>420</posy>
				<width>60</width>
				<height>80</height>
				<texture>dialogs/default/arrow-left-black.png</texture>
			</control>			
			<control type="image">				
				<width>500</width>
				<height>920</height>
				<texture border="39">dialogs/default/bg-black.png</texture>
				<aspectratio>stretch</aspectratio>
			</control>		
		
			<!--Gouplist 9000-->
			<control type="grouplist" id="9000">		
				<posx>21</posx>
				<posy>50</posy>
				<width>458</width>
				<height>820</height>
				<itemgap>3</itemgap>
				<onleft>50</onleft>
				<onright>50</onright>
				<onup>9000</onup>
				<ondown>9000</ondown>
				<orientation>vertical</orientation>

				<!--Buttons-->				
				
				<control type="label" id="200">			<!--Label Menu-->					
					<width>458</width>
					<align>left</align>
					<textoffsetx>50</textoffsetx>
					<font>Light40</font>
					<textcolor>mainblue</textcolor>	
					<label>$LOCALIZE[33061]:</label>					
				</control>
				<control type="image" id="201">			<!--Seperator-->						
					<width>458</width>					
					<height>20</height>	
					<align>left</align>	
					<texture>common/menu-separator.png</texture>				
				</control>	
				<control type="button" id="202">		<!--Channels-->
					<label>19019</label>
					<include>SubMenuButton</include>
					<onclick condition="Window.IsActive(TVChannels) | Window.IsActive(RadioChannels)">NextChannelGroup</onclick>
					<onclick condition="IsEmpty(Window.Property(IsRadio))">ActivateWindow(TVChannels)</onclick>
					<onclick condition="!IsEmpty(Window.Property(IsRadio))">ActivateWindow(RadioChannels)</onclick>
				</control>
				<control type="button" id="203">		<!--Guide-->
					<include>SubMenuButton</include>
					<label>22020</label>
					<onclick condition="Window.IsActive(TVGuide) | Window.IsActive(RadioGuide)">NextChannelGroup</onclick>
					<onclick condition="IsEmpty(Window.Property(IsRadio))">ActivateWindow(TVGuide)</onclick>
					<onclick condition="!IsEmpty(Window.Property(IsRadio))">ActivateWindow(RadioGuide)</onclick>
				</control>
				<control type="button" id="204">		<!--Recordings-->
					<include>SubMenuButton</include>
					<label>19163</label>
					<onclick condition="IsEmpty(Window.Property(IsRadio))">ActivateWindow(TVRecordings)</onclick>
					<onclick condition="!IsEmpty(Window.Property(IsRadio))">ActivateWindow(RadioRecordings)</onclick>
				</control>
				<control type="button" id="205">		<!--Timer-->
					<include>SubMenuButton</include>
					<label>19040</label>
					<onclick condition="IsEmpty(Window.Property(IsRadio))">ActivateWindow(TVTimers)</onclick>
					<onclick condition="!IsEmpty(Window.Property(IsRadio))">ActivateWindow(RadioTimers)</onclick>
				</control>
				<control type="button" id="206">		<!--Search-->
					<include>SubMenuButton</include>
					<label>137</label>
					<onclick condition="IsEmpty(Window.Property(IsRadio))">ActivateWindow(TVSearch)</onclick>
					<onclick condition="!IsEmpty(Window.Property(IsRadio))">ActivateWindow(RadioSearch)</onclick>
				</control>
				<control type="image" id="207">			<!--Space-->						
					<width>458</width>					
					<height>20</height>	
					<align>left</align>	
					<texture>common/menu-space.png</texture>				
				</control>		

				<control type="label" id="300">			<!--View:-->					
					<width>458</width>
					<align>left</align>	
					<textoffsetx>50</textoffsetx>
					<font>Light40</font>
					<textcolor>mainblue</textcolor>	
					<label>$LOCALIZE[457]:</label>					
				</control>	
				<control type="image" id="301">			<!--Seperator-->						
					<width>458</width>					
					<height>20</height>	
					<align>left</align>	
					<texture>common/menu-separator.png</texture>				
				</control>	
				<control type="button" id="28">			
					<description>Channel Groups</description>
					<include>SubMenuButton</include>
					<label>-</label>
				</control>
				<control type="button" id="2">			<!--View Type-->				
					<description>View As button</description>
					<include>SubMenuButton</include>	
					<label>-</label>					
				</control>
			</control>
		</control>
	</include>
	

	<!--Dailog Color/Font-->
	<include name="DialogHeader">			<!--Dialog Header-->
		<font>Light40</font>
		<textcolor>aawhite</textcolor>	
	</include>
	<include name="DialogHeader2">			<!--Dialog Header2 (Yes/No)-->
		<font>Light45</font>
		<textcolor>aawhite</textcolor>	
	</include>
	<include name="DialogButton">			<!--Dialog Button-->
		<font>Light32</font>						
		<textcolor>FF585858</textcolor>
		<focusedcolor>eewhite</focusedcolor>
		<disabledcolor>77585858</disabledcolor>
		<shadowcolor>20FFFFFF</shadowcolor>
	</include>
	<include name="DialogListNF">			<!--Dialog List NF-->
		<font>Light32</font>						
		<textcolor>FF585858</textcolor>
		<selectedcolor>FF585858</selectedcolor>
	</include>
	<include name="DialogListFO">			<!--Dialog List FO-->
		<font>Light32</font>						
		<textcolor>eewhite</textcolor>
		<selectedcolor>eewhite</selectedcolor>
	</include>
	<include name="DialogLabel">			<!--Dialog Label-->
		<font>Light32</font>
		<textcolor>FF585858</textcolor>
		<disabledcolor>FF585858</disabledcolor>
		<shadowcolor>20FFFFFF</shadowcolor>					
	</include>
	<include name="DialogButtonOKCancel">	<!--Dialog Button OK Cancel-->
		<font>Light32</font> 			
		<textcolor>midgrey</textcolor>
		<focusedcolor>white</focusedcolor>
		<disabledcolor>darkgrey</disabledcolor>
		<pulseonselect>false</pulseonselect>			
	</include>
	<include name="DialogButtonBrowseAdd">	<!--Dialog Button Browse Add-->
		<font>Light32</font>
		<textcolor>FF585858</textcolor>
		<focusedcolor>eewhite</focusedcolor>
		<disabledcolor>FF585858</disabledcolor>
		<shadowcolor>20FFFFFF</shadowcolor>	
	</include>

	<!--Keybord-->
	<include name="EditTextKeyboard">		
		<font>Light45</font>
		<textcolor>eewhite</textcolor>
		<selectedcolor>eewhite</selectedcolor>
		<disabledcolor>aawhite</disabledcolor>
	</include>
	<include name="EditTextNumeric">		
		<font>Light45</font>
		<textcolor>green</textcolor>
		<selectedcolor>eewhite</selectedcolor>
		<disabledcolor>aawhite</disabledcolor>
	</include>
	<include name="Key">		
		<height>90</height>
		<align>center</align>		
		<font>Reg28</font>
		<textoffsetx>0</textoffsetx>			
		<texturefocus border="20">dialogs/keyboard/key-fo.png</texturefocus>
		<texturenofocus border="20">dialogs/keyboard/key-nf.png</texturenofocus>
		<textcolor>darkgrey2</textcolor>
		<focusedcolor>eewhite</focusedcolor>
		<selectedcolor>eewhite</selectedcolor>
	</include>
	<include name="SmallKey">
		<width>90</width>
		<include>Key</include>
	</include>
	<include name="BigKey">
		<width>199</width>
		<include>Key</include>		
	</include>
	<include name="SpaceBar">
		<width>495</width>
		<include>Key</include>
	</include>
	<include name="BackSpace">
		<width>252</width>
		<include>Key</include>
	</include>
	<include name="MediumKeyLarr">
		<width>104</width>
		<height>90</height>
		<texturefocus>dialogs/keyboard/mediumkeylarrfocus.png</texturefocus>
		<texturenofocus>dialogs/keyboard/mediumkeylarrnofocus.png</texturenofocus>
	</include>
	<include name="MediumKeyRarr">
		<width>104</width>
		<height>90</height>
		<texturefocus>dialogs/keyboard/mediumkeyrarrfocus.png</texturefocus>
		<texturenofocus>dialogs/keyboard/mediumkeyrarrnofocus.png</texturenofocus>
	</include>
	<include name="DoubleKeyDone">
		<width>171</width>
		<height>90</height>
		<align>center</align>
		<font>Light28</font>
		<texturefocus border="20">dialogs/keyboard/donefocus.png</texturefocus>
		<texturenofocus border="20">dialogs/keyboard/key-nf.png</texturenofocus>
		<textcolor>darkgrey2</textcolor>
		<focusedcolor>eewhite</focusedcolor>
		<selectedcolor>eewhite</selectedcolor>
	</include>
	<include name="DoubleKeyCancel">
		<width>171</width>
		<height>90</height>
		<align>center</align>
		<font>Light28</font>
		<texturefocus border="20">dialogs/keyboard/cancelfocus.png</texturefocus>
		<texturenofocus border="20">dialogs/keyboard/key-nf.png</texturenofocus>
		<textcolor>darkgrey2</textcolor>
		<focusedcolor>eewhite</focusedcolor>
		<selectedcolor>eewhite</selectedcolor>
	</include>

</includes>