<?xml version="1.0" encoding="UTF-8"?>
<includes>
	<include name="HomeSubMenu">	

		<!--Sub Menu Tab-->
		<control type="group">				
			<include>SubMenuTabLeft</include>	
		</control>

		<!--Sub Menu-->
		<control type="group">	
			<posx>15</posx>
			<posy>80</posy>
			<include>animation_visible_hidden</include>
			<include>animation_hoverslide</include>			
			<include>animation_sub_menu</include>				

			<!--Panel-->
			<control type="image">
				<posx>-19</posx>
				<posy>360</posy>
				<width>60</width>
				<height>80</height>
				<texture>dialogs/default/arrow-left-black.png</texture>
			</control>			
			<control type="image">					
				<width>500</width>
				<height>860</height>
				<texture border="39">dialogs/default/bg-black.png</texture>
				<aspectratio>stretch</aspectratio>
			</control>					

			<!--Gouplist 9000-->
			<control type="grouplist" id="9000">			
				<posx>21</posx>
				<posy>50</posy>
				<width>458</width>
				<height>770</height>
				<itemgap>3</itemgap>
				<onleft>300</onleft>
				<onright>300</onright>
				<onup>noop</onup>
				<ondown>noop</ondown>					
				<orientation>vertical</orientation>	

				<!--Music Button-->	
				<control type="label" id="3001">		<!--Label Menu-->
					<visible>Container(300).HasFocus(3)</visible>		
					<width>458</width>
					<align>left</align>
					<textoffsetx>50</textoffsetx>
					<font>Light40</font>
					<textcolor>mainblue</textcolor>	
					<label>$LOCALIZE[33061]:</label>	
				</control>
				<control type="image" id="3002">		<!--Seperator-->	
					<visible>Container(300).HasFocus(3)</visible>		
					<width>458</width>					
					<height>20</height>	
					<align>left</align>	
					<texture>common/menu-separator.png</texture>					
				</control>
				<control type="button" id="3003">		<!--Music Addons-->
					<visible>Container(300).HasFocus(3)</visible>					
					<include>SubMenuButton</include>	
					<label>1038</label>					
					<onclick>ActivateWindow(MusicLibrary,addons,return)</onclick>					
				</control>
				<control type="button" id="3004">		<!--Music Files-->
					<visible>Container(300).HasFocus(3)</visible>					
					<include>SubMenuButton</include>	
					<label>744</label>					
					<onclick>ActivateWindow(musicfiles,return)</onclick>
				</control>		
				<control type="button" id="3005">		<!--Playlists-->
					<visible>Container(300).HasFocus(3)</visible>					
					<include>SubMenuButton</include>	
					<label>136</label>					
					<onclick>ActivateWindow(MusicLibrary,Playlists,return)</onclick>					
				</control>	
				<control type="image" id="3006">		<!--Space-->	
					<visible>Container(300).HasFocus(3)</visible>	
					<width>458</width>					
					<height>20</height>	
					<align>left</align>	
					<texture>common/menu-space.png</texture>				
				</control>			
				<control type="label" id="3007">		<!--View:-->
					<visible>Container(300).HasFocus(3)</visible>	
					<width>458</width>
					<align>left</align>	
					<textoffsetx>50</textoffsetx>
					<font>Light40</font>
					<textcolor>mainblue</textcolor>	
					<label>$LOCALIZE[457]:</label>
				</control>	
				<control type="image" id="3008">		<!--Seperator-->	
					<visible>Container(300).HasFocus(3)</visible>
					<width>458</width>					
					<height>20</height>	
					<align>left</align>	
					<texture>common/menu-separator.png</texture>				
				</control>	
				<control type="list" id="3098">			<!--List: Widget-->	
					<visible>Container(300).HasFocus(3)</visible>	
					<width>458</width>
					<height>66</height>
					<itemgap>0</itemgap>
					<orientation>vertical</orientation>					
					<pagecontrol>noop</pagecontrol>
					<onleft>300</onleft>
					<onright>300</onright>
					<onup>noop</onup>
					<ondown>noop</ondown>
					<scrolltime>0</scrolltime>
					<itemlayout width="1375" height="60" />
					<focusedlayout width="1375" height="60">
						<control type="image">	<!--Slider-->							
							<posx>0</posx>
							<posy>0</posy>
							<width>458</width>
							<height>60</height>
							<texture>common/button-fo.png</texture>	
							<visible>Control.HasFocus(3098)</visible>
						</control>	
						<control type="label">	<!--Label-->
							<posx>50</posx>
							<height>60</height>
							<width>458</width>								
							<font>Light32</font>
							<textcolor>white</textcolor>
							<label>$INFO[ListItem.Label]</label>
							<visible>Control.HasFocus(3098)</visible>
						</control>
						<control type="label">	<!--Label-->
							<posx>50</posx>
							<height>60</height>
							<width>458</width>								
							<font>Light32</font>
							<textcolor>midgrey</textcolor>
							<label>$INFO[ListItem.Label]</label>
							<visible>!Control.HasFocus(3098)</visible>
						</control>
					</focusedlayout>						
					<!--View Items-->
					<content>						

						<item>	<!--10-->					
							<label>$LOCALIZE[342] Widget 1</label>
							<onclick>Skin.SetString(Widget_Music,11)</onclick>	
							<visible>IsEmpty(Skin.String(Widget_Music)) | StringCompare(Skin.String(Widget_Music),10)</visible>
						</item>						
						<item>	<!--11-->					
							<label>$LOCALIZE[342] Widget 2</label>
							<onclick>Skin.SetString(Widget_Music,20)</onclick>	
							<visible>StringCompare(Skin.String(Widget_Music),11)</visible>
						</item>	

						<item>	<!--20-->	
							<label>$LOCALIZE[20343] Widget 1</label>
							<onclick>Skin.SetString(Widget_Music,21)</onclick>
							<visible>StringCompare(Skin.String(Widget_Music),20)</visible>
						</item>	
						<item>	<!--21-->	
							<label>$LOCALIZE[20343] Widget 2</label>
							<onclick>Skin.SetString(Widget_Music,22)</onclick>
							<visible>StringCompare(Skin.String(Widget_Music),21)</visible>
						</item>	
						<item>	<!--22-->	
							<label>$LOCALIZE[20343] Widget 3</label>
							<onclick>Skin.SetString(Widget_Music,23)</onclick>
							<visible>StringCompare(Skin.String(Widget_Music),22)</visible>
						</item>	
						<item>	<!--23-->	
							<label>$LOCALIZE[20343] Widget 4</label>
							<onclick>Skin.SetString(Widget_Music,30)</onclick>
							<visible>StringCompare(Skin.String(Widget_Music),23)</visible>
						</item>							

						<item>	<!--30-->	
							<label>$LOCALIZE[558] Widget 1</label>
							<onclick>Skin.SetString(Widget_Music,31)</onclick>
							<visible>StringCompare(Skin.String(Widget_Music),30)</visible>
						</item>				
						<item>	<!--31-->	
							<label>$LOCALIZE[558] Widget 2</label>
							<onclick>Skin.SetString(Widget_Music,90)</onclick>
							<visible>StringCompare(Skin.String(Widget_Music),31)</visible>
						</item>		

						<item>	<!--90-->	
							<label>$LOCALIZE[1036] Widget</label>
							<onclick>Skin.SetString(Widget_Music,10)</onclick>
							<visible>StringCompare(Skin.String(Widget_Music),90)</visible>
						</item>	
					</content>

				</control>
				<control type="button" id="3099">		<!--More-->		
					<visible>Container(300).HasFocus(3)</visible>	
					<include>SubMenuButton</include>
					<onclick>SetFocus(9001)</onclick>
					<label>22082</label>									
				</control>


				<!--Videos-->
				<control type="label" id="1001">		<!--Label Menu-->         
					<visible>Container(300).HasFocus(1)</visible>
					<width>458</width>
					<align>left</align>
					<textoffsetx>50</textoffsetx>
					<font>Light40</font>
					<textcolor>mainblue</textcolor>
					<label>$LOCALIZE[33061]:</label>
				</control>
				<control type="image" id="1002">		<!--Seperator-->        
					<visible>Container(300).HasFocus(1)</visible>
					<width>458</width>
					<height>20</height>
					<align>left</align>
					<texture>common/menu-separator.png</texture>
				</control>
				<control type="button" id="1003">		<!--Video Addons-->
					<visible>Container(300).HasFocus(1)</visible>
					<label>$LOCALIZE[1037]</label>
					<onclick>ActivateWindow(Video,addons,return)</onclick>
					<include>SubMenuButton</include>
				</control>
				<control type="button" id="1004">		<!--Video Files-->
					<visible>Container(300).HasFocus(1)</visible>
					<label>$LOCALIZE[744]</label>
					<onclick>ActivateWindow(Video,Files,return)</onclick>
					<include>SubMenuButton</include>
				</control>
				<control type="button" id="1005">		<!--Playlists-->
					<visible>Container(300).HasFocus(1)</visible>					
					<include>SubMenuButton</include>	
					<label>136</label>					
					<onclick>ActivateWindow(VideoLibrary,Playlists,return)</onclick>					
				</control>	
				<control type="image" id="1006">		<!--Space-->	
					<visible>Container(300).HasFocus(1)</visible>	
					<width>458</width>					
					<height>20</height>	
					<align>left</align>	
					<texture>common/menu-space.png</texture>				
				</control>			
				<control type="label" id="1007">		<!--View:-->
					<visible>Container(300).HasFocus(1)</visible>	
					<width>458</width>
					<align>left</align>	
					<textoffsetx>50</textoffsetx>
					<font>Light40</font>
					<textcolor>mainblue</textcolor>	
					<label>$LOCALIZE[457]:</label>
				</control>	
				<control type="image" id="1008">		<!--Seperator-->	
					<visible>Container(300).HasFocus(1)</visible>	
					<width>458</width>					
					<height>20</height>	
					<align>left</align>	
					<texture>common/menu-separator.png</texture>				
				</control>		
				<control type="list" id="1098">			<!--List: Widget-->	
					<visible>Container(300).HasFocus(1)</visible>	
					<width>458</width>
					<height>66</height>
					<itemgap>0</itemgap>
					<orientation>vertical</orientation>					
					<pagecontrol>noop</pagecontrol>
					<onleft>300</onleft>
					<onright>300</onright>
					<onup>noop</onup>
					<ondown>noop</ondown>
					<scrolltime>0</scrolltime>
					<itemlayout width="1375" height="60" />
					<focusedlayout width="1375" height="60">
						<control type="image">	<!--Slider-->							
							<posx>0</posx>
							<posy>0</posy>
							<width>458</width>
							<height>60</height>
							<texture>common/button-fo.png</texture>	
							<visible>Control.HasFocus(1098)</visible>
						</control>	
						<control type="label">	<!--Label-->
							<posx>50</posx>
							<height>60</height>
							<width>458</width>								
							<font>Light32</font>
							<textcolor>white</textcolor>
							<label>$INFO[ListItem.Label]</label>
							<visible>Control.HasFocus(1098)</visible>
						</control>
						<control type="label">	<!--Label-->
							<posx>50</posx>
							<height>60</height>
							<width>458</width>								
							<font>Light32</font>
							<textcolor>midgrey</textcolor>
							<label>$INFO[ListItem.Label]</label>
							<visible>!Control.HasFocus(1098)</visible>
						</control>
					</focusedlayout>						
					<!--View Items-->
					<content>								

						<item>	<!--10-->					
							<label>$LOCALIZE[342] Widget 1</label>
							<onclick>Skin.SetString(Widget_Videos,11)</onclick>	
							<visible>IsEmpty(Skin.String(Widget_Videos)) | StringCompare(Skin.String(Widget_Videos),10)</visible>
						</item>						
						<item>	<!--11-->					
							<label>$LOCALIZE[342] Widget 2</label>
							<onclick>Skin.SetString(Widget_Videos,20)</onclick>	
							<visible>StringCompare(Skin.String(Widget_Videos),11)</visible>
						</item>	

						<item>	<!--20-->	
							<label>$LOCALIZE[20343] Widget 1</label>
							<onclick>Skin.SetString(Widget_Videos,21)</onclick>
							<visible>StringCompare(Skin.String(Widget_Videos),20)</visible>
						</item>	
						<item>	<!--21-->	
							<label>$LOCALIZE[20343] Widget 2</label>
							<onclick>Skin.SetString(Widget_Videos,22)</onclick>
							<visible>StringCompare(Skin.String(Widget_Videos),21)</visible>
						</item>	
						<item>	<!--22-->	
							<label>$LOCALIZE[20343] Widget 3</label>
							<onclick>Skin.SetString(Widget_Videos,23)</onclick>
							<visible>StringCompare(Skin.String(Widget_Videos),22)</visible>
						</item>	
						<item>	<!--23-->	
							<label>$LOCALIZE[20343] Widget 4</label>
							<onclick>Skin.SetString(Widget_Videos,30)</onclick>
							<visible>StringCompare(Skin.String(Widget_Videos),23)</visible>
						</item>		

						<item>	<!--30-->	
							<label>$LOCALIZE[558] Widget 1</label>
							<onclick>Skin.SetString(Widget_Videos,31)</onclick>
							<visible>StringCompare(Skin.String(Widget_Videos),30)</visible>
						</item>				
						<item>	<!--31-->	
							<label>$LOCALIZE[558] Widget 2</label>
							<onclick>Skin.SetString(Widget_Videos,90)</onclick>
							<visible>StringCompare(Skin.String(Widget_Videos),31)</visible>
						</item>	

						<item>	<!--90-->	
							<label>$LOCALIZE[1036] Widget</label>
							<onclick>Skin.SetString(Widget_Videos,10)</onclick>
							<visible>StringCompare(Skin.String(Widget_Videos),90)</visible>
						</item>	

					</content>

				</control>
				<control type="button" id="1099">		<!--More-->		
					<visible>Container(300).HasFocus(1)</visible>	
					<include>SubMenuButton</include>
					<onclick>SetFocus(9001)</onclick>
					<label>22082</label>									
				</control>

				<!--Movie Button-->
				<control type="label" id="5001">		<!--Label Menu-->	
					<visible>Container(300).HasFocus(5)</visible>	
					<width>458</width>
					<align>left</align>
					<textoffsetx>50</textoffsetx>
					<font>Light40</font>
					<textcolor>mainblue</textcolor>	
					<label>$LOCALIZE[33061]:</label>	
				</control>
				<control type="image" id="5002">		<!--Seperator-->
					<visible>Container(300).HasFocus(5)</visible>	
					<width>458</width>					
					<height>20</height>	
					<align>left</align>	
					<texture>common/menu-separator.png</texture>		
				</control>
				<control type="button" id="5003">		<!--RecentlyAddedMovies-->
					<visible>Container(300).HasFocus(5)</visible>					
					<include>SubMenuButton</include>	
					<label>31328</label>							
					<onclick>ActivateWindow(VideoLibrary,RecentlyAddedMovies,return)</onclick>					
				</control>
				<control type="button" id="5004">		<!--UnwatchedMovies-->
					<visible>Container(300).HasFocus(5)</visible>					
					<include>SubMenuButton</include>	
					<label>$LOCALIZE[16101]</label>						
					<onclick>ActivateWindow(Video,special://skin/extras/playlists/unwatched.xsp,return)</onclick>					
				</control>
				<control type="button" id="5005">		<!--MovieGenres-->
					<visible>Container(300).HasFocus(5)</visible>
					<include>SubMenuButton</include>	
					<label>135</label>						
					<onclick>ActivateWindow(VideoLibrary,MovieGenres,return)</onclick>					
				</control>	
				<control type="button" id="5006">		<!--MovieYears-->
					<visible>Container(300).HasFocus(5)</visible>
					<include>SubMenuButton</include>	
					<label>345</label>					
					<onclick>ActivateWindow(VideoLibrary,MovieYears,return)</onclick>					
				</control>	
				<control type="button" id="5007">		<!--MovieActors-->
					<visible>Container(300).HasFocus(5)</visible>					
					<include>SubMenuButton</include>	
					<label>344</label>		
					<onclick>ActivateWindow(VideoLibrary,MovieActors,return)</onclick>				
				</control>
				<control type="button" id="5008">		<!--MovieDirectors-->
					<visible>Container(300).HasFocus(5)</visible>					
					<include>SubMenuButton</include>	
					<label>20339</label>					
					<onclick>ActivateWindow(VideoLibrary,MovieDirectors,return)</onclick>					
				</control>
				<control type="image" id="5009">		<!--Space-->	
					<visible>Container(300).HasFocus(5)</visible>	
					<width>458</width>					
					<height>20</height>	
					<align>left</align>	
					<texture>common/menu-space.png</texture>				
				</control>			
				<control type="label" id="5010">		<!--View:-->
					<visible>Container(300).HasFocus(5)</visible>	
					<width>458</width>
					<align>left</align>	
					<textoffsetx>50</textoffsetx>
					<font>Light40</font>
					<textcolor>mainblue</textcolor>	
					<label>$LOCALIZE[457]:</label>
				</control>	
				<control type="image" id="5011">		<!--Seperator-->	
					<visible>Container(300).HasFocus(5)</visible>	
					<width>458</width>					
					<height>20</height>	
					<align>left</align>	
					<texture>common/menu-separator.png</texture>				
				</control>		
				<control type="list" id="5098">			<!--List: Widget-->	
					<visible>Container(300).HasFocus(5)</visible>	
					<width>458</width>
					<height>66</height>
					<itemgap>0</itemgap>
					<orientation>vertical</orientation>					
					<pagecontrol>noop</pagecontrol>
					<onleft>300</onleft>
					<onright>300</onright>
					<onup>noop</onup>
					<ondown>noop</ondown>
					<scrolltime>0</scrolltime>
					<itemlayout width="1375" height="60" />
					<focusedlayout width="1375" height="60">
						<control type="image">	<!--Slider-->							
							<posx>0</posx>
							<posy>0</posy>
							<width>458</width>
							<height>60</height>
							<texture>common/button-fo.png</texture>	
							<visible>Control.HasFocus(5098)</visible>
						</control>	
						<control type="label">	<!--Label-->
							<posx>50</posx>
							<height>60</height>
							<width>458</width>								
							<font>Light32</font>
							<textcolor>white</textcolor>
							<label>$INFO[ListItem.Label]</label>
							<visible>Control.HasFocus(5098)</visible>
						</control>
						<control type="label">	<!--Label-->
							<posx>50</posx>
							<height>60</height>
							<width>458</width>								
							<font>Light32</font>
							<textcolor>midgrey</textcolor>
							<label>$INFO[ListItem.Label]</label>
							<visible>!Control.HasFocus(5098)</visible>
						</control>
					</focusedlayout>						
					<!--View Items-->
					<content>	

						<item>	<!--10-->					
							<label>$LOCALIZE[342] Widget 1</label>
							<onclick>Skin.SetString(Widget_Movies,11)</onclick>	
							<visible>IsEmpty(Skin.String(Widget_Movies)) | StringCompare(Skin.String(Widget_Movies),10)</visible>
						</item>						
						<item>	<!--11-->					
							<label>$LOCALIZE[342] Widget 2</label>
							<onclick>Skin.SetString(Widget_Movies,20)</onclick>	
							<visible>StringCompare(Skin.String(Widget_Movies),11)</visible>
						</item>	

						<item>	<!--20-->	
							<label>$LOCALIZE[20343] Widget 1</label>
							<onclick>Skin.SetString(Widget_Movies,21)</onclick>
							<visible>StringCompare(Skin.String(Widget_Movies),20)</visible>
						</item>	
						<item>	<!--21-->	
							<label>$LOCALIZE[20343] Widget 2</label>
							<onclick>Skin.SetString(Widget_Movies,22)</onclick>
							<visible>StringCompare(Skin.String(Widget_Movies),21)</visible>
						</item>	
						<item>	<!--22-->	
							<label>$LOCALIZE[20343] Widget 3</label>
							<onclick>Skin.SetString(Widget_Movies,23)</onclick>
							<visible>StringCompare(Skin.String(Widget_Movies),22)</visible>
						</item>	
						<item>	<!--23-->	
							<label>$LOCALIZE[20343] Widget 4</label>
							<onclick>Skin.SetString(Widget_Movies,30)</onclick>
							<visible>StringCompare(Skin.String(Widget_Movies),23)</visible>
						</item>						

						<item>	<!--30-->	
							<label>$LOCALIZE[558] Widget 1</label>
							<onclick>Skin.SetString(Widget_Movies,31)</onclick>
							<visible>StringCompare(Skin.String(Widget_Movies),30)</visible>
						</item>		
						<item>	<!--31-->	
							<label>$LOCALIZE[558] Widget 2</label>
							<onclick>Skin.SetString(Widget_Movies,90)</onclick>
							<visible>StringCompare(Skin.String(Widget_Movies),31)</visible>
						</item>		

						<item>	<!--90-->	
							<label>$LOCALIZE[1036] Widget</label>
							<onclick>Skin.SetString(Widget_Movies,10)</onclick>
							<visible>StringCompare(Skin.String(Widget_Movies),90)</visible>
						</item>	

					</content>

				</control>
				<control type="button" id="5099">		<!--More-->		
					<visible>Container(300).HasFocus(5)</visible>	
					<include>SubMenuButton</include>
					<onclick>SetFocus(9001)</onclick>
					<label>22082</label>									
				</control>

				<!--TV-Show Button-->	
				<control type="label" id="6001">		<!--Label Menu-->
					<visible>Container(300).HasFocus(6)</visible>	
					<width>458</width>
					<align>left</align>
					<textoffsetx>50</textoffsetx>
					<font>Light40</font>
					<textcolor>mainblue</textcolor>	
					<label>$LOCALIZE[33061]:</label>	
				</control>
				<control type="image" id="6002">		<!--Seperator-->	
					<visible>Container(300).HasFocus(6)</visible>	
					<width>458</width>					
					<height>20</height>	
					<align>left</align>	
					<texture>common/menu-separator.png</texture>		
				</control>
				<control type="button" id="6003">		<!--RecentlyAddedEpisodes-->
					<visible>Container(300).HasFocus(6)</visible>					
					<include>SubMenuButton</include>	
					<label>31328</label>					
					<onclick>ActivateWindow(VideoLibrary,RecentlyAddedEpisodes,return)</onclick>					
				</control>					
				<control type="button" id="6004">		<!--TVShowGenres-->
					<visible>Container(300).HasFocus(6)</visible>					
					<include>SubMenuButton</include>	
					<label>135</label>		
					<onclick>ActivateWindow(VideoLibrary,TVShowGenres,return)</onclick>					
				</control>
				<control type="button" id="6005">		<!--TVShowYears-->
					<visible>Container(300).HasFocus(6)</visible>				
					<include>SubMenuButton</include>	
					<label>345</label>					
					<onclick>ActivateWindow(VideoLibrary,TVShowYears,return)</onclick>					
				</control>		
				<control type="button" id="6006">		<!--TVShowActors-->
					<visible>Container(300).HasFocus(6)</visible>					
					<include>SubMenuButton</include>	
					<label>344</label>					
					<onclick>ActivateWindow(VideoLibrary,TVShowActors,return)</onclick>					
				</control>	
				<control type="image" id="6007">		<!--Space-->	
					<visible>Container(300).HasFocus(6)</visible>	
					<width>458</width>					
					<height>20</height>	
					<align>left</align>	
					<texture>common/menu-space.png</texture>				
				</control>			
				<control type="label" id="6008">		<!--View:-->
					<visible>Container(300).HasFocus(6)</visible>	
					<width>458</width>
					<align>left</align>	
					<textoffsetx>50</textoffsetx>
					<font>Light40</font>
					<textcolor>mainblue</textcolor>	
					<label>$LOCALIZE[457]:</label>
				</control>	
				<control type="image" id="6009">		<!--Seperator-->	
					<visible>Container(300).HasFocus(6)</visible>	
					<width>458</width>					
					<height>20</height>	
					<align>left</align>	
					<texture>common/menu-separator.png</texture>				
				</control>		
				<control type="list" id="6098">			<!--List: Widget-->	
					<visible>Container(300).HasFocus(6)</visible>	
					<width>458</width>
					<height>66</height>
					<itemgap>0</itemgap>
					<orientation>vertical</orientation>					
					<pagecontrol>noop</pagecontrol>
					<onleft>300</onleft>
					<onright>300</onright>
					<onup>noop</onup>
					<ondown>noop</ondown>
					<scrolltime>0</scrolltime>
					<itemlayout width="1375" height="60" />
					<focusedlayout width="1375" height="60">
						<control type="image">	<!--Slider-->							
							<posx>0</posx>
							<posy>0</posy>
							<width>458</width>
							<height>60</height>
							<texture>common/button-fo.png</texture>	
							<visible>Control.HasFocus(6098)</visible>
						</control>	
						<control type="label">	<!--Label-->
							<posx>50</posx>
							<height>60</height>
							<width>458</width>								
							<font>Light32</font>
							<textcolor>white</textcolor>
							<label>$INFO[ListItem.Label]</label>
							<visible>Control.HasFocus(6098)</visible>
						</control>
						<control type="label">	<!--Label-->
							<posx>50</posx>
							<height>60</height>
							<width>458</width>								
							<font>Light32</font>
							<textcolor>midgrey</textcolor>
							<label>$INFO[ListItem.Label]</label>
							<visible>!Control.HasFocus(6098)</visible>
						</control>
					</focusedlayout>						
					<!--View Items-->
					<content>					

						<item>	<!--10-->					
							<label>$LOCALIZE[342] Widget 1</label>
							<onclick>Skin.SetString(Widget_TVShows,11)</onclick>	
							<visible>IsEmpty(Skin.String(Widget_TVShows)) | StringCompare(Skin.String(Widget_TVShows),10)</visible>
						</item>						
						<item>	<!--11-->					
							<label>$LOCALIZE[342] Widget 2</label>
							<onclick>Skin.SetString(Widget_TVShows,20)</onclick>	
							<visible>StringCompare(Skin.String(Widget_TVShows),11)</visible>
						</item>	

						<item>	<!--20-->	
							<label>$LOCALIZE[20343] Widget 1</label>
							<onclick>Skin.SetString(Widget_TVShows,21)</onclick>
							<visible>StringCompare(Skin.String(Widget_TVShows),20)</visible>
						</item>	
						<item>	<!--21-->	
							<label>$LOCALIZE[20343] Widget 2</label>
							<onclick>Skin.SetString(Widget_TVShows,22)</onclick>
							<visible>StringCompare(Skin.String(Widget_TVShows),21)</visible>
						</item>	
						<item>	<!--22-->	
							<label>$LOCALIZE[20343] Widget 3</label>
							<onclick>Skin.SetString(Widget_TVShows,23)</onclick>
							<visible>StringCompare(Skin.String(Widget_TVShows),22)</visible>
						</item>	
						<item>	<!--23-->	
							<label>$LOCALIZE[20343] Widget 4</label>
							<onclick>Skin.SetString(Widget_TVShows,30)</onclick>
							<visible>StringCompare(Skin.String(Widget_TVShows),23)</visible>
						</item>							

						<item>	<!--30-->	
							<label>$LOCALIZE[558] Widget 1</label>
							<onclick>Skin.SetString(Widget_TVShows,31)</onclick>
							<visible>StringCompare(Skin.String(Widget_TVShows),30)</visible>
						</item>				
						<item>	<!--31-->	
							<label>$LOCALIZE[558] Widget 2</label>
							<onclick>Skin.SetString(Widget_TVShows,90)</onclick>
							<visible>StringCompare(Skin.String(Widget_TVShows),31)</visible>
						</item>	

						<item>	<!--90-->	
							<label>$LOCALIZE[1036] Widget</label>
							<onclick>Skin.SetString(Widget_TVShows,10)</onclick>
							<visible>StringCompare(Skin.String(Widget_TVShows),90)</visible>
						</item>	

					</content>

				</control>
				<control type="button" id="6099">		<!--More-->		
					<visible>Container(300).HasFocus(6)</visible>	
					<include>SubMenuButton</include>
					<onclick>SetFocus(9001)</onclick>
					<label>22082</label>									
				</control>

				<!--TV-->
				<control type="label" id="7001">		<!--Label Menu-->	
					<visible>Container(300).HasFocus(7)</visible>	
					<width>458</width>
					<align>left</align>
					<textoffsetx>50</textoffsetx>
					<font>Light40</font>
					<textcolor>mainblue</textcolor>	
					<label>$LOCALIZE[33061]:</label>	
				</control>
				<control type="image" id="7002">		<!--Seperator-->		
					<visible>Container(300).HasFocus(7)</visible>	
					<width>458</width>					
					<height>20</height>	
					<align>left</align>	
					<texture>common/menu-separator.png</texture>				
				</control>
				<control type="button" id="7003">		<!--TV Channel-->	
					<visible>Container(300).HasFocus(7)</visible>
					<include>SubMenuButton</include>
					<label>19023</label>
					<onclick>ActivateWindowAndFocus(TVChannels)</onclick>
				</control>
				<control type="button" id="7004">		<!--TV Guide-->
					<visible>Container(300).HasFocus(7)</visible>
					<include>SubMenuButton</include>
					<label>$LOCALIZE[19020] $LOCALIZE[19069]</label>
					<onclick>ActivateWindowAndFocus(TVGuide)</onclick>
				</control>
				<control type="button" id="7005">		<!--TV Rerording-->
					<visible>Container(300).HasFocus(7)</visible>
					<include>SubMenuButton</include>
					<label>$LOCALIZE[19020] $LOCALIZE[19163]</label>
					<onclick>ActivateWindowAndFocus(TVRecordings)</onclick>
				</control>
				<control type="button" id="7006">		<!--TV Timer-->
					<visible>Container(300).HasFocus(7)</visible>
					<include>SubMenuButton</include>
					<label>$LOCALIZE[19020] $LOCALIZE[19040]</label>
					<onclick>ActivateWindowAndFocus(TVTimers)</onclick>
				</control>
				<control type="image" id="7007">		<!--Space-->	
					<visible>Container(300).HasFocus(7)</visible>	
					<width>458</width>					
					<height>20</height>	
					<align>left</align>	
					<texture>common/menu-space.png</texture>				
				</control>			
				<control type="label" id="7008">		<!--View:-->
					<visible>Container(300).HasFocus(7)</visible>	
					<width>458</width>
					<align>left</align>	
					<textoffsetx>50</textoffsetx>
					<font>Light40</font>
					<textcolor>mainblue</textcolor>	
					<label>$LOCALIZE[457]:</label>
				</control>	
				<control type="image" id="7009">		<!--Seperator-->	
					<visible>Container(300).HasFocus(7)</visible>	
					<width>458</width>					
					<height>20</height>	
					<align>left</align>	
					<texture>common/menu-separator.png</texture>				
				</control>	
				<control type="list" id="7098">			<!--List: Widget-->	
					<visible>Container(300).HasFocus(7)</visible>	
					<width>458</width>
					<height>66</height>
					<itemgap>0</itemgap>
					<orientation>vertical</orientation>					
					<pagecontrol>noop</pagecontrol>
					<onleft>300</onleft>
					<onright>300</onright>
					<onup>noop</onup>
					<ondown>noop</ondown>
					<scrolltime>0</scrolltime>
					<itemlayout width="1375" height="60" />
					<focusedlayout width="1375" height="60">
						<control type="image">	<!--Slider-->							
							<posx>0</posx>
							<posy>0</posy>
							<width>458</width>
							<height>60</height>
							<texture>common/button-fo.png</texture>	
							<visible>Control.HasFocus(7098)</visible>
						</control>	
						<control type="label">	<!--Label-->
							<posx>50</posx>
							<height>60</height>
							<width>458</width>								
							<font>Light32</font>
							<textcolor>white</textcolor>
							<label>$INFO[ListItem.Label]</label>
							<visible>Control.HasFocus(7098)</visible>
						</control>
						<control type="label">	<!--Label-->
							<posx>50</posx>
							<height>60</height>
							<width>458</width>								
							<font>Light32</font>
							<textcolor>midgrey</textcolor>
							<label>$INFO[ListItem.Label]</label>
							<visible>!Control.HasFocus(7098)</visible>
						</control>
					</focusedlayout>						
					<!--View Items-->
					<content>						

						<item>	<!--10-->					
							<label>$LOCALIZE[342] Widget 1</label>
							<onclick>Skin.SetString(Widget_PVR,11)</onclick>	
							<visible>IsEmpty(Skin.String(Widget_PVR)) | StringCompare(Skin.String(Widget_PVR),10)</visible>
						</item>						
						<item>	<!--11-->					
							<label>$LOCALIZE[342] Widget 2</label>
							<onclick>Skin.SetString(Widget_PVR,20)</onclick>	
							<visible>StringCompare(Skin.String(Widget_PVR),11)</visible>
						</item>	

						<item>	<!--20-->	
							<label>$LOCALIZE[20343] Widget 1</label>
							<onclick>Skin.SetString(Widget_PVR,21)</onclick>
							<visible>StringCompare(Skin.String(Widget_PVR),20)</visible>
						</item>	
						<item>	<!--21-->	
							<label>$LOCALIZE[20343] Widget 2</label>
							<onclick>Skin.SetString(Widget_PVR,22)</onclick>
							<visible>StringCompare(Skin.String(Widget_PVR),21)</visible>
						</item>	
						<item>	<!--22-->	
							<label>$LOCALIZE[20343] Widget 3</label>
							<onclick>Skin.SetString(Widget_PVR,23)</onclick>
							<visible>StringCompare(Skin.String(Widget_PVR),22)</visible>
						</item>	
						<item>	<!--23-->	
							<label>$LOCALIZE[20343] Widget 4</label>
							<onclick>Skin.SetString(Widget_PVR,30)</onclick>
							<visible>StringCompare(Skin.String(Widget_PVR),23)</visible>
						</item>	

						<item>	<!--30-->	
							<label>$LOCALIZE[558] Widget 1</label>
							<onclick>Skin.SetString(Widget_PVR,31)</onclick>
							<visible>StringCompare(Skin.String(Widget_PVR),30)</visible>
						</item>						
						<item>	<!--31-->	
							<label>$LOCALIZE[558] Widget 2</label>
							<onclick>Skin.SetString(Widget_PVR,90)</onclick>
							<visible>StringCompare(Skin.String(Widget_PVR),31)</visible>
						</item>	

						<item>	<!--90-->	
							<label>$LOCALIZE[1036] Widget</label>
							<onclick>Skin.SetString(Widget_PVR,10)</onclick>
							<visible>StringCompare(Skin.String(Widget_PVR),90)</visible>
						</item>	

					</content>

				</control>
				<control type="button" id="7099">		<!--More-->		
					<visible>Container(300).HasFocus(7)</visible>	
					<include>SubMenuButton</include>
					<onclick>SetFocus(9001)</onclick>
					<label>22082</label>									
				</control>

				<!--Radio-->
				<control type="label" id="8001">		<!--Label Menu-->	
					<visible>Container(300).HasFocus(8)</visible>	
					<width>458</width>
					<align>left</align>
					<textoffsetx>50</textoffsetx>
					<font>Light40</font>
					<textcolor>mainblue</textcolor>	
					<label>$LOCALIZE[33061]:</label>	
				</control>
				<control type="image" id="8002">		<!--Seperator-->		
					<visible>Container(300).HasFocus(8)</visible>	
					<width>458</width>					
					<height>20</height>	
					<align>left</align>	
					<texture>common/menu-separator.png</texture>				
				</control>
				<control type="button" id="8003">		<!--Radio Channel-->
					<visible>Container(300).HasFocus(8)</visible>
					<include>SubMenuButton</include>
					<label>19024</label>
					<onclick>ActivateWindowAndFocus(RadioChannels)</onclick>
				</control>
				<control type="button" id="8004">		<!--Radio Guide-->
					<visible>Container(300).HasFocus(8)</visible>
					<include>SubMenuButton</include>
					<label>$LOCALIZE[19021] $LOCALIZE[19069]</label>
					<onclick>ActivateWindowAndFocus(RadioGuide)</onclick>
				</control>
				<control type="button" id="8005">		<!--Radio Rerording-->
					<visible>Container(300).HasFocus(8)</visible>
					<include>SubMenuButton</include>
					<label>$LOCALIZE[19021] $LOCALIZE[19163]</label>
					<onclick>ActivateWindowAndFocus(RadioRecordings)</onclick>
				</control>
				<control type="button" id="8006">		<!--Radio Timer-->
					<visible>Container(300).HasFocus(8)</visible>
					<include>SubMenuButton</include>
					<label>$LOCALIZE[19021] $LOCALIZE[19040]</label>
					<onclick>ActivateWindowAndFocus(RadioTimers)</onclick>
				</control>
				<control type="image" id="8007">		<!--Space-->	
					<visible>Container(300).HasFocus(8)</visible>	
					<width>458</width>					
					<height>20</height>	
					<align>left</align>	
					<texture>common/menu-space.png</texture>				
				</control>			
				<control type="label" id="8008">		<!--View:-->
					<visible>Container(300).HasFocus(8)</visible>	
					<width>458</width>
					<align>left</align>	
					<textoffsetx>50</textoffsetx>
					<font>Light40</font>
					<textcolor>mainblue</textcolor>	
					<label>$LOCALIZE[457]:</label>
				</control>	
				<control type="image" id="8009">		<!--Seperator-->	
					<visible>Container(300).HasFocus(8)</visible>	
					<width>458</width>					
					<height>20</height>	
					<align>left</align>	
					<texture>common/menu-separator.png</texture>				
				</control>		
				<control type="list" id="8098">			<!--List: Widget-->	
					<visible>Container(300).HasFocus(8)</visible>	
					<width>458</width>
					<height>66</height>
					<itemgap>0</itemgap>
					<orientation>vertical</orientation>					
					<pagecontrol>noop</pagecontrol>
					<onleft>300</onleft>
					<onright>300</onright>
					<onup>noop</onup>
					<ondown>noop</ondown>
					<scrolltime>0</scrolltime>
					<itemlayout width="1375" height="60" />
					<focusedlayout width="1375" height="60">
						<control type="image">	<!--Slider-->							
							<posx>0</posx>
							<posy>0</posy>
							<width>458</width>
							<height>60</height>
							<texture>common/button-fo.png</texture>	
							<visible>Control.HasFocus(8098)</visible>
						</control>	
						<control type="label">	<!--Label-->
							<posx>50</posx>
							<height>60</height>
							<width>458</width>								
							<font>Light32</font>
							<textcolor>white</textcolor>
							<label>$INFO[ListItem.Label]</label>
							<visible>Control.HasFocus(8098)</visible>
						</control>
						<control type="label">	<!--Label-->
							<posx>50</posx>
							<height>60</height>
							<width>458</width>								
							<font>Light32</font>
							<textcolor>midgrey</textcolor>
							<label>$INFO[ListItem.Label]</label>
							<visible>!Control.HasFocus(8098)</visible>
						</control>
					</focusedlayout>						
					<!--View Items-->
					<content>						

						<item>	<!--10-->					
							<label>$LOCALIZE[342] Widget 1</label>
							<onclick>Skin.SetString(Widget_Radio,11)</onclick>	
							<visible>IsEmpty(Skin.String(Widget_Radio)) | StringCompare(Skin.String(Widget_Radio),10)</visible>
						</item>						
						<item>	<!--11-->					
							<label>$LOCALIZE[342] Widget 2</label>
							<onclick>Skin.SetString(Widget_Radio,20)</onclick>	
							<visible>StringCompare(Skin.String(Widget_Radio),11)</visible>
						</item>	

						<item>	<!--20-->	
							<label>$LOCALIZE[20343] Widget 1</label>
							<onclick>Skin.SetString(Widget_Radio,21)</onclick>
							<visible>StringCompare(Skin.String(Widget_Radio),20)</visible>
						</item>	
						<item>	<!--21-->	
							<label>$LOCALIZE[20343] Widget 2</label>
							<onclick>Skin.SetString(Widget_Radio,22)</onclick>
							<visible>StringCompare(Skin.String(Widget_Radio),21)</visible>
						</item>	
						<item>	<!--22-->	
							<label>$LOCALIZE[20343] Widget 3</label>
							<onclick>Skin.SetString(Widget_Radio,23)</onclick>
							<visible>StringCompare(Skin.String(Widget_Radio),22)</visible>
						</item>	
						<item>	<!--23-->	
							<label>$LOCALIZE[20343] Widget 4</label>
							<onclick>Skin.SetString(Widget_Radio,30)</onclick>
							<visible>StringCompare(Skin.String(Widget_Radio),23)</visible>
						</item>	

						<item>	<!--30-->	
							<label>$LOCALIZE[558] Widget 1</label>
							<onclick>Skin.SetString(Widget_Radio,31)</onclick>
							<visible>StringCompare(Skin.String(Widget_Radio),30)</visible>
						</item>						
						<item>	<!--31-->	
							<label>$LOCALIZE[558] Widget 2</label>
							<onclick>Skin.SetString(Widget_Radio,90)</onclick>
							<visible>StringCompare(Skin.String(Widget_Radio),31)</visible>
						</item>	

						<item>	<!--90-->	
							<label>$LOCALIZE[1036] Widget</label>
							<onclick>Skin.SetString(Widget_Radio,10)</onclick>
							<visible>StringCompare(Skin.String(Widget_Radio),90)</visible>
						</item>	

					</content>

				</control>
				<control type="button" id="8099">		<!--More-->		
					<visible>Container(300).HasFocus(8)</visible>	
					<include>SubMenuButton</include>
					<onclick>SetFocus(9001)</onclick>
					<label>22082</label>									
				</control>

				<!--Shutdown Buttons-->
				<control type="label" id="10001">		<!--Label Menu-->	
					<visible>Container(300).HasFocus(10)</visible>
					<width>458</width>
					<align>left</align>
					<textoffsetx>50</textoffsetx>
					<font>Light40</font>
					<textcolor>mainblue</textcolor>	
					<label>$LOCALIZE[33061]:</label>	
				</control>
				<control type="image" id="10002">		<!--Seperator-->	
					<visible>Container(300).HasFocus(10)</visible>
					<width>458</width>					
					<height>20</height>	
					<align>left</align>	
					<texture>common/menu-separator.png</texture>				
				</control>	
				<control type="button" id="10003">		<!--Quit-->
					<visible>Container(300).HasFocus(10)</visible>
					<visible>System.ShowExitButton</visible>
					<include>SubMenuButton</include>	
					<label>13012</label>					
					<onclick>Quit()</onclick>						
				</control>
				<control type="button" id="10004">		<!--Mastermode-->
					<visible>Container(300).HasFocus(10)</visible>
					<visible>System.HasLocks</visible>
					<include>SubMenuButton</include>	
					<label>20046</label>						
					<onclick>xbmc.mastermode</onclick>					
				</control>
				<control type="button" id="10005">		<!--LogOff Profile-->
					<visible>Container(300).HasFocus(10)</visible>
					<visible>System.HasLoginScreen | IntegerGreaterThan(System.ProfileCount,1)</visible>
					<visible>System.Loggedon</visible>
					<include>SubMenuButton</include>				
					<label>$LOCALIZE[20126] $INFO[system.profilename]</label>					
					<onclick>dialog.close(all,true)</onclick>
					<onclick>System.LogOff</onclick>					
				</control>
				<control type="button" id="10006">		<!--Chancle Custom Shutdown Timer button-->
					<visible>Container(300).HasFocus(10)</visible>	
					<visible>System.HasAlarm(shutdowntimer)</visible>
					<include>SubMenuButton</include>	
					<label>20151</label>					
					<onclick>XBMC.CancelAlarm(shutdowntimer)</onclick>					
				</control>
				<control type="button" id="10007">		<!--Start Custom Shutdown Timer button-->
					<visible>Container(300).HasFocus(10)</visible>	
					<visible>!System.HasAlarm(shutdowntimer)</visible>
					<include>SubMenuButton</include>	
					<label>20150</label>					
					<onclick>XBMC.AlarmClock(shutdowntimer,XBMC.Shutdown())</onclick>					
				</control>
				<control type="button" id="10008">		<!--Shutdown-->
					<visible>Container(300).HasFocus(10)</visible>								
					<include>SubMenuButton</include>	
					<label>13005</label>					
					<onclick>ShutDown()</onclick>				
				</control>
				<control type="button" id="10009">		<!--Suspend-->
					<visible>Container(300).HasFocus(10)</visible>								
					<include>SubMenuButton</include>	
					<label>13011</label>					
					<onclick>XBMC.Suspend()</onclick>					
				</control>
				<control type="button" id="10010">		<!--Reboot-->
					<visible>Container(300).HasFocus(10)</visible>							
					<include>SubMenuButton</include>	
					<label>13013</label>					
					<onclick>XBMC.Reset()</onclick>				
				</control>
				<control type="group" id="10011">		<!--Shutdowntimer-->	
					<visible>System.HasAlarm(shutdowntimer)</visible>	
					<visible>Container(300).HasFocus(10)</visible>	
					<control type="label">		<!--Label: Shutdown Timer-->
						<posy>20</posy>
						<posx>50</posx>
						<width>458</width>					
						<font>Light40</font>
						<textcolor>mainblue</textcolor>														
						<label>$LOCALIZE[20144]:</label>
					</control>
					<control type="image">		<!--Seperator-->	
						<posx>0</posx>
						<posy>80</posy>
						<width>458</width>					
						<height>20</height>	
						<align>left</align>	
						<texture>common/menu-separator.png</texture>				
					</control>	
					<control type="label">		<!--Time-->
						<posx>50</posx>
						<posy>100</posy>
						<width>458</width>
						<height>60</height>
						<font>Light32</font>
						<textcolor>midgrey</textcolor>														
						<label>$INFO[System.Alarmpos]</label>
					</control>
				</control>
				<control type="image" id="10012">		<!--Space-->	
					<visible>Container(300).HasFocus(10)</visible>	
					<width>458</width>					
					<height>20</height>	
					<align>left</align>	
					<texture>common/menu-space.png</texture>				
				</control>	
				<control type="label" id="10013">		<!--View:-->
					<visible>Container(300).HasFocus(10)</visible>	
					<width>458</width>
					<align>left</align>	
					<textoffsetx>50</textoffsetx>
					<font>Light40</font>
					<textcolor>mainblue</textcolor>	
					<label>$LOCALIZE[457]:</label>
				</control>	
				<control type="image" id="10014">		<!--Seperator-->	
					<visible>Container(300).HasFocus(10)</visible>	
					<width>458</width>					
					<height>20</height>	
					<align>left</align>	
					<texture>common/menu-separator.png</texture>				
				</control>		
				<control type="list" id="10098">		<!--List: Widget-->	
					<visible>Container(300).HasFocus(10)</visible>	
					<width>458</width>
					<height>66</height>
					<itemgap>0</itemgap>
					<orientation>vertical</orientation>					
					<pagecontrol>noop</pagecontrol>
					<onleft>300</onleft>
					<onright>300</onright>
					<onup>noop</onup>
					<ondown>noop</ondown>
					<scrolltime>0</scrolltime>
					<itemlayout width="1375" height="60" />
					<focusedlayout width="1375" height="60">
						<control type="image">	<!--Slider-->							
							<posx>0</posx>
							<posy>0</posy>
							<width>458</width>
							<height>60</height>
							<texture>common/button-fo.png</texture>	
							<visible>Control.HasFocus(10098)</visible>
						</control>	
						<control type="label">	<!--Label-->
							<posx>50</posx>
							<height>60</height>
							<width>458</width>								
							<font>Light32</font>
							<textcolor>white</textcolor>
							<label>$INFO[ListItem.Label]</label>
							<visible>Control.HasFocus(10098)</visible>
						</control>
						<control type="label">	<!--Label-->
							<posx>50</posx>
							<height>60</height>
							<width>458</width>								
							<font>Light32</font>
							<textcolor>midgrey</textcolor>
							<label>$INFO[ListItem.Label]</label>
							<visible>!Control.HasFocus(10098)</visible>
						</control>
					</focusedlayout>						
					<!--View Items-->
					<content>				

						<item>	<!--10-->					
							<label>$LOCALIZE[342] Widget 1</label>
							<onclick>Skin.SetString(Widget_Shutdown,11)</onclick>	
							<visible>IsEmpty(Skin.String(Widget_Shutdown)) | StringCompare(Skin.String(Widget_Shutdown),10)</visible>
						</item>						
						<item>	<!--11-->					
							<label>$LOCALIZE[342] Widget 2</label>
							<onclick>Skin.SetString(Widget_Shutdown,20)</onclick>	
							<visible>StringCompare(Skin.String(Widget_Shutdown),11)</visible>
						</item>	

						<item>	<!--20-->	
							<label>$LOCALIZE[20343] Widget 1</label>
							<onclick>Skin.SetString(Widget_Shutdown,21)</onclick>
							<visible>StringCompare(Skin.String(Widget_Shutdown),20)</visible>
						</item>	
						<item>	<!--21-->	
							<label>$LOCALIZE[20343] Widget 2</label>
							<onclick>Skin.SetString(Widget_Shutdown,22)</onclick>
							<visible>StringCompare(Skin.String(Widget_Shutdown),21)</visible>
						</item>	
						<item>	<!--22-->	
							<label>$LOCALIZE[20343] Widget 3</label>
							<onclick>Skin.SetString(Widget_Shutdown,23)</onclick>
							<visible>StringCompare(Skin.String(Widget_Shutdown),22)</visible>
						</item>	
						<item>	<!--23-->	
							<label>$LOCALIZE[20343] Widget 4</label>
							<onclick>Skin.SetString(Widget_Shutdown,30)</onclick>
							<visible>StringCompare(Skin.String(Widget_Shutdown),23)</visible>
						</item>						

						<item>	<!--30-->	
							<label>$LOCALIZE[558] Widget 1</label>
							<onclick>Skin.SetString(Widget_Shutdown,31)</onclick>
							<visible>StringCompare(Skin.String(Widget_Shutdown),30)</visible>
						</item>	
						<item>	<!--31-->	
							<label>$LOCALIZE[558] Widget 2</label>
							<onclick>Skin.SetString(Widget_Shutdown,90)</onclick>
							<visible>StringCompare(Skin.String(Widget_Shutdown),31)</visible>
						</item>		

						<item>	<!--90-->	
							<label>$LOCALIZE[1036] Widget</label>
							<onclick>Skin.SetString(Widget_Shutdown,10)</onclick>
							<visible>StringCompare(Skin.String(Widget_Shutdown),90)</visible>
						</item>	

					</content>

				</control>
				<control type="button" id="10099">		<!--More-->		
					<visible>Container(300).HasFocus(10)</visible>	
					<include>SubMenuButton</include>
					<onclick>SetFocus(9001)</onclick>
					<label>22082</label>									
				</control>

				<!--Settings Button-->
				<control type="label" id="11001">		<!--Label Menu-->	
					<visible>Container(300).HasFocus(11)</visible>	
					<width>458</width>
					<align>left</align>
					<textoffsetx>50</textoffsetx>
					<font>Light40</font>
					<textcolor>mainblue</textcolor>	
					<label>$LOCALIZE[33061]:</label>	
				</control>
				<control type="image" id="11002">		<!--Seperator-->		
					<visible>Container(300).HasFocus(11)</visible>	
					<width>458</width>					
					<height>20</height>	
					<align>left</align>	
					<texture>common/menu-separator.png</texture>				
				</control>
				<control type="button" id="11003">		<!--Favourites-->
					<visible>Container(300).HasFocus(11)</visible>								
					<include>SubMenuButton</include>	
					<label>1036</label>			
					<onclick>SetFocus(300)</onclick>
					<onclick>ActivateWindow(Favourites)</onclick>						
				</control>
				<control type="button" id="11004">		<!--Filemanager-->
					<visible>Container(300).HasFocus(11)</visible>				
					<include>SubMenuButton</include>	
					<label>7</label>					
					<onclick>ActivateWindow(filemanager)</onclick>					
				</control>						
				<control type="button" id="11005">		<!--AddonBrowser-->
					<visible>Container(300).HasFocus(11)</visible>							
					<include>SubMenuButton</include>	
					<label>24001</label>					
					<onclick>activatewindow(AddonBrowser)</onclick>					
				</control>					
				<control type="button" id="11006">		<!--Programs-->
					<visible>Container(300).HasFocus(11)</visible>								
					<include>SubMenuButton</include>	
					<label>0</label>					
					<onclick>ActivateWindow(Programs)</onclick>					
				</control>	
				<control type="button" id="11007">		<!--Profile Settings-->	
					<visible>Container(300).HasFocus(11)</visible>	
					<include>SubMenuButton</include>	
					<label>10130</label>
					<onclick>ActivateWindow(Profiles)</onclick>				
				</control>
				<control type="button" id="11008">		<!--Skin Settings-->
					<visible>Container(300).HasFocus(11)</visible>				
					<include>SubMenuButton</include>	
					<label>20077</label>					
					<onclick>ActivateWindow(SkinSettings.xml)</onclick>			
				</control>					
				<control type="image" id="11009">		<!--Space-->	
					<visible>Container(300).HasFocus(11)</visible>	
					<width>458</width>					
					<height>20</height>	
					<align>left</align>	
					<texture>common/menu-space.png</texture>				
				</control>			
				<control type="label" id="11010">		<!--View:-->
					<visible>Container(300).HasFocus(11)</visible>	
					<width>458</width>
					<align>left</align>	
					<textoffsetx>50</textoffsetx>
					<font>Light40</font>
					<textcolor>mainblue</textcolor>	
					<label>$LOCALIZE[457]:</label>
				</control>	
				<control type="image" id="11011">		<!--Seperator-->	
					<visible>Container(300).HasFocus(11)</visible>	
					<width>458</width>					
					<height>20</height>	
					<align>left</align>	
					<texture>common/menu-separator.png</texture>				
				</control>		
				<control type="list" id="11098">		<!--List: Widget-->	
					<visible>Container(300).HasFocus(11)</visible>	
					<width>458</width>
					<height>66</height>
					<itemgap>0</itemgap>
					<orientation>vertical</orientation>					
					<pagecontrol>noop</pagecontrol>
					<onleft>300</onleft>
					<onright>300</onright>
					<onup>noop</onup>
					<ondown>noop</ondown>
					<scrolltime>0</scrolltime>
					<itemlayout width="1375" height="60" />
					<focusedlayout width="1375" height="60">
						<control type="image">	<!--Slider-->							
							<posx>0</posx>
							<posy>0</posy>
							<width>458</width>
							<height>60</height>
							<texture>common/button-fo.png</texture>	
							<visible>Control.HasFocus(11098)</visible>
						</control>	
						<control type="label">	<!--Label-->
							<posx>50</posx>
							<height>60</height>
							<width>458</width>								
							<font>Light32</font>
							<textcolor>white</textcolor>
							<label>$INFO[ListItem.Label]</label>
							<visible>Control.HasFocus(11098)</visible>
						</control>
						<control type="label">	<!--Label-->
							<posx>50</posx>
							<height>60</height>
							<width>458</width>								
							<font>Light32</font>
							<textcolor>midgrey</textcolor>
							<label>$INFO[ListItem.Label]</label>
							<visible>!Control.HasFocus(11098)</visible>
						</control>
					</focusedlayout>						
					<!--View Items-->
					<content>							

						<item>	<!--10-->					
							<label>$LOCALIZE[342] Widget 1</label>
							<onclick>Skin.SetString(Widget_Settings,11)</onclick>	
							<visible>IsEmpty(Skin.String(Widget_Settings)) | StringCompare(Skin.String(Widget_Settings),10)</visible>
						</item>						
						<item>	<!--11-->					
							<label>$LOCALIZE[342] Widget 2</label>
							<onclick>Skin.SetString(Widget_Settings,20)</onclick>	
							<visible>StringCompare(Skin.String(Widget_Settings),11)</visible>
						</item>	

						<item>	<!--20-->	
							<label>$LOCALIZE[20343] Widget 1</label>
							<onclick>Skin.SetString(Widget_Settings,21)</onclick>
							<visible>StringCompare(Skin.String(Widget_Settings),20)</visible>
						</item>	
						<item>	<!--21-->	
							<label>$LOCALIZE[20343] Widget 2</label>
							<onclick>Skin.SetString(Widget_Settings,22)</onclick>
							<visible>StringCompare(Skin.String(Widget_Settings),21)</visible>
						</item>	
						<item>	<!--22-->	
							<label>$LOCALIZE[20343] Widget 3</label>
							<onclick>Skin.SetString(Widget_Settings,23)</onclick>
							<visible>StringCompare(Skin.String(Widget_Settings),22)</visible>
						</item>	
						<item>	<!--23-->	
							<label>$LOCALIZE[20343] Widget 4</label>
							<onclick>Skin.SetString(Widget_Settings,30)</onclick>
							<visible>StringCompare(Skin.String(Widget_Settings),23)</visible>
						</item>								

						<item>	<!--30-->	
							<label>$LOCALIZE[558] Widget 1</label>
							<onclick>Skin.SetString(Widget_Settings,31)</onclick>
							<visible>StringCompare(Skin.String(Widget_Settings),30)</visible>
						</item>	
						<item>	<!--31-->	
							<label>$LOCALIZE[558] Widget 2</label>
							<onclick>Skin.SetString(Widget_Settings,90)</onclick>
							<visible>StringCompare(Skin.String(Widget_Settings),31)</visible>
						</item>	

						<item>	<!--90-->	
							<label>$LOCALIZE[1036] Widget</label>
							<onclick>Skin.SetString(Widget_Settings,10)</onclick>
							<visible>StringCompare(Skin.String(Widget_Settings),90)</visible>
						</item>	

					</content>

				</control>
				<control type="button" id="11099">		<!--More-->		
					<visible>Container(300).HasFocus(11)</visible>	
					<include>SubMenuButton</include>
					<onclick>SetFocus(9001)</onclick>
					<label>22082</label>									
				</control>

				<!--Pictures Button-->		
				<control type="label" id="4001">		<!--View:-->
					<visible>Container(300).HasFocus(4)</visible>	
					<width>458</width>
					<align>left</align>	
					<textoffsetx>50</textoffsetx>
					<font>Light40</font>
					<textcolor>mainblue</textcolor>	
					<label>$LOCALIZE[457]:</label>
				</control>	
				<control type="image" id="4002">		<!--Seperator-->	
					<visible>Container(300).HasFocus(4)</visible>	
					<width>458</width>					
					<height>20</height>	
					<align>left</align>	
					<texture>common/menu-separator.png</texture>				
				</control>	
				<control type="list" id="4098">			<!--List: Widget-->	
					<visible>Container(300).HasFocus(4)</visible>	
					<width>458</width>
					<height>66</height>
					<itemgap>0</itemgap>
					<orientation>vertical</orientation>					
					<pagecontrol>noop</pagecontrol>
					<onleft>300</onleft>
					<onright>300</onright>
					<onup>noop</onup>
					<ondown>noop</ondown>
					<scrolltime>0</scrolltime>
					<itemlayout width="1375" height="60" />
					<focusedlayout width="1375" height="60">
						<control type="image">	<!--Slider-->							
							<posx>0</posx>
							<posy>0</posy>
							<width>458</width>
							<height>60</height>
							<texture>common/button-fo.png</texture>	
							<visible>Control.HasFocus(4098)</visible>
						</control>	
						<control type="label">	<!--Label-->
							<posx>50</posx>
							<height>60</height>
							<width>458</width>								
							<font>Light32</font>
							<textcolor>white</textcolor>
							<label>$INFO[ListItem.Label]</label>
							<visible>Control.HasFocus(4098)</visible>
						</control>
						<control type="label">	<!--Label-->
							<posx>50</posx>
							<height>60</height>
							<width>458</width>								
							<font>Light32</font>
							<textcolor>midgrey</textcolor>
							<label>$INFO[ListItem.Label]</label>
							<visible>!Control.HasFocus(4098)</visible>
						</control>
					</focusedlayout>						
					<!--View Items-->
					<content>					

						<item>	<!--10-->					
							<label>$LOCALIZE[342] Widget 1</label>
							<onclick>Skin.SetString(Widget_Pictures,11)</onclick>	
							<visible>IsEmpty(Skin.String(Widget_Pictures)) | StringCompare(Skin.String(Widget_Pictures),10)</visible>
						</item>						
						<item>	<!--11-->					
							<label>$LOCALIZE[342] Widget 2</label>
							<onclick>Skin.SetString(Widget_Pictures,20)</onclick>	
							<visible>StringCompare(Skin.String(Widget_Pictures),11)</visible>
						</item>	

						<item>	<!--20-->	
							<label>$LOCALIZE[20343] Widget 1</label>
							<onclick>Skin.SetString(Widget_Pictures,21)</onclick>
							<visible>StringCompare(Skin.String(Widget_Pictures),20)</visible>
						</item>	
						<item>	<!--21-->	
							<label>$LOCALIZE[20343] Widget 2</label>
							<onclick>Skin.SetString(Widget_Pictures,22)</onclick>
							<visible>StringCompare(Skin.String(Widget_Pictures),21)</visible>
						</item>	
						<item>	<!--22-->	
							<label>$LOCALIZE[20343] Widget 3</label>
							<onclick>Skin.SetString(Widget_Pictures,23)</onclick>
							<visible>StringCompare(Skin.String(Widget_Pictures),22)</visible>
						</item>	
						<item>	<!--23-->	
							<label>$LOCALIZE[20343] Widget 4</label>
							<onclick>Skin.SetString(Widget_Pictures,30)</onclick>
							<visible>StringCompare(Skin.String(Widget_Pictures),23)</visible>
						</item>								

						<item>	<!--30-->	
							<label>$LOCALIZE[558] Widget 1</label>
							<onclick>Skin.SetString(Widget_Pictures,31)</onclick>
							<visible>StringCompare(Skin.String(Widget_Pictures),30)</visible>
						</item>	
						<item>	<!--31-->	
							<label>$LOCALIZE[558] Widget 2</label>
							<onclick>Skin.SetString(Widget_Pictures,90)</onclick>
							<visible>StringCompare(Skin.String(Widget_Pictures),31)</visible>
						</item>	

						<item>	<!--90-->	
							<label>$LOCALIZE[1036] Widget</label>
							<onclick>Skin.SetString(Widget_Pictures,10)</onclick>
							<visible>StringCompare(Skin.String(Widget_Pictures),90)</visible>
						</item>	

					</content>

				</control>
				<control type="button" id="4099">		<!--More-->		
					<visible>Container(300).HasFocus(4)</visible>	
					<include>SubMenuButton</include>
					<onclick>SetFocus(9001)</onclick>
					<label>22082</label>									
				</control>

				<!--Weather Button-->				
				<control type="label" id="9001">		<!--View:-->
					<visible>Container(300).HasFocus(9)</visible>	
					<width>458</width>
					<align>left</align>	
					<textoffsetx>50</textoffsetx>
					<font>Light40</font>
					<textcolor>mainblue</textcolor>	
					<label>$LOCALIZE[457]:</label>
				</control>	
				<control type="image" id="9002">		<!--Seperator-->	
					<visible>Container(300).HasFocus(9)</visible>	
					<width>458</width>					
					<height>20</height>	
					<align>left</align>	
					<texture>common/menu-separator.png</texture>				
				</control>	
				<control type="list" id="9098">			<!--List: Widget-->	
					<visible>Container(300).HasFocus(9)</visible>	
					<width>458</width>
					<height>66</height>
					<itemgap>0</itemgap>
					<orientation>vertical</orientation>					
					<pagecontrol>noop</pagecontrol>
					<onleft>300</onleft>
					<onright>300</onright>
					<onup>noop</onup>
					<ondown>noop</ondown>
					<scrolltime>0</scrolltime>
					<itemlayout width="1375" height="60" />
					<focusedlayout width="1375" height="60">
						<control type="image">	<!--Slider-->							
							<posx>0</posx>
							<posy>0</posy>
							<width>458</width>
							<height>60</height>
							<texture>common/button-fo.png</texture>	
							<visible>Control.HasFocus(9098)</visible>
						</control>	
						<control type="label">	<!--Label-->
							<posx>50</posx>
							<height>60</height>
							<width>458</width>								
							<font>Light32</font>
							<textcolor>white</textcolor>
							<label>$INFO[ListItem.Label]</label>
							<visible>Control.HasFocus(9098)</visible>
						</control>
						<control type="label">	<!--Label-->
							<posx>50</posx>
							<height>60</height>
							<width>458</width>								
							<font>Light32</font>
							<textcolor>midgrey</textcolor>
							<label>$INFO[ListItem.Label]</label>
							<visible>!Control.HasFocus(9098)</visible>
						</control>
					</focusedlayout>						
					<!--View Items-->
					<content>						

						<item>	<!--10-->					
							<label>$LOCALIZE[342] Widget 1</label>
							<onclick>Skin.SetString(Widget_Weather,11)</onclick>	
							<visible>IsEmpty(Skin.String(Widget_Weather)) | StringCompare(Skin.String(Widget_Weather),10)</visible>
						</item>						
						<item>	<!--11-->					
							<label>$LOCALIZE[342] Widget 2</label>
							<onclick>Skin.SetString(Widget_Weather,20)</onclick>	
							<visible>StringCompare(Skin.String(Widget_Weather),11)</visible>
						</item>	

						<item>	<!--20-->	
							<label>$LOCALIZE[20343] Widget 1</label>
							<onclick>Skin.SetString(Widget_Weather,21)</onclick>
							<visible>StringCompare(Skin.String(Widget_Weather),20)</visible>
						</item>	
						<item>	<!--21-->	
							<label>$LOCALIZE[20343] Widget 2</label>
							<onclick>Skin.SetString(Widget_Weather,22)</onclick>
							<visible>StringCompare(Skin.String(Widget_Weather),21)</visible>
						</item>	
						<item>	<!--22-->	
							<label>$LOCALIZE[20343] Widget 3</label>
							<onclick>Skin.SetString(Widget_Weather,23)</onclick>
							<visible>StringCompare(Skin.String(Widget_Weather),22)</visible>
						</item>	
						<item>	<!--23-->	
							<label>$LOCALIZE[20343] Widget 4</label>
							<onclick>Skin.SetString(Widget_Weather,30)</onclick>
							<visible>StringCompare(Skin.String(Widget_Weather),23)</visible>
						</item>							

						<item>	<!--30-->	
							<label>$LOCALIZE[558] Widget 1</label>
							<onclick>Skin.SetString(Widget_Weather,31)</onclick>
							<visible>StringCompare(Skin.String(Widget_Weather),30)</visible>
						</item>	
						<item>	<!--31-->	
							<label>$LOCALIZE[558] Widget 2</label>
							<onclick>Skin.SetString(Widget_Weather,90)</onclick>
							<visible>StringCompare(Skin.String(Widget_Weather),31)</visible>
						</item>	

						<item>	<!--90-->	
							<label>$LOCALIZE[1036] Widget</label>
							<onclick>Skin.SetString(Widget_Weather,10)</onclick>
							<visible>StringCompare(Skin.String(Widget_Weather),90)</visible>
						</item>	

					</content>

				</control>
				<control type="button" id="9099">		<!--More-->		
					<visible>Container(300).HasFocus(9)</visible>	
					<include>SubMenuButton</include>
					<onclick>SetFocus(9001)</onclick>
					<label>22082</label>									
				</control>

				<!--Custom 1 Button-->		
				<control type="label" id="20001">		<!--View:-->
					<visible>Container(300).HasFocus(20)</visible>	
					<width>458</width>
					<align>left</align>	
					<textoffsetx>50</textoffsetx>
					<font>Light40</font>
					<textcolor>mainblue</textcolor>	
					<label>$LOCALIZE[457]:</label>
				</control>	
				<control type="image" id="20002">		<!--Seperator-->	
					<visible>Container(300).HasFocus(20)</visible>	
					<width>458</width>					
					<height>20</height>	
					<align>left</align>	
					<texture>common/menu-separator.png</texture>				
				</control>	
				<control type="list" id="20098">		<!--List: Widget-->	
					<visible>Container(300).HasFocus(20)</visible>	
					<width>458</width>
					<height>66</height>
					<itemgap>0</itemgap>
					<orientation>vertical</orientation>					
					<pagecontrol>noop</pagecontrol>
					<onleft>300</onleft>
					<onright>300</onright>
					<onup>noop</onup>
					<ondown>noop</ondown>
					<scrolltime>0</scrolltime>
					<itemlayout width="1375" height="60" />
					<focusedlayout width="1375" height="60">
						<control type="image">	<!--Slider-->							
							<posx>0</posx>
							<posy>0</posy>
							<width>458</width>
							<height>60</height>
							<texture>common/button-fo.png</texture>	
							<visible>Control.HasFocus(20098)</visible>
						</control>	
						<control type="label">	<!--Label-->
							<posx>50</posx>
							<height>60</height>
							<width>458</width>								
							<font>Light32</font>
							<textcolor>white</textcolor>
							<label>$INFO[ListItem.Label]</label>
							<visible>Control.HasFocus(20098)</visible>
						</control>
						<control type="label">	<!--Label-->
							<posx>50</posx>
							<height>60</height>
							<width>458</width>								
							<font>Light32</font>
							<textcolor>midgrey</textcolor>
							<label>$INFO[ListItem.Label]</label>
							<visible>!Control.HasFocus(20098)</visible>
						</control>
					</focusedlayout>						
					<!--View Items-->
					<content>					

						<item>	<!--10-->					
							<label>$LOCALIZE[342] Widget 1</label>
							<onclick>Skin.SetString(Widget_Custom_1,11)</onclick>	
							<visible>IsEmpty(Skin.String(Widget_Custom_1)) | StringCompare(Skin.String(Widget_Custom_1),10)</visible>
						</item>						
						<item>	<!--11-->					
							<label>$LOCALIZE[342] Widget 2</label>
							<onclick>Skin.SetString(Widget_Custom_1,20)</onclick>	
							<visible>StringCompare(Skin.String(Widget_Custom_1),11)</visible>
						</item>	

						<item>	<!--20-->	
							<label>$LOCALIZE[20343] Widget 1</label>
							<onclick>Skin.SetString(Widget_Custom_1,21)</onclick>
							<visible>StringCompare(Skin.String(Widget_Custom_1),20)</visible>
						</item>	
						<item>	<!--21-->	
							<label>$LOCALIZE[20343] Widget 2</label>
							<onclick>Skin.SetString(Widget_Custom_1,22)</onclick>
							<visible>StringCompare(Skin.String(Widget_Custom_1),21)</visible>
						</item>	
						<item>	<!--22-->	
							<label>$LOCALIZE[20343] Widget 3</label>
							<onclick>Skin.SetString(Widget_Custom_1,23)</onclick>
							<visible>StringCompare(Skin.String(Widget_Custom_1),22)</visible>
						</item>	
						<item>	<!--23-->	
							<label>$LOCALIZE[20343] Widget 4</label>
							<onclick>Skin.SetString(Widget_Custom_1,30)</onclick>
							<visible>StringCompare(Skin.String(Widget_Custom_1),23)</visible>
						</item>						

						<item>	<!--30-->	
							<label>$LOCALIZE[558] Widget 1</label>
							<onclick>Skin.SetString(Widget_Custom_1,31)</onclick>
							<visible>StringCompare(Skin.String(Widget_Custom_1),30)</visible>
						</item>	
						<item>	<!--31-->	
							<label>$LOCALIZE[558] Widget 2</label>
							<onclick>Skin.SetString(Widget_Custom_1,90)</onclick>
							<visible>StringCompare(Skin.String(Widget_Custom_1),31)</visible>
						</item>	

						<item>	<!--90-->	
							<label>$LOCALIZE[1036] Widget</label>
							<onclick>Skin.SetString(Widget_Custom_1,10)</onclick>
							<visible>StringCompare(Skin.String(Widget_Custom_1),90)</visible>
						</item>

					</content>

				</control>
				<control type="button" id="20099">		<!--More-->		
					<visible>Container(300).HasFocus(20)</visible>	
					<include>SubMenuButton</include>
					<onclick>SetFocus(9001)</onclick>
					<label>22082</label>									
				</control>

				<!--Custom 2 Button-->		
				<control type="label" id="21001">		<!--View:-->
					<visible>Container(300).HasFocus(21)</visible>	
					<width>458</width>
					<align>left</align>	
					<textoffsetx>50</textoffsetx>
					<font>Light40</font>
					<textcolor>mainblue</textcolor>	
					<label>$LOCALIZE[457]:</label>
				</control>	
				<control type="image" id="21002">		<!--Seperator-->	
					<visible>Container(300).HasFocus(21)</visible>	
					<width>458</width>					
					<height>20</height>	
					<align>left</align>	
					<texture>common/menu-separator.png</texture>				
				</control>	
				<control type="list" id="21098">		<!--List: Widget-->	
					<visible>Container(300).HasFocus(21)</visible>	
					<width>458</width>
					<height>66</height>
					<itemgap>0</itemgap>
					<orientation>vertical</orientation>					
					<pagecontrol>noop</pagecontrol>
					<onleft>300</onleft>
					<onright>300</onright>
					<onup>noop</onup>
					<ondown>noop</ondown>
					<scrolltime>0</scrolltime>
					<itemlayout width="1375" height="60" />
					<focusedlayout width="1375" height="60">
						<control type="image">	<!--Slider-->							
							<posx>0</posx>
							<posy>0</posy>
							<width>458</width>
							<height>60</height>
							<texture>common/button-fo.png</texture>	
							<visible>Control.HasFocus(21098)</visible>
						</control>	
						<control type="label">	<!--Label-->
							<posx>50</posx>
							<height>60</height>
							<width>458</width>								
							<font>Light32</font>
							<textcolor>white</textcolor>
							<label>$INFO[ListItem.Label]</label>
							<visible>Control.HasFocus(21098)</visible>
						</control>
						<control type="label">	<!--Label-->
							<posx>50</posx>
							<height>60</height>
							<width>458</width>								
							<font>Light32</font>
							<textcolor>midgrey</textcolor>
							<label>$INFO[ListItem.Label]</label>
							<visible>!Control.HasFocus(21098)</visible>
						</control>
					</focusedlayout>						
					<!--View Items-->
					<content>	

						<item>		<!--10-->					
							<label>$LOCALIZE[342] Widget 1</label>
							<onclick>Skin.SetString(Widget_Custom_2,11)</onclick>	
							<visible>IsEmpty(Skin.String(Widget_Custom_2)) | StringCompare(Skin.String(Widget_Custom_2),10)</visible>
						</item>						
						<item>		<!--11-->					
							<label>$LOCALIZE[342] Widget 2</label>
							<onclick>Skin.SetString(Widget_Custom_2,20)</onclick>	
							<visible>StringCompare(Skin.String(Widget_Custom_2),11)</visible>
						</item>	

						<item>		<!--20-->	
							<label>$LOCALIZE[20343] Widget 1</label>
							<onclick>Skin.SetString(Widget_Custom_2,21)</onclick>
							<visible>StringCompare(Skin.String(Widget_Custom_2),20)</visible>
						</item>	
						<item>		<!--21-->	
							<label>$LOCALIZE[20343] Widget 2</label>
							<onclick>Skin.SetString(Widget_Custom_2,22)</onclick>
							<visible>StringCompare(Skin.String(Widget_Custom_2),21)</visible>
						</item>	
						<item>		<!--22-->	
							<label>$LOCALIZE[20343] Widget 3</label>
							<onclick>Skin.SetString(Widget_Custom_2,23)</onclick>
							<visible>StringCompare(Skin.String(Widget_Custom_2),22)</visible>
						</item>	
						<item>		<!--23-->	
							<label>$LOCALIZE[20343] Widget 4</label>
							<onclick>Skin.SetString(Widget_Custom_2,30)</onclick>
							<visible>StringCompare(Skin.String(Widget_Custom_2),23)</visible>
						</item>							

						<item>		<!--30-->	
							<label>$LOCALIZE[558] Widget 1</label>
							<onclick>Skin.SetString(Widget_Custom_2,31)</onclick>
							<visible>StringCompare(Skin.String(Widget_Custom_2),30)</visible>
						</item>	
						<item>		<!--31-->	
							<label>$LOCALIZE[558] Widget 2</label>
							<onclick>Skin.SetString(Widget_Custom_2,90)</onclick>
							<visible>StringCompare(Skin.String(Widget_Custom_2),31)</visible>
						</item>	

						<item>		<!--90-->	
							<label>$LOCALIZE[1036] Widget</label>
							<onclick>Skin.SetString(Widget_Custom_2,10)</onclick>
							<visible>StringCompare(Skin.String(Widget_Custom_2),90)</visible>
						</item>

					</content>

				</control>
				<control type="button" id="21099">		<!--More-->		
					<visible>Container(300).HasFocus(21)</visible>	
					<include>SubMenuButton</include>
					<onclick>SetFocus(9001)</onclick>
					<label>22082</label>									
				</control>

				<!--Custom 3 Button-->		
				<control type="label" id="22001">		<!--View:-->
					<visible>Container(300).HasFocus(22)</visible>	
					<width>458</width>
					<align>left</align>	
					<textoffsetx>50</textoffsetx>
					<font>Light40</font>
					<textcolor>mainblue</textcolor>	
					<label>$LOCALIZE[457]:</label>
				</control>	
				<control type="image" id="22002">		<!--Seperator-->	
					<visible>Container(300).HasFocus(22)</visible>	
					<width>458</width>					
					<height>20</height>	
					<align>left</align>	
					<texture>common/menu-separator.png</texture>				
				</control>	
				<control type="list" id="22098">		<!--List: Widget-->	
					<visible>Container(300).HasFocus(22)</visible>	
					<width>458</width>
					<height>66</height>
					<itemgap>0</itemgap>
					<orientation>vertical</orientation>					
					<pagecontrol>noop</pagecontrol>
					<onleft>300</onleft>
					<onright>300</onright>
					<onup>noop</onup>
					<ondown>noop</ondown>
					<scrolltime>0</scrolltime>
					<itemlayout width="1375" height="60" />
					<focusedlayout width="1375" height="60">
						<control type="image">	<!--Slider-->							
							<posx>0</posx>
							<posy>0</posy>
							<width>458</width>
							<height>60</height>
							<texture>common/button-fo.png</texture>	
							<visible>Control.HasFocus(22098)</visible>
						</control>	
						<control type="label">	<!--Label-->
							<posx>50</posx>
							<height>60</height>
							<width>458</width>								
							<font>Light32</font>
							<textcolor>white</textcolor>
							<label>$INFO[ListItem.Label]</label>
							<visible>Control.HasFocus(22098)</visible>
						</control>
						<control type="label">	<!--Label-->
							<posx>50</posx>
							<height>60</height>
							<width>458</width>								
							<font>Light32</font>
							<textcolor>midgrey</textcolor>
							<label>$INFO[ListItem.Label]</label>
							<visible>!Control.HasFocus(22098)</visible>
						</control>
					</focusedlayout>						
					<!--View Items-->
					<content>					

						<item>	<!--10-->					
							<label>$LOCALIZE[342] Widget 1</label>
							<onclick>Skin.SetString(Widget_Custom_3,11)</onclick>	
							<visible>IsEmpty(Skin.String(Widget_Custom_3)) | StringCompare(Skin.String(Widget_Custom_3),10)</visible>
						</item>						
						<item>	<!--11-->					
							<label>$LOCALIZE[342] Widget 2</label>
							<onclick>Skin.SetString(Widget_Custom_3,20)</onclick>	
							<visible>StringCompare(Skin.String(Widget_Custom_3),11)</visible>
						</item>	

						<item>	<!--20-->	
							<label>$LOCALIZE[20343] Widget 1</label>
							<onclick>Skin.SetString(Widget_Custom_3,21)</onclick>
							<visible>StringCompare(Skin.String(Widget_Custom_3),20)</visible>
						</item>	
						<item>	<!--21-->	
							<label>$LOCALIZE[20343] Widget 2</label>
							<onclick>Skin.SetString(Widget_Custom_3,22)</onclick>
							<visible>StringCompare(Skin.String(Widget_Custom_3),21)</visible>
						</item>	
						<item>	<!--22-->	
							<label>$LOCALIZE[20343] Widget 3</label>
							<onclick>Skin.SetString(Widget_Custom_3,23)</onclick>
							<visible>StringCompare(Skin.String(Widget_Custom_3),22)</visible>
						</item>	
						<item>	<!--23-->	
							<label>$LOCALIZE[20343] Widget 4</label>
							<onclick>Skin.SetString(Widget_Custom_3,30)</onclick>
							<visible>StringCompare(Skin.String(Widget_Custom_3),23)</visible>
						</item>							

						<item>	<!--30-->	
							<label>$LOCALIZE[558] Widget 1</label>
							<onclick>Skin.SetString(Widget_Custom_3,31)</onclick>
							<visible>StringCompare(Skin.String(Widget_Custom_3),30)</visible>
						</item>	
						<item>	<!--31-->	
							<label>$LOCALIZE[558] Widget 2</label>
							<onclick>Skin.SetString(Widget_Custom_3,90)</onclick>
							<visible>StringCompare(Skin.String(Widget_Custom_3),31)</visible>
						</item>	

						<item>	<!--90-->	
							<label>$LOCALIZE[1036] Widget</label>
							<onclick>Skin.SetString(Widget_Custom_3,10)</onclick>
							<visible>StringCompare(Skin.String(Widget_Custom_3),90)</visible>
						</item>

					</content>

				</control>
				<control type="button" id="21099">		<!--More-->		
					<visible>Container(300).HasFocus(22)</visible>	
					<include>SubMenuButton</include>
					<onclick>SetFocus(9001)</onclick>
					<label>22082</label>									
				</control>

				<!--Custom 4 Button-->		
				<control type="label" id="23001">		<!--View:-->
					<visible>Container(300).HasFocus(23)</visible>	
					<width>458</width>
					<align>left</align>	
					<textoffsetx>50</textoffsetx>
					<font>Light40</font>
					<textcolor>mainblue</textcolor>	
					<label>$LOCALIZE[457]:</label>
				</control>	
				<control type="image" id="23002">		<!--Seperator-->	
					<visible>Container(300).HasFocus(23)</visible>	
					<width>458</width>					
					<height>20</height>	
					<align>left</align>	
					<texture>common/menu-separator.png</texture>				
				</control>	
				<control type="list" id="23098">		<!--List: Widget-->	
					<visible>Container(300).HasFocus(23)</visible>	
					<width>458</width>
					<height>66</height>
					<itemgap>0</itemgap>
					<orientation>vertical</orientation>					
					<pagecontrol>noop</pagecontrol>
					<onleft>300</onleft>
					<onright>300</onright>
					<onup>noop</onup>
					<ondown>noop</ondown>
					<scrolltime>0</scrolltime>
					<itemlayout width="1375" height="60" />
					<focusedlayout width="1375" height="60">
						<control type="image">	<!--Slider-->							
							<posx>0</posx>
							<posy>0</posy>
							<width>458</width>
							<height>60</height>
							<texture>common/button-fo.png</texture>	
							<visible>Control.HasFocus(23098)</visible>
						</control>	
						<control type="label">	<!--Label-->
							<posx>50</posx>
							<height>60</height>
							<width>458</width>								
							<font>Light32</font>
							<textcolor>white</textcolor>
							<label>$INFO[ListItem.Label]</label>
							<visible>Control.HasFocus(23098)</visible>
						</control>
						<control type="label">	<!--Label-->
							<posx>50</posx>
							<height>60</height>
							<width>458</width>								
							<font>Light32</font>
							<textcolor>midgrey</textcolor>
							<label>$INFO[ListItem.Label]</label>
							<visible>!Control.HasFocus(23098)</visible>
						</control>
					</focusedlayout>						
					<!--View Items-->
					<content>	

						<item>	<!--10-->					
							<label>$LOCALIZE[342] Widget 1</label>
							<onclick>Skin.SetString(Widget_Custom_4,11)</onclick>	
							<visible>IsEmpty(Skin.String(Widget_Custom_4)) | StringCompare(Skin.String(Widget_Custom_4),10)</visible>
						</item>						
						<item>	<!--11-->					
							<label>$LOCALIZE[342] Widget 2</label>
							<onclick>Skin.SetString(Widget_Custom_4,20)</onclick>	
							<visible>StringCompare(Skin.String(Widget_Custom_4),11)</visible>
						</item>	

						<item>	<!--20-->	
							<label>$LOCALIZE[20343] Widget 1</label>
							<onclick>Skin.SetString(Widget_Custom_4,21)</onclick>
							<visible>StringCompare(Skin.String(Widget_Custom_4),20)</visible>
						</item>	
						<item>	<!--21-->	
							<label>$LOCALIZE[20343] Widget 2</label>
							<onclick>Skin.SetString(Widget_Custom_4,22)</onclick>
							<visible>StringCompare(Skin.String(Widget_Custom_4),21)</visible>
						</item>	
						<item>	<!--22-->	
							<label>$LOCALIZE[20343] Widget 3</label>
							<onclick>Skin.SetString(Widget_Custom_4,23)</onclick>
							<visible>StringCompare(Skin.String(Widget_Custom_4),22)</visible>
						</item>	
						<item>	<!--23-->	
							<label>$LOCALIZE[20343] Widget 4</label>
							<onclick>Skin.SetString(Widget_Custom_4,30)</onclick>
							<visible>StringCompare(Skin.String(Widget_Custom_4),23)</visible>
						</item>							

						<item>	<!--30-->	
							<label>$LOCALIZE[558] Widget 1</label>
							<onclick>Skin.SetString(Widget_Custom_4,31)</onclick>
							<visible>StringCompare(Skin.String(Widget_Custom_4),30)</visible>
						</item>	
						<item>	<!--31-->	
							<label>$LOCALIZE[558] Widget 2</label>
							<onclick>Skin.SetString(Widget_Custom_4,90)</onclick>
							<visible>StringCompare(Skin.String(Widget_Custom_4),31)</visible>
						</item>	

						<item>	<!--90-->	
							<label>$LOCALIZE[1036] Widget</label>
							<onclick>Skin.SetString(Widget_Custom_4,10)</onclick>
							<visible>StringCompare(Skin.String(Widget_Custom_4),90)</visible>
						</item>

					</content>

				</control>
				<control type="button" id="23099">		<!--More-->		
					<visible>Container(300).HasFocus(23)</visible>	
					<include>SubMenuButton</include>
					<onclick>SetFocus(9001)</onclick>
					<label>22082</label>									
				</control>

				<!--Custom 5 Button-->		
				<control type="label" id="24001">		<!--View:-->
					<visible>Container(300).HasFocus(24)</visible>	
					<width>458</width>
					<align>left</align>	
					<textoffsetx>50</textoffsetx>
					<font>Light40</font>
					<textcolor>mainblue</textcolor>	
					<label>$LOCALIZE[457]:</label>
				</control>	
				<control type="image" id="24002">		<!--Seperator-->	
					<visible>Container(300).HasFocus(24)</visible>	
					<width>458</width>					
					<height>20</height>	
					<align>left</align>	
					<texture>common/menu-separator.png</texture>				
				</control>	
				<control type="list" id="24098">		<!--List: Widget-->	
					<visible>Container(300).HasFocus(24)</visible>	
					<width>458</width>
					<height>66</height>
					<itemgap>0</itemgap>
					<orientation>vertical</orientation>					
					<pagecontrol>noop</pagecontrol>
					<onleft>300</onleft>
					<onright>300</onright>
					<onup>noop</onup>
					<ondown>noop</ondown>
					<scrolltime>0</scrolltime>
					<itemlayout width="1375" height="60" />
					<focusedlayout width="1375" height="60">
						<control type="image">	<!--Slider-->							
							<posx>0</posx>
							<posy>0</posy>
							<width>458</width>
							<height>60</height>
							<texture>common/button-fo.png</texture>	
							<visible>Control.HasFocus(24098)</visible>
						</control>	
						<control type="label">	<!--Label-->
							<posx>50</posx>
							<height>60</height>
							<width>458</width>								
							<font>Light32</font>
							<textcolor>white</textcolor>
							<label>$INFO[ListItem.Label]</label>
							<visible>Control.HasFocus(24098)</visible>
						</control>
						<control type="label">	<!--Label-->
							<posx>50</posx>
							<height>60</height>
							<width>458</width>								
							<font>Light32</font>
							<textcolor>midgrey</textcolor>
							<label>$INFO[ListItem.Label]</label>
							<visible>!Control.HasFocus(24098)</visible>
						</control>
					</focusedlayout>						
					<!--View Items-->
					<content>	

						<item>	<!--10-->					
							<label>$LOCALIZE[342] Widget 1</label>
							<onclick>Skin.SetString(Widget_Custom_5,11)</onclick>	
							<visible>IsEmpty(Skin.String(Widget_Custom_5)) | StringCompare(Skin.String(Widget_Custom_5),10)</visible>
						</item>						
						<item>	<!--11-->					
							<label>$LOCALIZE[342] Widget 2</label>
							<onclick>Skin.SetString(Widget_Custom_5,20)</onclick>	
							<visible>StringCompare(Skin.String(Widget_Custom_5),11)</visible>
						</item>	

						<item>	<!--20-->	
							<label>$LOCALIZE[20343] Widget 1</label>
							<onclick>Skin.SetString(Widget_Custom_5,21)</onclick>
							<visible>StringCompare(Skin.String(Widget_Custom_5),20)</visible>
						</item>	
						<item>	<!--21-->	
							<label>$LOCALIZE[20343] Widget 2</label>
							<onclick>Skin.SetString(Widget_Custom_5,22)</onclick>
							<visible>StringCompare(Skin.String(Widget_Custom_5),21)</visible>
						</item>	
						<item>	<!--22-->	
							<label>$LOCALIZE[20343] Widget 3</label>
							<onclick>Skin.SetString(Widget_Custom_5,23)</onclick>
							<visible>StringCompare(Skin.String(Widget_Custom_5),22)</visible>
						</item>	
						<item>	<!--23-->	
							<label>$LOCALIZE[20343] Widget 4</label>
							<onclick>Skin.SetString(Widget_Custom_5,30)</onclick>
							<visible>StringCompare(Skin.String(Widget_Custom_5),23)</visible>
						</item>								

						<item>	<!--30-->	
							<label>$LOCALIZE[558] Widget 1</label>
							<onclick>Skin.SetString(Widget_Custom_5,31)</onclick>
							<visible>StringCompare(Skin.String(Widget_Custom_5),30)</visible>
						</item>	
						<item>	<!--31-->	
							<label>$LOCALIZE[558] Widget 2</label>
							<onclick>Skin.SetString(Widget_Custom_5,90)</onclick>
							<visible>StringCompare(Skin.String(Widget_Custom_5),31)</visible>
						</item>	

						<item>	<!--90-->	
							<label>$LOCALIZE[1036] Widget</label>
							<onclick>Skin.SetString(Widget_Custom_5,10)</onclick>
							<visible>StringCompare(Skin.String(Widget_Custom_5),90)</visible>
						</item>

					</content>

				</control>
				<control type="button" id="24099">		<!--More-->		
					<visible>Container(300).HasFocus(24)</visible>	
					<include>SubMenuButton</include>
					<onclick>SetFocus(9001)</onclick>
					<label>22082</label>									
				</control>

				<!--Custom 6 Button-->		
				<control type="label" id="25001">		<!--View:-->
					<visible>Container(300).HasFocus(25)</visible>	
					<width>458</width>
					<align>left</align>	
					<textoffsetx>50</textoffsetx>
					<font>Light40</font>
					<textcolor>mainblue</textcolor>	
					<label>$LOCALIZE[457]:</label>
				</control>	
				<control type="image" id="25002">		<!--Seperator-->	
					<visible>Container(300).HasFocus(25)</visible>	
					<width>458</width>					
					<height>20</height>	
					<align>left</align>	
					<texture>common/menu-separator.png</texture>				
				</control>	
				<control type="list" id="25098">			<!--List: Widget-->	
					<visible>Container(300).HasFocus(25)</visible>	
					<width>458</width>
					<height>66</height>
					<itemgap>0</itemgap>
					<orientation>vertical</orientation>					
					<pagecontrol>noop</pagecontrol>
					<onleft>300</onleft>
					<onright>300</onright>
					<onup>noop</onup>
					<ondown>noop</ondown>
					<scrolltime>0</scrolltime>
					<itemlayout width="1375" height="60" />
					<focusedlayout width="1375" height="60">
						<control type="image">	<!--Slider-->							
							<posx>0</posx>
							<posy>0</posy>
							<width>458</width>
							<height>60</height>
							<texture>common/button-fo.png</texture>	
							<visible>Control.HasFocus(25098)</visible>
						</control>	
						<control type="label">	<!--Label-->
							<posx>50</posx>
							<height>60</height>
							<width>458</width>								
							<font>Light32</font>
							<textcolor>white</textcolor>
							<label>$INFO[ListItem.Label]</label>
							<visible>Control.HasFocus(25098)</visible>
						</control>
						<control type="label">	<!--Label-->
							<posx>50</posx>
							<height>60</height>
							<width>458</width>								
							<font>Light32</font>
							<textcolor>midgrey</textcolor>
							<label>$INFO[ListItem.Label]</label>
							<visible>!Control.HasFocus(25098)</visible>
						</control>
					</focusedlayout>						
					<!--View Items-->
					<content>	

						<item>	<!--10-->					
							<label>$LOCALIZE[342] Widget 1</label>
							<onclick>Skin.SetString(Widget_Custom_6,11)</onclick>	
							<visible>IsEmpty(Skin.String(Widget_Custom_6)) | StringCompare(Skin.String(Widget_Custom_6),10)</visible>
						</item>						
						<item>	<!--11-->					
							<label>$LOCALIZE[342] Widget 2</label>
							<onclick>Skin.SetString(Widget_Custom_6,20)</onclick>	
							<visible>StringCompare(Skin.String(Widget_Custom_6),11)</visible>
						</item>	

						<item>	<!--20-->	
							<label>$LOCALIZE[20343] Widget 1</label>
							<onclick>Skin.SetString(Widget_Custom_6,21)</onclick>
							<visible>StringCompare(Skin.String(Widget_Custom_6),20)</visible>
						</item>	
						<item>	<!--21-->	
							<label>$LOCALIZE[20343] Widget 2</label>
							<onclick>Skin.SetString(Widget_Custom_6,22)</onclick>
							<visible>StringCompare(Skin.String(Widget_Custom_6),21)</visible>
						</item>	
						<item>	<!--22-->	
							<label>$LOCALIZE[20343] Widget 3</label>
							<onclick>Skin.SetString(Widget_Custom_6,23)</onclick>
							<visible>StringCompare(Skin.String(Widget_Custom_6),22)</visible>
						</item>	
						<item>	<!--23-->	
							<label>$LOCALIZE[20343] Widget 4</label>
							<onclick>Skin.SetString(Widget_Custom_6,30)</onclick>
							<visible>StringCompare(Skin.String(Widget_Custom_6),23)</visible>
						</item>							

						<item>	<!--30-->	
							<label>$LOCALIZE[558] Widget 1</label>
							<onclick>Skin.SetString(Widget_Custom_6,31)</onclick>
							<visible>StringCompare(Skin.String(Widget_Custom_6),30)</visible>
						</item>	
						<item>	<!--31-->	
							<label>$LOCALIZE[558] Widget 2</label>
							<onclick>Skin.SetString(Widget_Custom_6,90)</onclick>
							<visible>StringCompare(Skin.String(Widget_Custom_6),31)</visible>
						</item>	

						<item>	<!--90-->	
							<label>$LOCALIZE[1036] Widget</label>
							<onclick>Skin.SetString(Widget_Custom_6,10)</onclick>
							<visible>StringCompare(Skin.String(Widget_Custom_6),90)</visible>
						</item>

					</content>

				</control>
				<control type="button" id="25099">		<!--More-->		
					<visible>Container(300).HasFocus(25)</visible>	
					<include>SubMenuButton</include>
					<onclick>SetFocus(9001)</onclick>
					<label>22082</label>									
				</control>

				<!--Custom 7 Button-->		
				<control type="label" id="26001">		<!--View:-->
					<visible>Container(300).HasFocus(26)</visible>	
					<width>458</width>
					<align>left</align>	
					<textoffsetx>50</textoffsetx>
					<font>Light40</font>
					<textcolor>mainblue</textcolor>	
					<label>$LOCALIZE[457]:</label>
				</control>	
				<control type="image" id="26002">		<!--Seperator-->	
					<visible>Container(300).HasFocus(26)</visible>	
					<width>458</width>					
					<height>20</height>	
					<align>left</align>	
					<texture>common/menu-separator.png</texture>				
				</control>	
				<control type="list" id="26098">		<!--List: Widget-->	
					<visible>Container(300).HasFocus(26)</visible>	
					<width>458</width>
					<height>66</height>
					<itemgap>0</itemgap>
					<orientation>vertical</orientation>					
					<pagecontrol>noop</pagecontrol>
					<onleft>300</onleft>
					<onright>300</onright>
					<onup>noop</onup>
					<ondown>noop</ondown>
					<scrolltime>0</scrolltime>
					<itemlayout width="1375" height="60" />
					<focusedlayout width="1375" height="60">
						<control type="image">	<!--Slider-->							
							<posx>0</posx>
							<posy>0</posy>
							<width>458</width>
							<height>60</height>
							<texture>common/button-fo.png</texture>	
							<visible>Control.HasFocus(26098)</visible>
						</control>	
						<control type="label">	<!--Label-->
							<posx>50</posx>
							<height>60</height>
							<width>458</width>								
							<font>Light32</font>
							<textcolor>white</textcolor>
							<label>$INFO[ListItem.Label]</label>
							<visible>Control.HasFocus(26098)</visible>
						</control>
						<control type="label">	<!--Label-->
							<posx>50</posx>
							<height>60</height>
							<width>458</width>								
							<font>Light32</font>
							<textcolor>midgrey</textcolor>
							<label>$INFO[ListItem.Label]</label>
							<visible>!Control.HasFocus(26098)</visible>
						</control>
					</focusedlayout>						
					<!--View Items-->
					<content>	

						<item>	<!--10-->					
							<label>$LOCALIZE[342] Widget 1</label>
							<onclick>Skin.SetString(Widget_Custom_7,11)</onclick>	
							<visible>IsEmpty(Skin.String(Widget_Custom_7)) | StringCompare(Skin.String(Widget_Custom_7),10)</visible>
						</item>						
						<item>	<!--11-->					
							<label>$LOCALIZE[342] Widget 2</label>
							<onclick>Skin.SetString(Widget_Custom_7,20)</onclick>	
							<visible>StringCompare(Skin.String(Widget_Custom_7),11)</visible>
						</item>	

						<item>	<!--20-->	
							<label>$LOCALIZE[20343] Widget 1</label>
							<onclick>Skin.SetString(Widget_Custom_7,21)</onclick>
							<visible>StringCompare(Skin.String(Widget_Custom_7),20)</visible>
						</item>	
						<item>	<!--21-->	
							<label>$LOCALIZE[20343] Widget 2</label>
							<onclick>Skin.SetString(Widget_Custom_7,22)</onclick>
							<visible>StringCompare(Skin.String(Widget_Custom_7),21)</visible>
						</item>	
						<item>	<!--22-->	
							<label>$LOCALIZE[20343] Widget 3</label>
							<onclick>Skin.SetString(Widget_Custom_7,23)</onclick>
							<visible>StringCompare(Skin.String(Widget_Custom_7),22)</visible>
						</item>	
						<item>	<!--23-->	
							<label>$LOCALIZE[20343] Widget 4</label>
							<onclick>Skin.SetString(Widget_Custom_7,30)</onclick>
							<visible>StringCompare(Skin.String(Widget_Custom_7),23)</visible>
						</item>						

						<item>	<!--30-->	
							<label>$LOCALIZE[558] Widget 1</label>
							<onclick>Skin.SetString(Widget_Custom_7,31)</onclick>
							<visible>StringCompare(Skin.String(Widget_Custom_7),30)</visible>
						</item>	
						<item>	<!--31-->	
							<label>$LOCALIZE[558] Widget 2</label>
							<onclick>Skin.SetString(Widget_Custom_7,90)</onclick>
							<visible>StringCompare(Skin.String(Widget_Custom_7),31)</visible>
						</item>	

						<item>	<!--90-->	
							<label>$LOCALIZE[1036] Widget</label>
							<onclick>Skin.SetString(Widget_Custom_7,10)</onclick>
							<visible>StringCompare(Skin.String(Widget_Custom_7),90)</visible>
						</item>

					</content>

				</control>
				<control type="button" id="26099">		<!--More-->		
					<visible>Container(300).HasFocus(26)</visible>	
					<include>SubMenuButton</include>
					<onclick>SetFocus(9001)</onclick>
					<label>22082</label>									
				</control>

				<!--Custom 8 Button-->		
				<control type="label" id="27001">		<!--View:-->
					<visible>Container(300).HasFocus(27)</visible>	
					<width>458</width>
					<align>left</align>	
					<textoffsetx>50</textoffsetx>
					<font>Light40</font>
					<textcolor>mainblue</textcolor>	
					<label>$LOCALIZE[457]:</label>
				</control>	
				<control type="image" id="27002">		<!--Seperator-->	
					<visible>Container(300).HasFocus(27)</visible>	
					<width>458</width>					
					<height>20</height>	
					<align>left</align>	
					<texture>common/menu-separator.png</texture>				
				</control>	
				<control type="list" id="27098">		<!--List: Widget-->	
					<visible>Container(300).HasFocus(27)</visible>	
					<width>458</width>
					<height>66</height>
					<itemgap>0</itemgap>
					<orientation>vertical</orientation>					
					<pagecontrol>noop</pagecontrol>
					<onleft>300</onleft>
					<onright>300</onright>
					<onup>noop</onup>
					<ondown>noop</ondown>
					<scrolltime>0</scrolltime>
					<itemlayout width="1375" height="60" />
					<focusedlayout width="1375" height="60">
						<control type="image">	<!--Slider-->							
							<posx>0</posx>
							<posy>0</posy>
							<width>458</width>
							<height>60</height>
							<texture>common/button-fo.png</texture>	
							<visible>Control.HasFocus(27098)</visible>
						</control>	
						<control type="label">	<!--Label-->
							<posx>50</posx>
							<height>60</height>
							<width>458</width>								
							<font>Light32</font>
							<textcolor>white</textcolor>
							<label>$INFO[ListItem.Label]</label>
							<visible>Control.HasFocus(27098)</visible>
						</control>
						<control type="label">	<!--Label-->
							<posx>50</posx>
							<height>60</height>
							<width>458</width>								
							<font>Light32</font>
							<textcolor>midgrey</textcolor>
							<label>$INFO[ListItem.Label]</label>
							<visible>!Control.HasFocus(27098)</visible>
						</control>
					</focusedlayout>						
					<!--View Items-->
					<content>	

						<item>	<!--10-->					
							<label>$LOCALIZE[342] Widget 1</label>
							<onclick>Skin.SetString(Widget_Custom_8,11)</onclick>	
							<visible>IsEmpty(Skin.String(Widget_Custom_8)) | StringCompare(Skin.String(Widget_Custom_8),10)</visible>
						</item>						
						<item>	<!--11-->					
							<label>$LOCALIZE[342] Widget 2</label>
							<onclick>Skin.SetString(Widget_Custom_8,20)</onclick>	
							<visible>StringCompare(Skin.String(Widget_Custom_8),11)</visible>
						</item>	

						<item>	<!--20-->	
							<label>$LOCALIZE[20343] Widget 1</label>
							<onclick>Skin.SetString(Widget_Custom_8,21)</onclick>
							<visible>StringCompare(Skin.String(Widget_Custom_8),20)</visible>
						</item>	
						<item>	<!--21-->	
							<label>$LOCALIZE[20343] Widget 2</label>
							<onclick>Skin.SetString(Widget_Custom_8,22)</onclick>
							<visible>StringCompare(Skin.String(Widget_Custom_8),21)</visible>
						</item>	
						<item>	<!--22-->	
							<label>$LOCALIZE[20343] Widget 3</label>
							<onclick>Skin.SetString(Widget_Custom_8,23)</onclick>
							<visible>StringCompare(Skin.String(Widget_Custom_8),22)</visible>
						</item>	
						<item>	<!--23-->	
							<label>$LOCALIZE[20343] Widget 4</label>
							<onclick>Skin.SetString(Widget_Custom_8,30)</onclick>
							<visible>StringCompare(Skin.String(Widget_Custom_8),23)</visible>
						</item>								

						<item>	<!--30-->	
							<label>$LOCALIZE[558] Widget 1</label>
							<onclick>Skin.SetString(Widget_Custom_8,31)</onclick>
							<visible>StringCompare(Skin.String(Widget_Custom_8),30)</visible>
						</item>	
						<item>	<!--31-->	
							<label>$LOCALIZE[558] Widget 2</label>
							<onclick>Skin.SetString(Widget_Custom_8,90)</onclick>
							<visible>StringCompare(Skin.String(Widget_Custom_8),31)</visible>
						</item>	

						<item>	<!--90-->	
							<label>$LOCALIZE[1036] Widget</label>
							<onclick>Skin.SetString(Widget_Custom_8,10)</onclick>
							<visible>StringCompare(Skin.String(Widget_Custom_8),90)</visible>
						</item>

					</content>

				</control>
				<control type="button" id="27099">		<!--More-->		
					<visible>Container(300).HasFocus(27)</visible>	
					<include>SubMenuButton</include>
					<onclick>SetFocus(9001)</onclick>
					<label>22082</label>									
				</control>

			</control>	

		</control>	

		<!--Sub Menu More-->
		<control type="group"> 
			<posx>15</posx>
			<posy>80</posy>	
			<visible>ControlGroup(9001).HasFocus()</visible>
			<visible>!Window.IsActive(DialogKeyboard.xml)</visible>

			<include>animation_hoverslide</include>
			<animation type="Visible" reversible="false">			
				<effect type="slide" start="-600" end="0" time="375" tween="cubic" easing="inout" delay="200"/>			
			</animation>
			<animation type="Hidden" reversible="false">				
				<effect type="slide" start="0" end="-600" time="375" tween="cubic" easing="inout" delay="0"/>
			</animation>

			<!--Panel-->
			<control type="image">
				<posx>-19</posx>
				<posy>360</posy>
				<width>60</width>
				<height>80</height>
				<texture>dialogs/default/arrow-left-black.png</texture>
			</control>
			<control type="image">				
				<posx>0</posx>
				<posy>0</posy>
				<width>500</width>
				<height>860</height>			
				<texture border="39">dialogs/default/bg-black.png</texture>
			</control>	

			<!--Gouplist 9001-->
			<control type="grouplist" id="9001">			
				<posx>21</posx>
				<posy>50</posy>
				<width>458</width>
				<height>760</height>
				<itemgap>3</itemgap>
				<onleft>300</onleft>
				<onright>300</onright>
				<onup>noop</onup>
				<ondown>noop</ondown>	
				<onback>300</onback>
				<orientation>vertical</orientation>

				<!--Buttons-->
				<control type="label" id="500">			<!--View:-->	
					<width>458</width>
					<align>left</align>	
					<textoffsetx>50</textoffsetx>
					<font>Light40</font>
					<textcolor>mainblue</textcolor>	
					<label>$LOCALIZE[457]:</label>					
				</control>	
				<control type="image" id="501">			<!--Seperator-->	
					<width>458</width>
					<height>20</height>	
					<align>left</align>	
					<texture>common/menu-separator.png</texture>				
				</control>
				<control type="radiobutton" id="502">	<!--Media Info-->					
					<include>SubMenuButton</include>		
					<label>Home $LOCALIZE[8]</label>					
					<onclick>Skin.ToggleSetting(HomeWeather)</onclick>
					<selected>Skin.HasSetting(HomeWeather)</selected>	
				</control>
				<control type="radiobutton" id="503">	<!--Media Info-->					
					<include>SubMenuButton</include>		
					<label>Widget Fanart</label>					
					<onclick>Skin.ToggleSetting(WidgetFanart)</onclick>
					<selected>Skin.HasSetting(WidgetFanart)</selected>	
				</control>				

			</control>			
		</control>

	</include>	
</includes>