<?xml version="1.0" encoding="UTF-8"?>
<window id="6">
	<defaultcontrol always="true">50</defaultcontrol>
	<allowoverlay>yes</allowoverlay>
	<views>50,51,52,53,54,55</views>	
	<onload>Skin.Reset(FadeOverlay)</onload>	

	<controls>

		<!-- Video Background -->	
		<include>VideoBackground</include>			
		<!--Time & Weather-->
		<include>TimeWeather</include>	
		<!--Header-->
		<include>Header</include>	
		<!--Now Playing-->
		<include>NowPlayingMusic</include>
		<!--Now Playing Video-->
		<include>NowPlayingVideo</include>		

		<!--Hidden Button-->
		<control type="radiobutton" id="19">
			<description>Filter (hidden)</description>
			<include>HiddenButton</include>
		</control>

		<!--Fanart-->		
		<control type="group">	<!--View 50-->			
			<visible>Control.IsVisible(50)</visible>					
			<include>animation_visible_hidden</include>
			<include>animation_hoverslide</include>
			<control type="image">
				<posx>0</posx>
				<posy>129</posy>
				<width>1200</width> 
				<height>590</height>							
				<texture background="true" diffuse="views/view_50_matte.png" fallback="special://skin/backgrounds/fallback.jpg">$VAR[value_video_fanart]</texture>				
				<aspectratio scalediffuse="false" align="center">scale</aspectratio>
				<fadetime>FanartCrossfadeTime</fadetime>					
			</control>				
		</control>		
		<control type="group">	<!--Dummy Load View 52,53,54,55-->			
			<visible>Control.IsVisible(52) | Control.IsVisible(53) | Control.IsVisible(54) | Control.IsVisible(55)</visible>					
			<include>animation_visible_hidden</include>
			<include>animation_hoverslide</include>
			<control type="image">
				<posx>-20</posx>
				<posy>-20</posy>
				<width>1</width>
				<height>1</height>						
				<texture background="true" fallback="special://skin/backgrounds/fallback.jpg">$VAR[value_video_fanart]</texture>				
				<aspectratio scalediffuse="false" align="center">scale</aspectratio>
				<fadetime>FanartCrossfadeTime</fadetime>					
			</control>				
		</control>	
		
		<!--Views-->
		<include>View_50_List</include>			
		<include condition="!Skin.HasSetting(Disable_View_51)">View_51_Showcase_Fanart</include>
		<include condition="!Skin.HasSetting(Disable_View_52)">View_52_Showcase_Panel</include>		
		<include condition="!Skin.HasSetting(Disable_View_53)">View_53_Poster</include>	
		<include condition="!Skin.HasSetting(Disable_View_54)">View_54_Wall</include>	
		<include condition="!Skin.HasSetting(Disable_View_55)">View_55_Wall</include>	

		<!--Sub Menu Tab-->
		<control type="group"> 
			<visible>Control.IsVisible(50) | Control.IsVisible(54) | Control.IsVisible(55)</visible>
			<include>SubMenuTabLeft</include>
		</control>	
		<control type="group"> 
			<visible>Control.IsVisible(51) | Control.IsVisible(52) | Control.IsVisible(53)</visible>
			<include>SubMenuTabTop</include>
		</control>	

		<!--Sub Menu-->
		<control type="group"> 
			<posx>15</posx>
			<posy>80</posy>

			<visible>!Window.IsActive(DialogKeyboard.xml)</visible>

			<include>animation_visible_hidden</include>
			<include>animation_hoverslide</include>
			<include>animation_sub_menu</include>				

			<!--Panel-->
			<control type="image">
				<posx>-19</posx>
				<posy>420</posy>
				<width>60</width>
				<height>80</height>
				<texture>dialogs/default/arrow-left-black.png</texture>
			</control>			
			<control type="image">				
				<width>500</width>
				<height>860</height>
				<texture border="39">dialogs/default/bg-black.png</texture>
				<aspectratio>stretch</aspectratio>
			</control>			

			<!--Gouplist 9000-->
			<control type="grouplist" id="9000">		
				<posx>21</posx>
				<posy>50</posy>
				<width>458</width>
				<height>760</height>
				<itemgap>3</itemgap>
				<onleft>50</onleft>
				<onright>50</onright>
				<onup>9000</onup>
				<ondown>9000</ondown>
				<orientation>vertical</orientation>

				<!--Buttons-->
				<control type="label" id="200">			<!--Label Menu-->					
					<width>458</width>
					<align>left</align>
					<textoffsetx>50</textoffsetx>
					<font>Light40</font>
					<textcolor>mainblue</textcolor>	
					<label>$LOCALIZE[33061]:</label>					
				</control>
				<control type="image" id="201">			<!--Seperator-->						
					<width>458</width>					
					<height>20</height>	
					<align>left</align>	
					<texture>common/menu-separator.png</texture>				
				</control>	
				<control type="button" id="10">			<!--Button Watch Toggle-->	
					<include>SubMenuButton</include>	
					<label>-</label>
				</control>
				<control type="button" id="8">			<!--Button Search-->	
					<include>SubMenuButton</include>
					<label>137</label>									
				</control>	
				<control type="button" id="3">			<!--Button Sort Mode-->	
					<include>SubMenuButton</include>	
					<label>-</label>
				</control>					
				<control type="togglebutton" id="4">	<!--Button Sort Ascending-->
					<include>SubMenuButton</include>
					<label>31051</label>
					<altlabel>31050</altlabel>
					<usealttexture>Container.SortDirection(Ascending)</usealttexture>
				</control>				
				<control type="image" id="202">			<!--Space-->						
					<width>458</width>					
					<height>20</height>	
					<align>left</align>	
					<texture>common/menu-space.png</texture>				
				</control>		

				<control type="label" id="300">			<!--Manage:-->					
					<width>458</width>
					<align>left</align>	
					<textoffsetx>50</textoffsetx>
					<font>Light40</font>
					<textcolor>mainblue</textcolor>	
					<label>$LOCALIZE[31039]:</label>						
				</control>	
				<control type="image" id="301">			<!--Seperator-->						
					<width>458</width>					
					<height>20</height>	
					<align>left</align>	
					<texture>common/menu-separator.png</texture>				
				</control>	
				<control type="togglebutton" id="20">	<!--Update Library-->	
					<include>SubMenuButton</include>					
					<label>653</label>									
				</control>	
				<control type="image" id="302">			<!--Space-->						
					<width>458</width>					
					<height>20</height>	
					<align>left</align>	
					<texture>common/menu-space.png</texture>				
				</control>		

				<control type="label" id="400">			<!--View:-->					
					<width>458</width>
					<align>left</align>	
					<textoffsetx>50</textoffsetx>
					<font>Light40</font>
					<textcolor>mainblue</textcolor>	
					<label>$LOCALIZE[457]:</label>					
				</control>	
				<control type="image" id="401">			<!--Seperator-->						
					<width>458</width>					
					<height>20</height>	
					<align>left</align>	
					<texture>common/menu-separator.png</texture>				
				</control>	
				<control type="button" id="2">			<!--View Type-->				
					<include>SubMenuButton</include>	
					<onfocus>Skin.Reset(ViewChange)</onfocus>
				</control>	
				<control type="button" id="402">		<!--More-->		
					<include>SubMenuButton</include>
					<onclick>SetFocus(9001)</onclick>
					<label>22082</label>									
				</control>
				
			</control>			
		</control>
		
		<!--Sub Menu More-->
		<control type="group"> 
			<posx>15</posx>
			<posy>80</posy>	
			<visible>ControlGroup(9001).HasFocus()</visible>
			<visible>!Window.IsActive(DialogKeyboard.xml)</visible>
			
			<include>animation_hoverslide</include>
			<animation type="Visible" reversible="false">			
				<effect type="slide" start="-600" end="0" time="375" tween="cubic" easing="inout" delay="200"/>			
			</animation>
			<animation type="Hidden" reversible="false">				
				<effect type="slide" start="0" end="-600" time="375" tween="cubic" easing="inout" delay="0"/>
			</animation>
		
			
			<!--Panel-->
			<control type="image">
				<posx>-19</posx>
				<posy>360</posy>
				<width>60</width>
				<height>80</height>
				<texture>dialogs/default/arrow-left-black.png</texture>
			</control>
			<control type="image">				
				<posx>0</posx>
				<posy>0</posy>
				<width>500</width>
				<height>860</height>			
				<texture border="39">dialogs/default/bg-black.png</texture>
			</control>	

			<!--Gouplist 9001-->
			<control type="grouplist" id="9001">			
				<posx>21</posx>
				<posy>50</posy>
				<width>458</width>
				<height>760</height>
				<itemgap>3</itemgap>
				<onleft>50</onleft>
				<onright>50</onright>
				<onup>9001</onup>
				<ondown>9001</ondown>
				<onback>50</onback>
				<orientation>vertical</orientation>

				<!--Buttons-->
				<control type="label" id="500">			<!--View:-->	
					<width>458</width>
					<align>left</align>	
					<textoffsetx>50</textoffsetx>
					<font>Light40</font>
					<textcolor>mainblue</textcolor>	
					<label>$LOCALIZE[14018]:</label>					
				</control>	
				<control type="image" id="501">			<!--Seperator-->	
					<width>458</width>
					<height>20</height>	
					<align>left</align>	
					<texture>common/menu-separator.png</texture>				
				</control>
				<control type="radiobutton" id="502">	<!--Media Info-->					
					<include>SubMenuButton</include>		
					<label>$LOCALIZE[544]</label>			
					<onclick>Skin.ToggleSetting(Flags)</onclick>
					<selected>Skin.HasSetting(Flags)</selected>
				</control>
				<control type="radiobutton" id="503">	<!--Enable scrollbars-->					
					<include>SubMenuButton</include>		
					<label>$LOCALIZE[21383]</label>			
					<onclick>Skin.ToggleSetting(Scrollbar)</onclick>
					<selected>Skin.HasSetting(Scrollbar)</selected>
				</control>	
				<control type="radiobutton" id="504">	<!--Big Info-->					
					<include>SubMenuButton</include>		
					<label>Big $LOCALIZE[31033]</label>			
					<onclick>Skin.ToggleSetting(BigInfo)</onclick>
					<selected>Skin.HasSetting(BigInfo)</selected>
				</control>	
				
			</control>			
		</control>

		<!--Global Fade Overlay-->
		<include>GlobalFadeOverlay</include>		

	</controls>
</window>