<?xml version="1.0" encoding="UTF-8"?>
<window id="12">
	<defaultcontrol always="true">3</defaultcontrol>
	<allowoverlay>yes</allowoverlay>

	<controls>		

		<!--Global Background-->
		<include>GlobalBackground</include>		
		<!--Time & Weather-->
		<include>TimeWeather</include>	
		<!--Header-->
		<include>Header</include>	
		<!--Avalon Version-->
		<include>AvalonVersion</include>

		<!--Panel-->
		<control type="image">				
			<posx>0</posx>
			<posy>100</posy>
			<width>1893</width>
			<height>900</height>
			<texture>views/settings_panel.png</texture>
			<include>animation_visible_hidden</include>
			<include>animation_hoverslide</include>
		</control>
		<!--Info Plot-->
		<control type="group">
			<include>animation_visible_hidden</include>
			<include>animation_hoverslide</include>
			<posx>615</posx>
			<posy>850</posy>		
			<control type="image">				
				<posx>0</posx>
				<posy>0</posy>
				<width>51</width>
				<height>51</height>
				<aspectratio>scale</aspectratio>
				<colordiffuse>88FFFFFF</colordiffuse>
				<texture>dialogs/kaitoast/info.png</texture>  			
			</control> 		
			<control type="textbox" id="6">	
				<posx>65</posx>
				<posy>5</posy>
				<width>1150</width>
				<align>left</align>
				<height>75</height>		
				<font>Light30</font>				
				<textcolor>midgrey</textcolor>	
				<autoscroll time="3000" delay="4000" repeat="5000">true</autoscroll>

			</control>		
		</control>	
		<!--Label Menu-->
		<control type="label">			
			<include>animation_visible_hidden</include>
			<include>animation_hoverslide</include>
			<posx>60</posx>
			<posy>160</posy>
			<width>450</width>
			<align>left</align>
			<textoffsetx>50</textoffsetx>
			<font>Light40</font>
			<textcolor>mainblue</textcolor>	
			<label>$LOCALIZE[33061]:</label>					
		</control>

		<!--Grouplist-->
		<control type="grouplist" id="3">			
			<description>Button Area</description>
			<posx>60</posx>
			<posy>230</posy>
			<width>450</width>
			<height>580</height>
			<itemgap>-</itemgap>
			<onleft>5</onleft>
			<onright>5</onright>
			<onup>noop</onup>
			<ondown>20</ondown>
			<orientation>vertical</orientation>
			<include>animation_visible_hidden</include>
			<include>animation_hoverslide</include>
		</control>
		<control type="grouplist" id="5">			
			<description>Control Area</description>
			<posx>600</posx>
			<posy>230</posy>
			<width>1230</width>
			<height>527</height>
			<itemgap>3</itemgap>
			<onleft>3</onleft>
			<onright>3</onright>
			<onup>5</onup>
			<ondown>5</ondown>
			<orientation>vertical</orientation>
			<include>animation_visible_hidden</include>
			<include>animation_hoverslide</include>
		</control>
	
		<!--Button-->
		<control type="button" id="7">
			<description>Default Button</description>
			<focusedcolor>black</focusedcolor>
			<font>Reg32</font>
			<align>left</align>
			<height>50</height>			
		</control>
		<control type="radiobutton" id="8">
			<description>Default Radio Button</description>				
			<focusedcolor>black</focusedcolor>
			<font>Reg32</font>
			<align>left</align>
			<height>50</height>	
			<radioposx>1075</radioposx>
		</control>
		<control type="spincontrolex" id="9">
			<description>Default Spin Control</description>		
			<focusedcolor>black</focusedcolor>
			<font>Reg32</font>
			<align>left</align>
			<height>50</height>			
		</control>
		<control type="button" id="10">
			<description>Default Category Button</description>	
			<focusedcolor>black</focusedcolor>
			<font>Reg32</font>
			<align>left</align>
			<height>50</height>			
		</control>		

		<!--Setting Level-->	
		<control type="group">
			<include>animation_visible_hidden</include>
			<include>animation_hoverslide</include>
			<posx>60</posx>
			<posy>850</posy>
			<control type="label">			
				<posx>0</posx>
				<posy>-70</posy>
				<width>458</width>
				<align>left</align>
				<textoffsetx>50</textoffsetx>
				<font>Light40</font>
				<textcolor>mainblue</textcolor>	
				<label>$LOCALIZE[31142]:</label>				
			</control>	
			<control type="button" id="20">				
				<posx>0</posx>
				<posy>0</posy>
				<width>450</width>
				<focusedcolor>black</focusedcolor>
				<font>Reg32</font>
				<align>left</align>
				<height>50</height>	
				<onleft>5</onleft>
				<onright>5</onright>
				<onup>3</onup>
				<ondown>noop</ondown>
				<onclick>SettingsLevelChange</onclick>
			</control>
		</control>

	</controls>

</window>