<?xml version="1.0" encoding="UTF-8"?>
<window id="2901">
	<defaultcontrol always="true">100</defaultcontrol>
	<allowoverlay>yes</allowoverlay>
	<onunload>Skin.Reset(CustomOSD)</onunload>
	<onload>SetFocus(100,199)</onload>

	<controls>

		<!--OSD Panel-->
		<control type="group">			
			<visible>!Window.IsActive(filebrowser)</visible>
			<visible>!Window.IsActive(sliderdialog)</visible>
			<visible>!Window.IsActive(videobookmarks)</visible>			

			<include>animation_visible_hidden</include>			

			<include>OSDPanelBig</include>	

		</control>	

		<!--OSD Settings-->
		<control type="group">			
			<visible>!Window.IsActive(filebrowser)</visible>
			<visible>!Window.IsActive(sliderdialog)</visible>
			<visible>!Window.IsActive(videobookmarks)</visible>		
			
			<visible>Skin.HasSetting(CustomOSD)</visible>			
			<visible>!VideoPlayer.Content(LiveTV)</visible>		

			<include>animation_visible_hidden</include>			

			<include>VideoOSDSettings</include>	

		</control>	

		<!--OSD List-->
		<control type="group">				
			<include>animation_visible_hidden</include>		
			
			<include>VideoOSDList</include>		

		</control>	

	</controls>	
</window>