<includes>		
	<include name="View_504_Wall">	

		<!--Panels-->
		<control type="group">
			<visible>Control.IsVisible(504)</visible>			
			<include>animation_hoverslide</include>

			<control type="image">	<!--Panel Info (RSS)-->			
				<posx>0</posx>
				<posy>609</posy>
				<width>1920</width>
				<height>180</height>
				<texture>views/view_50_info.png</texture>					
			</control>		
			<control type="image">	<!--Panel List-->				
				<posx>0</posx>
				<posy>100</posy>
				<width>1920</width>
				<height>650</height>
				<texture>views/view_54_panel.png</texture>					
			</control>			

		</control>	

		<!--Panel 504-->	
		<control type="panel" id="504">	
			<include>animation_hoverslide</include>					
			<posx>95</posx>
			<posy>185</posy>
			<width>1800</width>
			<height>500</height>			
			<onleft>9000</onleft>
			<onright>noop</onright>
			<onup>504</onup>
			<ondown>504</ondown>
			<pagecontrol>-</pagecontrol>
			<visible>Container.Content(albums)</visible>
			<viewtype label="Wall">panel</viewtype>
			<scrolltime tween="cubic" easing="inout">500</scrolltime>
			<focusposition>0</focusposition>
			<orientation>vertical</orientation>
			<preloaditems>2</preloaditems>

			<itemlayout height="250" width="250">								
				<control type="image"><!--Cover-->						
					<width>230</width>
					<height>230</height>					
					<texture background="true" fallback="cover_default.png" diffuse="cover_matte.png">$INFO[ListItem.Icon]</texture>
					<aspectratio align="center" aligny="center">stretch</aspectratio>
				</control>							
			</itemlayout>	
			<focusedlayout height="250" width="250">
				<control type="button">
					<include>HiddenButton</include>
					<onfocus>Skin.SetBool(ViewChange)</onfocus>					
				</control>
				<control type="image"><!--Cover-->	
					<animation type="Focus">			
						<effect type="zoom"  start="100" end="122" center="115,115" time="150"/>						
					</animation>
					<animation type="UnFocus">			
						<effect type="zoom"  start="122" end="100" center="115,115" time="150"/>						
					</animation>
					<width>230</width>
					<height>230</height>					
					<texture background="true" fallback="cover_default.png" diffuse="cover_matte.png">$INFO[ListItem.Icon]</texture>
					<aspectratio align="center" aligny="center">stretch</aspectratio>
				</control>	
				<control type="image"><!--Cover Focus-->		
					<animation type="Focus">			
						<effect type="zoom"  start="100" end="126" center="115,115" time="150"/>
						<effect type="fade"  start="0" end="100"  time="150"/>
					</animation>
					<animation type="UnFocus">			
						<effect type="zoom"  start="126" end="100" center="115,115" time="150"/>
						<effect type="fade"  start="100" end="0" time="0"/>
					</animation>					
					<width>230</width>
					<height>230</height>					
					<texture background="true">cover_focus.png</texture>
					<aspectratio align="center" aligny="center">stretch</aspectratio>
				</control>	
			</focusedlayout>

		</control>

		<!--Info Plots-->
		<control type="group">	

			<control type="group">		<!--RSS Label-->
				<visible>Control.IsVisible(504)</visible>				
				<include>animation_hoverslide</include>					
				<posx>0</posx>
				<posy>722</posy>

				<control type="label">	<!--RSS2-->	
					<posx>880</posx>
					<posy>0</posy> 
					<width>250</width>					
					<font>Light32</font>
					<textcolor>mainblue</textcolor>	
					<label>$VAR[value_rss_label_2]</label>
				</control>	
				<control type="label">	<!--RSS3-->	
					<posx>1820</posx>
					<posy>0</posy> 
					<width>250</width>
					<align>right</align>				
					<font>Light32</font>
					<textcolor>mainblue</textcolor>	
					<label>$VAR[value_rss_label_3]</label>
				</control>	
			</control>
			<control type="group">		<!--List Label-->
				<visible>Control.IsVisible(504)</visible>
				<visible>!SubString(ListItem.Label,..)</visible>
				<include>animation_fade</include>					
				<posx>0</posx>
				<posy>795</posy>
				<control type="label">	<!--Label 1-->							
					<posx>1820</posx>
					<posy>0</posy>						
					<width>950</width> 
					<align>right</align>
					<font>Reg40Bold</font>			
					<textcolor>aawhite</textcolor>			
					<label>$VAR[value_list_label_1]</label>						
				</control>					
				<control type="label">	<!--Label 2-->					
					<posx>1820</posx>
					<posy>60</posy>						
					<width>700</width>
					<align>right</align>
					<font>Light32</font>				
					<textcolor>mainblue</textcolor>				
					<label>$VAR[value_list_label_2]</label>	
				</control>					
			</control>

		</control>	

	</include>
</includes>