<includes>		
	<include name="View_505_Wall">	

		<!--Panels-->
		<control type="group">
			<visible>Control.IsVisible(505)</visible>			
			<include>animation_hoverslide</include>

			<control type="image">	<!--Panel Info (RSS)-->			
				<posx>0</posx>
				<posy>761</posy>
				<width>1920</width>
				<height>180</height>
				<texture>views/view_50_info.png</texture>					
			</control>		
			<control type="image">	<!--Panel List-->				
				<posx>0</posx>
				<posy>100</posy>
				<width>1920</width>
				<height>800</height>
				<texture>views/view_55_panel.png</texture>					
			</control>			

		</control>	

		<!--Panel 504-->	
		<control type="panel" id="505">	
			<include>animation_hoverslide</include>					
			<posx>85</posx>
			<posy>180</posy>
			<width>1800</width>
			<height>660</height>			
			<onleft>9000</onleft>
			<onright>noop</onright>
			<onup>505</onup>
			<ondown>505</ondown>
			<pagecontrol>-</pagecontrol>
			<visible>Container.Content(albums)</visible>
			<viewtype label="Big Wall">panel</viewtype>
			<scrolltime tween="cubic" easing="inout">500</scrolltime>							
			<focusposition>0</focusposition>
			<orientation>vertical</orientation>
			<preloaditems>2</preloaditems>

			<itemlayout height="220" width="220">								
				<control type="image"><!--Cover-->					
					<width>200</width>
					<height>200</height>						
					<texture background="true" fallback="cover_default.png" diffuse="cover_matte.png">$INFO[ListItem.Icon]</texture>
					<aspectratio align="center" aligny="center">stretch</aspectratio>
				</control>							
			</itemlayout>	
			<focusedlayout height="220" width="220">
				<control type="button">
					<include>HiddenButton</include>
					<onfocus>Skin.SetBool(ViewChange)</onfocus>					
				</control>
				<control type="image"><!--Cover-->	
					<animation type="Focus">			
						<effect type="zoom"  start="100" end="126" center="100,100" time="150"/>						
					</animation>
					<animation type="UnFocus">			
						<effect type="zoom"  start="126" end="100" center="100,100" time="150"/>						
					</animation>					
					<width>200</width>
					<height>200</height>					
					<texture background="true" fallback="cover_default.png" diffuse="cover_matte.png">$INFO[ListItem.Icon]</texture>
					<aspectratio align="center" aligny="center">stretch</aspectratio>
				</control>	
				<control type="image"><!--Cover Focus-->		
					<animation type="Focus">			
						<effect type="zoom"  start="100" end="130" center="100,100" time="150"/>
						<effect type="fade"  start="0" end="100"  time="150"/>
					</animation>
					<animation type="UnFocus">			
						<effect type="zoom"  start="130" end="100" center="100,100" time="150"/>
						<effect type="fade"  start="100" end="0" time="0"/>
					</animation>									
					<width>200</width>
					<height>200</height>					
					<texture background="true">cover_focus.png</texture>
					<aspectratio align="center" aligny="center">stretch</aspectratio>
				</control>	
			</focusedlayout>

		</control>

		<!--Info Plots-->
		<control type="group">	

			<control type="group">		<!--RSS Label-->
				<visible>Control.IsVisible(505)</visible>				
				<include>animation_hoverslide</include>					
				<posx>0</posx>
				<posy>875</posy>

				<control type="label">	<!--RSS2-->	
					<posx>880</posx>
					<posy>0</posy> 
					<width>250</width>					
					<font>Light32</font>
					<textcolor>mainblue</textcolor>	
					<label>$VAR[value_rss_label_2]</label>
				</control>	
				<control type="label">	<!--RSS3-->	
					<posx>1820</posx>
					<posy>0</posy> 
					<width>250</width>
					<align>right</align>				
					<font>Light32</font>
					<textcolor>mainblue</textcolor>	
					<label>$VAR[value_rss_label_3]</label>
				</control>	
			</control>
			<control type="group">		<!--List Label-->
				<visible>Control.IsVisible(505)</visible>
				<visible>!SubString(ListItem.Label,..)</visible>
				<include>animation_fade</include>					
				<posx>0</posx>
				<posy>950</posy>
				<control type="label">	<!--Label 1-->							
					<posx>1820</posx>
					<posy>0</posy>						
					<width>950</width> 
					<align>right</align>
					<font>Reg40Bold</font>			
					<textcolor>aawhite</textcolor>			
					<label>$VAR[value_list_label_1]</label>						
				</control>					
				<control type="label">	<!--Label 2-->					
					<posx>1820</posx>
					<posy>45</posy>						
					<width>700</width>
					<align>right</align>
					<font>Light32</font>				
					<textcolor>mainblue</textcolor>				
					<label>$VAR[value_list_label_2]</label>	
				</control>					
			</control>

		</control>	

	</include>
</includes>