<?xml version="1.0" encoding="UTF-8"?>
<includes>
	<include name="View_50_List">			

		<!--Poster,Cover,Thumb-->
		<control type="group">
			<control type="group">	<!--Movie & TV-Shows-->		
				<visible>Control.IsVisible(50)</visible>				
				<visible>Container.Content(movies) | Container.Content(tvshows) | Container.Content(seasons) | Container.Content(episodes) | Container.Content(genres)</visible>				
				<include>animation_visible_hidden</include>
				<include>animation_hoverslide</include>

				<!--No Poster,Cover,Thumb-->
				<visible>!Container.Content(genres) + !Container.Content(years) + !Window.IsVisible(videoplaylist)</visible>		


				<control type="image">	<!--Background Panel-->						
					<animation effect="fade" start="100" end="0" time="0" condition="Skin.HasSetting(ViewChange)">Conditional</animation>
					<animation effect="slide" start="0" end="500" tween="cubic" easing="inout" time="525" condition="Container.Content(episodes)">Conditional</animation>
					<posx>0</posx>
					<posy>100</posy>
					<width>1920</width>
					<height>650</height>
					<texture>views/view_50_panel_cover.png</texture>
				</control>	
				<control type="image">	<!--Episode Thumb-->			
					<visible>Container.Content(episodes)</visible>
					<visible>!SubString(ListItem.Label,..)</visible>
					<include>animation_visible_hidden</include>
					<posx>200</posx><!--200-->
					<posy>857</posy><!--Button = 1025-->
					<width>300</width>
					<height>168</height><!--1,78-->
					<fadetime>IconCrossfadeTime</fadetime>			
					<texture background="true" diffuse="episode_matte.png">$INFO[ListItem.Icon]</texture>			
					<aspectratio align="center" aligny="center">keep</aspectratio>				
				</control>			
				<control type="group">	<!--Movie, TV-Show Poster-->					
					<visible>!Container.Content(actors) + !Container.Content(directors)</visible>
					<animation effect="fade" start="100" end="0" time="0" condition="Skin.HasSetting(ViewChange)">Conditional</animation>
					<control type="image">	<!--Poster-->	
						<visible>!Container.Content(episodes)</visible>	<!--Slide when hidden all other(no Episode)-->
						<animation effect="fade" delay="500" time="500">Visible</animation>
						<animation effect="slide" start="0" end="500" tween="cubic" easing="inout" time="500">Hidden</animation>					
						<posx>765</posx>
						<posy>170</posy>
						<width>316</width>
						<height>450</height>
						<fadetime>IconCrossfadeTime</fadetime>							
						<texture background="true" fallback="poster_default.png" diffuse="poster_matte.png">$INFO[ListItem.Icon]</texture>
						<aspectratio align="center" aligny="center">keep</aspectratio>	
					</control>	
					<control type="image">	<!--Poster Refection-->
						<visible>!Container.Content(episodes)</visible>
						<animation effect="fade" delay="700" time="500">Visible</animation>	<!--Slide when hidden all other(no Episode)-->	
						<animation effect="slide" start="0" end="500" tween="cubic" easing="inout" time="500">Hidden</animation>							
						<posx>765</posx>
						<posy>618</posy><!-- -2 -->
						<width>316</width>
						<height>450</height>
						<fadetime>IconCrossfadeTime</fadetime>						
						<texture background="true" fallback="poster_default.png" flipy="true" diffuse="poster_matte_reflect.png">$INFO[ListItem.Icon]</texture>
						<aspectratio align="center" aligny="center">keep</aspectratio>							
					</control>						
					<control type="image">	<!--5Star Rating-->				
						<visible>Container.Content(movies)</visible>	
						<include>animation_visible_hidden</include>
						<posx>843</posx>
						<posy>650</posy>
						<width>160</width>
						<height>27</height>						
						<colordiffuse>aaFFFFFF</colordiffuse>
						<texture>$INFO[ListItem.Rating,rating/5stars/,.png]</texture>	
					</control>
				</control>
				<control type="image">	<!--Actor/Directors Icon-->		
					<visible>Container.Content(actors) | Container.Content(directors)</visible>
					<posx>750</posx>
					<posy>210</posy>
					<width>345</width>
					<height>345</height>
					<fadetime>IconCrossfadeTime</fadetime>			
					<texture background="true" fallback="cover_default.png" diffuse="cover_matte.png">$INFO[ListItem.Icon]</texture>
					<aspectratio align="center" aligny="center">keep</aspectratio>				
				</control>					
			</control>
			<control type="group">	<!--Music-->
				<visible>Control.IsVisible(50)</visible>	 
				<visible>Window.IsVisible(musiclibrary) | Window.IsActive(musicfiles) | Window.IsVisible(musicplaylist)</visible>			
				<include>animation_hoverslide</include>

				<control type="image">	<!--Background Panel-->
					<posx>0</posx>
					<posy>100</posy>
					<width>1920</width>
					<height>650</height>
					<texture>views/view_50_panel_cover.png</texture>
				</control>	
				<control type="group">	<!--Music Cover-->	
					<control type="image">	<!--Cover-->			
						<posx>750</posx>
						<posy>210</posy>
						<width>345</width>
						<height>345</height>
						<fadetime>IconCrossfadeTime</fadetime>			
						<texture background="true" fallback="cover_default.png" diffuse="cover_matte.png">$INFO[ListItem.Icon]</texture>
						<aspectratio align="center" aligny="center">stretch</aspectratio>								
					</control>	
					<control type="image">	<!--Cover Reflection-->							
						<posx>750</posx>
						<posy>553</posy><!-- -2 -->
						<width>345</width>
						<height>345</height>
						<fadetime>IconCrossfadeTime</fadetime>
						<texture background="true" fallback="cover_default.png" flipy="true" diffuse="cover_matte_reflect.png">$INFO[ListItem.Icon]</texture>			
						<aspectratio align="center" aligny="center">stretch</aspectratio>						
					</control>
				</control>
			</control>
			<control type="group">	<!--Others-->
				<visible>Control.IsVisible(50)</visible>
				<visible>![Window.IsVisible(musiclibrary) | Window.IsActive(musicfiles) | Window.IsVisible(musicplaylist)]</visible>
				<visible>![Container.Content(movies) | Container.Content(tvshows) | Container.Content(seasons) | Container.Content(episodes) | Container.Content(genres)]</visible>					
				<include>animation_visible_hidden</include>
				<include>animation_hoverslide</include>	

				<control type="image">	<!--Background Panel-->
					<posx>0</posx>
					<posy>100</posy>
					<width>1920</width>
					<height>650</height>
					<texture>views/view_50_panel_cover.png</texture>
				</control>	
				<control type="image">	<!--Others Icon-->	
					<posx>750</posx>
					<posy>210</posy>
					<width>345</width>
					<height>345</height>
					<fadetime>IconCrossfadeTime</fadetime>			
					<texture background="true" fallback="cover_default.png" diffuse="cover_matte.png">$INFO[ListItem.Icon]</texture>
					<aspectratio align="center" aligny="center">keep</aspectratio>				
				</control>	
			</control>
		</control>	

		<!--Panels-->
		<control type="group">
			<visible>Control.IsVisible(50)</visible>			
			<include>animation_visible_hidden</include>
			<include>animation_hoverslide</include>

			<control type="image">	<!--Panel Info (RSS)-->			
				<posx>0</posx>
				<posy>609</posy>
				<width>1920</width>
				<height>180</height>
				<texture>views/view_50_info.png</texture>					
			</control>		
			<control type="image">	<!--Panel List-->				
				<posx>0</posx>
				<posy>100</posy>
				<width>1920</width>
				<height>650</height>
				<texture>views/view_50_panel_list.png</texture>					
			</control>			

		</control>	

		<!--List 50-->			
		<control type="list" id="50">						
			<include>animation_hoverslide</include>
			<viewtype label="List">list</viewtype> 
			<posx>1168</posx>
			<posy>185</posy>
			<width>700</width>
			<height>480</height>
			<onleft>9000</onleft>
			<onright>60</onright>				
			<onup>50</onup>
			<ondown>50</ondown>
			<pagecontrol>60</pagecontrol>
			<focusposition>0</focusposition>			
			<scrolltime>200</scrolltime>

			<itemlayout width="700" height="60"> 						
				<control type="label">	<!--Label-->				
					<posx>50</posx>
					<width>520</width>
					<font>Light35</font>
					<textcolor>midgrey</textcolor>
					<selectedcolor>orange</selectedcolor>		
					<label>$VAR[value_list_label_1]</label>
				</control>				
				<control type="image">	<!--Watched Overlay Movies, Episode-->	
					<visible>Container.Content(movies) | Container.Content(episodes)</visible>
					<posx>600</posx>
					<posy>23</posy>
					<width>44</width>
					<height>20</height>					
					<colordiffuse>55ffffff</colordiffuse>
					<texture>$INFO[ListItem.Overlay,overlays/,/view_50_watched.png]</texture>	
				</control>
				<control type="label">	<!--Count of Unwatched Episodes-->
					<visible>Container.Content(tvshows) | Container.Content(seasons)</visible>
					<posx>630</posx>
					<width>50</width>					
					<font>Light32</font>
					<align>center</align>
					<textcolor>midgrey</textcolor>					
					<label>$INFO[ListItem.Property(UnWatchedEpisodes)]</label>
				</control>	
				<control type="image">	<!--Activated Icon-->
					<visible>!IsEmpty(ListItem.Label2)</visible>
					<visible>SubString(ListItem.Label2,$LOCALIZE[305])</visible>										
					<posx>600</posx>
					<posy>10</posy>
					<width>40</width>
					<height>40</height>						
					<aspectratio>scale</aspectratio>
					<colordiffuse>88ffffff</colordiffuse>
					<texture>common/check.png</texture>                    
				</control> 	
				<control type="image">	<!--Download Icon-->
					<visible>!IsEmpty(ListItem.Label2)</visible>
					<visible>SubString(ListItem.Label2,%,right)</visible>						
					<animation effect="fade" start="100" end="40" tween="sine" easing="inout" time="1200" pulse="true" reversible="false" condition="true">Conditional</animation>
					<posx>600</posx>
					<posy>10</posy>
					<width>40</width>
					<height>40</height>						
					<aspectratio>scale</aspectratio>						
					<texture>common/download.png</texture>                    
				</control> 	
			</itemlayout>
			<focusedlayout width="700" height="60">				
				<control type="image">	<!--Slider-->
					<animation type="Focus" condition="Container(50).OnNext" reversible="false">
						<effect type="slide" start="0,-50" end="0,0" time="150" tween="Quadratic" easing="out"/>
					</animation>
					<animation type="Focus" condition="Container(50).OnPrevious" reversible="false">
						<effect type="slide" start="0,50" end="0,0" time="150" tween="Quadratic" easing="out"/>
					</animation>
					<posx>0</posx>
					<posy>5</posy>
					<width>695</width>
					<height>50</height>
					<texture>common/slider.png</texture>
					<colordiffuse>DDffffff</colordiffuse>					
				</control>			
				<control type="label">	<!--Label-->						
					<posx>50</posx> 
					<width>520</width>						
					<font>Light35</font>
					<scroll>true</scroll>
					<scrollspeed>30</scrollspeed>
					<textcolor>mainblue</textcolor>	
					<selectedcolor>orange</selectedcolor>
					<label>$VAR[value_list_label_1]</label>
				</control>	
				<control type="image">	<!--Watched Overlay Movies, Episode-->	
					<visible>Container.Content(movies) | Container.Content(episodes)</visible>					
					<posx>600</posx>
					<posy>23</posy>
					<width>44</width>
					<height>20</height>
					<colordiffuse>88ffffff</colordiffuse>
					<texture>$INFO[ListItem.Overlay,overlays/,/view_50_watched.png]</texture>		
				</control>
				<control type="label">	<!--Count of Unwatched Episodes-->
					<visible>Container.Content(tvshows) | Container.Content(seasons)</visible>
					<posx>630</posx>
					<width>50</width>					
					<font>Light32</font>
					<align>center</align>					
					<textcolor>midgrey</textcolor>					
					<selectedcolor>midgrey</selectedcolor>				
					<label>$INFO[ListItem.Property(UnWatchedEpisodes)]</label>
				</control>	
				<control type="image">	<!--Activated Icon-->
					<visible>!IsEmpty(ListItem.Label2)</visible>
					<visible>SubString(ListItem.Label2,$LOCALIZE[305])</visible>										
					<posx>600</posx>
					<posy>10</posy>
					<width>40</width>
					<height>40</height>						
					<aspectratio>scale</aspectratio>
					<colordiffuse>eeffffff</colordiffuse>
					<texture>common/check.png</texture>                    
				</control> 	
				<control type="image">	<!--Download Icon-->
					<visible>!IsEmpty(ListItem.Label2)</visible>	
					<visible>SubString(ListItem.Label2,%,right)</visible>						
					<animation effect="fade" start="100" end="40" tween="sine" easing="inout" time="1200" pulse="true" reversible="false" condition="true">Conditional</animation>
					<posx>600</posx>
					<posy>10</posy>
					<width>40</width>
					<height>40</height>						
					<aspectratio>scale</aspectratio>						
					<texture>common/download.png</texture>                    
				</control> 
			</focusedlayout>				

		</control>		

		<!-- Info Plots Default-->
		<control type="group">
			<visible>!Skin.HasSetting(BigInfo)</visible>
			<control type="group">		<!--RSS Label-->
				<visible>Control.IsVisible(50)</visible>				
				<include>animation_hoverslide</include>					
				<posx>0</posx>
				<posy>722</posy>
				<control type="label">	<!--RSS 1-->					
					<posx>700</posx>
					<posy>0</posy> 
					<width>250</width>				
					<font>Light32</font>
					<textcolor>mainblue</textcolor>
					<label>$VAR[value_rss_label_1]</label>
				</control>		
				<control type="label">	<!--RSS 2-->	
					<visible>!SubString(ListItem.Label,..)</visible>	
					<posx>1220</posx>
					<posy>0</posy> 		
					<width>500</width>
					<font>Light32</font>			
					<textcolor>mainblue</textcolor>
					<label>$VAR[value_rss_label_2]</label>	
				</control>
				<control type="label">	<!--RSS 3-->	
					<posx>1820</posx>
					<posy>0</posy> 
					<width>250</width>
					<align>right</align>				
					<font>Light32</font>
					<textcolor>mainblue</textcolor>	
					<label>$VAR[value_rss_label_3]</label>
				</control>	

			</control>
			<control type="group">		<!--List Label-->				
				<visible>Control.IsVisible(50)</visible>	
				<visible>!SubString(ListItem.Label,..)</visible>					
				<include>animation_fade</include>	
				
				<posx>0</posx>
				<posy>795</posy>
				<control type="label">	<!--Label 1 LONG: Movies, TV-Shows, Episodes-->		
					<visible>Container.Content(movies) | Container.Content(tvshows) | Container.Content(episodes)</visible>					
					<visible>!Skin.HasSetting(Flags)</visible>
					<visible></visible>
					<posx>700</posx>
					<posy>0</posy>						
					<width>1150</width> 		
					<font>Reg40Bold</font>			
					<textcolor>aawhite</textcolor>			
					<label>$VAR[value_list_label_1]</label>				
				</control>
				<control type="label">	<!--Label 1 SHORT: Movies, TV-Shows, Episodes-->		
					<visible>Container.Content(movies) | Container.Content(tvshows) | Container.Content(episodes)</visible>					
					<visible>Skin.HasSetting(Flags)</visible>
					<posx>700</posx>
					<posy>0</posy>						
					<width>700</width> 		
					<font>Reg40Bold</font>			
					<textcolor>aawhite</textcolor>			
					<label>$VAR[value_list_label_1]</label>				
				</control>
				<control type="label">	<!--Label 1: Seasons-->		
					<visible>Container.Content(seasons)</visible>						
					<posx>1200</posx>
					<posy>0</posy>						
					<width>650</width>		
					<font>Reg40Bold</font>			
					<textcolor>aawhite</textcolor>			
					<label>$VAR[value_list_label_1]</label>				
				</control>
				<control type="label">	<!--Label 1: Other-->	
					<visible>!Container.Content(movies) + !Container.Content(tvshows) + !Container.Content(episodes) + !Container.Content(seasons)</visible>
					<posx>1820</posx>
					<posy>0</posy>						
					<width>1120</width> 
					<align>right</align>
					<font>Reg40Bold</font>			
					<textcolor>aawhite</textcolor>			
					<label>$VAR[value_list_label_1]</label>						
				</control>					
				<control type="label">	<!--Label 2-->					
					<posx>1820</posx>
					<posy>60</posy>						
					<width>700</width>
					<align>right</align>
					<font>Light32</font>				
					<textcolor>mainblue</textcolor>				
					<label>$VAR[value_list_label_2]</label>	
				</control>				
				<control type="label">	<!--Label 3-->						
					<posx>1820</posx>
					<posy>97</posy>						
					<width>500</width>
					<align>right</align>
					<font>Light32</font>				
					<textcolor>mainblue</textcolor>
					<label>$VAR[value_list_label_3]</label>	
				</control>	
			</control>
			<control type="group">		<!--Additional Info-->				
				<visible>Control.IsVisible(50)</visible>
				<visible>Container.Content(MusicVideos) | Container.Content(movies) | Container.Content(tvshows) | Container.Content(seasons) | Container.content(episodes)</visible>
				<visible>!SubString(ListItem.Label,..)</visible>					
				<include>animation_fade</include>	
				
				<posx>700</posx>
				<posy>865</posy>
				<control type="group">	<!--Ground 1-->
					<visible>!IsEmpty(Control.GetLabel(5201))</visible>					
					<posy>0</posy>
					<control type="label">
						<posx>0</posx>
						<posy>0</posy>
						<width>180</width>
						<font>Light30</font>
						<textcolor>mainblue</textcolor>			
						<label>$VAR[value_ground1_label]</label>			
					</control>
					<control type="label">
						<visible>!IsEmpty(Control.GetLabel(5301))</visible>
						<posx>170</posx>
						<posy>0</posy>
						<width>250</width>	
						<font>Light30</font>
						<textcolor>aawhite</textcolor>
						<label>$VAR[value_ground1_value]</label>			
					</control>
					<control type="label">
						<visible>IsEmpty(Control.GetLabel(5301))</visible>
						<posx>170</posx>
						<posy>0</posy>
						<width>250</width>
						<font>Light30</font>
						<textcolor>aawhite</textcolor>
						<label>...</label>			
					</control>
				</control>
				<control type="group">	<!--Ground 2-->
					<visible>!IsEmpty(Control.GetLabel(5202))</visible>						
					<posy>37</posy>
					<control type="label">
						<posx>0</posx>
						<posy>0</posy>
						<width>180</width>	
						<font>Light30</font>
						<textcolor>mainblue</textcolor>			
						<label>$VAR[value_ground2_label]</label>			
					</control>
					<control type="label">
						<visible>!IsEmpty(Control.GetLabel(5302))</visible>
						<posx>170</posx>
						<posy>0</posy>
						<width>250</width>
						<font>Light30</font>
						<textcolor>aawhite</textcolor>
						<label>$VAR[value_ground2_value] min</label>			
					</control>
					<control type="label">
						<visible>IsEmpty(Control.GetLabel(5302))</visible>
						<posx>170</posx>
						<posy>0</posy>
						<width>250</width>
						<font>Light30</font>
						<textcolor>aawhite</textcolor>					
						<label>...</label>			
					</control>
				</control>
				<control type="group">	<!--Ground 3-->
					<visible>!IsEmpty(Control.GetLabel(5203))</visible>					
					<posy>74</posy>
					<control type="label">
						<posx>0</posx>
						<posy>0</posy>
						<width>180</width>	
						<font>Light30</font>
						<textcolor>mainblue</textcolor>			
						<label>$VAR[value_ground3_label]</label>			
					</control>
					<control type="label">
						<visible>!IsEmpty(Control.GetLabel(5303))</visible>
						<posx>170</posx>
						<posy>0</posy>
						<width>250</width>
						<font>Light30</font>
						<textcolor>aawhite</textcolor>					
						<label>$VAR[value_ground3_value]</label>			
					</control>
					<control type="label">
						<visible>IsEmpty(Control.GetLabel(5303))</visible>
						<posx>170</posx>
						<posy>0</posy>
						<width>250</width>
						<font>Light30</font>
						<textcolor>aawhite</textcolor>					
						<label>...</label>			
					</control>
				</control>
				<control type="group">	<!--Ground 4-->
					<visible>!IsEmpty(Control.GetLabel(5204))</visible>					
					<posy>111</posy>
					<control type="label">
						<posx>0</posx>
						<posy>0</posy>
						<width>180</width>	
						<font>Light30</font>
						<textcolor>mainblue</textcolor>			
						<label>$VAR[value_ground4_label]</label>			
					</control>
					<control type="label">
						<visible>!IsEmpty(Control.GetLabel(5304))</visible>
						<posx>170</posx>
						<posy>0</posy>
						<width>250</width>	
						<font>Light30</font>
						<textcolor>aawhite</textcolor>					
						<label>$VAR[value_ground4_value]</label>			
					</control>
					<control type="label">
						<visible>IsEmpty(Control.GetLabel(5304))</visible>
						<posx>170</posx>
						<posy>0</posy>
						<width>250</width>	
						<font>Light30</font>
						<textcolor>aawhite</textcolor>					
						<label>...</label>			
					</control>
				</control>			
			</control>
			<control type="textbox">	<!--Info Plot-->				
				<visible>Control.IsVisible(50)</visible>	
				<visible>Container.Content(MusicVideos) | Container.Content(movies) | container.content(tvshows) | Container.Content(episodes)</visible>
				<visible>!SubString(ListItem.Label,..)</visible>				
				<include>animation_fade</include>	
				
				<posx>1200</posx>
				<posy>875</posy>	
				<width>650</width>
				<height>150</height>
				<font>Light30</font>				
				<textcolor>aawhite</textcolor>	
				<shadowcolor></shadowcolor> 				
				<label>$INFO[ListItem.Plot]</label>	
				<autoscroll time="2000" delay="3000" repeat="5000">Skin.HasSetting(AutoScroll)</autoscroll>
			</control>	
		</control>

		<!--Info Plots Big-->
		<control type="group">	
			<visible>Skin.HasSetting(BigInfo)</visible>
			<control type="group">		<!--RSS Label-->
				<visible>Control.IsVisible(50)</visible>				
				<include>animation_hoverslide</include>					
				<posx>0</posx>
				<posy>722</posy>				
				<control type="label">	<!--RSS2-->	
					<visible>!SubString(ListItem.Label,..)</visible>
					<posx>1220</posx>
					<posy>0</posy> 
					<width>250</width>					
					<font>Light32</font>
					<textcolor>mainblue</textcolor>	
					<label>$VAR[value_rss_label_2]</label>
				</control>	
				<control type="label">	<!--RSS3-->	
					<posx>1820</posx>
					<posy>0</posy> 
					<width>250</width>
					<align>right</align>				
					<font>Light32</font>
					<textcolor>mainblue</textcolor>	
					<label>$VAR[value_rss_label_3]</label>
				</control>	
			</control>
			<control type="group">		<!--List Label-->
				<visible>Control.IsVisible(50)</visible>	
				<visible>!SubString(ListItem.Label,..)</visible>
				<include>animation_fade</include>					
				<posx>0</posx>
				<posy>795</posy>
				<control type="label">	<!--Label 1 LONG: Movies, TV-Shows, Episodes-->		
					<visible>Container.Content(movies) | Container.Content(tvshows) | Container.Content(episodes)</visible>
					<visible>!Skin.HasSetting(Flags)</visible>
					<posx>280</posx>
					<posy>0</posy>						
					<width>1150</width> 		
					<font>Reg40Bold</font>			
					<textcolor>aawhite</textcolor>			
					<label>$VAR[value_list_label_1]</label>				
				</control>
				<control type="label">	<!--Label 1 SHORT: Movies, TV-Shows, Episodes-->		
					<visible>Container.Content(movies) | Container.Content(tvshows) | Container.Content(episodes)</visible>	
					<visible>Skin.HasSetting(Flags)</visible>
					<posx>280</posx>
					<posy>0</posy>						
					<width>700</width> 		
					<font>Reg40Bold</font>			
					<textcolor>aawhite</textcolor>			
					<label>$VAR[value_list_label_1]</label>				
				</control>
				<control type="label">	<!--Label 1: Seasons-->		
					<visible>Container.Content(seasons)</visible>	
					<posx>1200</posx>
					<posy>0</posy>						
					<width>650</width>		
					<font>Reg40Bold</font>			
					<textcolor>aawhite</textcolor>			
					<label>$VAR[value_list_label_1]</label>				
				</control>
			</control>
			<control type="group">		<!--Additional Info-->
				<visible>Control.IsVisible(50)</visible>
				<visible>!SubString(ListItem.Label,..)</visible>
				<include>animation_fade</include>				
				<posx>280</posx>
				<posy>865</posy>
				<control type="group">	<!--Ground 1-->
					<visible>!IsEmpty(Control.GetLabel(5201))</visible>					
					<posy>0</posy>
					<control type="label">
						<posx>0</posx>
						<posy>0</posy>
						<width>180</width>
						<font>Light30</font>
						<textcolor>mainblue</textcolor>			
						<label>$VAR[value_ground1_label]</label>			
					</control>
					<control type="label">
						<visible>!IsEmpty(Control.GetLabel(5301))</visible>
						<posx>170</posx>
						<posy>0</posy>
						<width>250</width>	
						<font>Light30</font>
						<textcolor>aawhite</textcolor>
						<label>$VAR[value_ground1_value]</label>			
					</control>
					<control type="label">
						<visible>IsEmpty(Control.GetLabel(5301))</visible>
						<posx>170</posx>
						<posy>0</posy>
						<width>250</width>
						<font>Light30</font>
						<textcolor>aawhite</textcolor>
						<label>...</label>			
					</control>
				</control>
				<control type="group">	<!--Ground 2-->
					<visible>!IsEmpty(Control.GetLabel(5202))</visible>						
					<posy>37</posy>
					<control type="label">
						<posx>0</posx>
						<posy>0</posy>
						<width>180</width>	
						<font>Light30</font>
						<textcolor>mainblue</textcolor>			
						<label>$VAR[value_ground2_label]</label>			
					</control>
					<control type="label">
						<visible>!IsEmpty(Control.GetLabel(5302))</visible>
						<posx>170</posx>
						<posy>0</posy>
						<width>250</width>
						<font>Light30</font>
						<textcolor>aawhite</textcolor>
						<label>$VAR[value_ground2_value] min</label>			
					</control>
					<control type="label">
						<visible>IsEmpty(Control.GetLabel(5302))</visible>
						<posx>170</posx>
						<posy>0</posy>
						<width>250</width>
						<font>Light30</font>
						<textcolor>aawhite</textcolor>					
						<label>...</label>			
					</control>
				</control>
				<control type="group">	<!--Ground 3-->
					<visible>!IsEmpty(Control.GetLabel(5203))</visible>					
					<posy>74</posy>
					<control type="label">
						<posx>0</posx>
						<posy>0</posy>
						<width>180</width>	
						<font>Light30</font>
						<textcolor>mainblue</textcolor>			
						<label>$VAR[value_ground3_label]</label>			
					</control>
					<control type="label">
						<visible>!IsEmpty(Control.GetLabel(5303))</visible>
						<posx>170</posx>
						<posy>0</posy>
						<width>250</width>
						<font>Light30</font>
						<textcolor>aawhite</textcolor>					
						<label>$VAR[value_ground3_value]</label>			
					</control>
					<control type="label">
						<visible>IsEmpty(Control.GetLabel(5303))</visible>
						<posx>170</posx>
						<posy>0</posy>
						<width>250</width>
						<font>Light30</font>
						<textcolor>aawhite</textcolor>					
						<label>...</label>			
					</control>
				</control>
				<control type="group">	<!--Ground 4-->
					<visible>!IsEmpty(Control.GetLabel(5204))</visible>					
					<posy>111</posy>
					<control type="label">
						<posx>0</posx>
						<posy>0</posy>
						<width>180</width>	
						<font>Light30</font>
						<textcolor>mainblue</textcolor>			
						<label>$VAR[value_ground4_label]</label>			
					</control>
					<control type="label">
						<visible>!IsEmpty(Control.GetLabel(5304))</visible>
						<posx>170</posx>
						<posy>0</posy>
						<width>250</width>	
						<font>Light30</font>
						<textcolor>aawhite</textcolor>					
						<label>$VAR[value_ground4_value]</label>			
					</control>
					<control type="label">
						<visible>IsEmpty(Control.GetLabel(5304))</visible>
						<posx>170</posx>
						<posy>0</posy>
						<width>250</width>	
						<font>Light30</font>
						<textcolor>aawhite</textcolor>					
						<label>...</label>			
					</control>
				</control>	
			</control>
			<control type="textbox">	<!--Info Plot-->
				<visible>Control.IsVisible(50)</visible>	
				<visible>!SubString(ListItem.Label,..)</visible>
				<visible>Container.Content(MusicVideos) | Container.Content(movies) | container.content(tvshows) | Container.Content(episodes)</visible>
				<include>animation_fade</include>
				
				<posx>800</posx>
				<posy>875</posy>	
				<width>1020</width>
				<height>150</height>
				<font>Light30</font>				
				<textcolor>aawhite</textcolor>	
				<shadowcolor></shadowcolor> 				
				<label>$INFO[ListItem.Plot]</label>
				<autoscroll time="2000" delay="3000" repeat="5000">Skin.HasSetting(AutoScroll)</autoscroll>
			</control>	
		</control>	

		<!--Control Tags for all Views-->	
		<control type="group">	
			<control type="label" id="5101"><!--List Label 2-->
				<include>HiddenButton</include>
				<label>$VAR[value_list_label_2]</label>
			</control>
			<control type="label" id="5201"><!--Ground 1 Label-->
				<include>HiddenButton</include>
				<label>$VAR[value_ground1_label]</label>
			</control>
			<control type="label" id="5202"><!--Ground 2 Label-->
				<include>HiddenButton</include>
				<label>$VAR[value_ground2_label]</label>
			</control>
			<control type="label" id="5203"><!--Ground 3 Label-->
				<include>HiddenButton</include>
				<label>$VAR[value_ground3_label]</label>
			</control>
			<control type="label" id="5204"><!--Ground 4 Label-->
				<include>HiddenButton</include>
				<label>$VAR[value_ground4_label]</label>
			</control>		
			<control type="label" id="5301"><!--Ground 1 Value-->
				<include>HiddenButton</include>
				<label>$VAR[value_ground1_value]</label>
			</control>
			<control type="label" id="5302"><!--Ground 2 Value-->
				<include>HiddenButton</include>
				<label>$VAR[value_ground2_value]</label>
			</control>
			<control type="label" id="5303"><!--Ground 3 Value-->
				<include>HiddenButton</include>
				<label>$VAR[value_ground3_value]</label>
			</control>
			<control type="label" id="5304"><!--Ground 4 Value-->
				<include>HiddenButton</include>
				<label>$VAR[value_ground4_value]</label>
			</control>	
		</control>

		<!--Flags Video-->		
		<control type="group">
			<visible>Control.IsVisible(50)</visible>	
			<visible>Skin.HasSetting(Flags)</visible>
			<visible>Container.Content(movies) | Container.Content(episodes)</visible>	
			<visible>!SubString(ListItem.Label,..)</visible>
			<include>animation_fade</include>		
			<posx>1470</posx>
			<posy>806</posy>			

			<control type="image">	<!--Video Resolution-->	
				<posx>0</posx>
				<posy>0</posy>
				<width>212</width>
				<height>45</height>		
				<colordiffuse>77white</colordiffuse>
				<texture fallback="flags/resolution/default.png">$INFO[ListItem.VideoResolution,flags/resolution/,.png]</texture>					
			</control>	
			<control type="image">	<!--VideoCode-->
				<posx>0</posx>
				<posy>0</posy>
				<width>212</width>
				<height>45</height>		
				<colordiffuse>77white</colordiffuse>
				<texture fallback="flags/videocodec/default.png">$INFO[ListItem.VideoCodec,flags/videocodec/,.png]</texture>				
			</control>				
			<control type="image">	<!--Aspectration-->
				<posx>0</posx>
				<posy>0</posy>
				<width>212</width>
				<height>45</height>		
				<colordiffuse>77white</colordiffuse>
				<texture fallback="flags/aspectration/default.png">$INFO[ListItem.VideoAspect,flags/aspectration/,.png]</texture>					
			</control>
		</control>			

		<!--Flags Audio-->		
		<control type="group">
			<visible>Control.IsVisible(50)</visible>	
			<visible>Skin.HasSetting(Flags)</visible>
			<visible>Container.Content(movies) | Container.Content(episodes)</visible>	
			<visible>!SubString(ListItem.Label,..)</visible>
			<include>animation_fade</include>		
			<posx>1700</posx>
			<posy>806</posy>			

			<control type="image">	<!--Audio Codec-->	
				<posx>0</posx>
				<posy>0</posy>
				<width>124</width>
				<height>45</height>		
				<colordiffuse>77white</colordiffuse>
				<texture fallback="flags/audiocodec/default.png">$INFO[ListItem.AudioCodec,flags/audiocodec/,.png]</texture>					
			</control>	
			<control type="image">	<!--Audio Channels-->	
				<posx>0</posx>
				<posy>0</posy>
				<width>124</width>
				<height>45</height>		
				<colordiffuse>77white</colordiffuse>
				<texture fallback="flags/audiochannels/default.png">$INFO[ListItem.AudioChannels,flags/audiochannels/,.png]</texture>					
			</control>	
		</control>	

		<!--Scrollbar-->	
		<control type="group">
			<visible>Control.IsVisible(50)</visible>				
			<include>animation_hoverslide</include>	
			<visible>IntegerGreaterThan(Container(50).NumItems,30)</visible>				
			<visible>Skin.HasSetting(Scrollbar)</visible>

			<control type="scrollbar" id="60">	<!--Scrollbar ID60-->	
				<posx>1840</posx> 
				<posy>192</posy>
				<width>4</width>
				<height>472</height>	
				<onup>noop</onup>			
				<ondown>noop</ondown>
				<onleft>50</onleft>
				<onright>50</onright>					
				<orientation>vertical</orientation>
				<texturesliderbackground>common/scrollbar_back.png</texturesliderbackground>
				<textureslidernib colordiffuse="88ffffff">common/scrollbar.png</textureslidernib>
				<textureslidernibfocus colordiffuse="FFffffff">common/scrollbar.png</textureslidernibfocus>	
			</control>									
			<control type="image">				<!--Scrolling Letter Background-->
				<visible>Container(50).Scrolling</visible>	
				<animation effect="fade" start="0" end="100" time="400" delay="100">Visible</animation>				
				<animation effect="fade" start="100" end="0" time="400" delay="100">Hidden</animation>	
				<posx>1100</posx>
				<posy>340</posy>
				<width>100</width>
				<height>100</height>			
				<texture>common/scrollbar_letter_back.png</texture>
			</control>
			<control type="label">				<!--Scrolling Letter-->
				<visible>Container(50).Scrolling</visible>	
				<animation effect="fade" start="0" end="100" time="400" delay="100">Visible</animation>				
				<animation effect="fade" start="100" end="0" time="400" delay="100">Hidden</animation>	
				<posx>1100</posx>
				<posy>340</posy>
				<width>100</width>
				<height>100</height>
				<align>center</align>
				<aligny>center</aligny>
				<font>Reg60</font>				
				<textcolor>mainblue</textcolor>									
				<label>$INFO[ListItem.SortLetter]</label>
			</control>				
		</control>				

	</include>
</includes>
