<?xml version="1.0" encoding="UTF-8"?>
<addon
  id="skin.aeon.nox.silvo.glow.16"
  version="5.8.7-3.0.8"
  name="[COLOR lime]Silvo Glow[/COLOR]  (16)"
  provider-name="SiLVO">
	<requires>
		<import addon="xbmc.gui" version="5.10.0"/>
		<import addon="script.grab.fanart" version="0.12.8"/>
		<import addon="script.skinshortcuts" version="1.0.7"/>
		<import addon="service.library.data.provider" version="0.0.7"/>
		<import addon="resource.images.studios.white" version="0.0.1"/>
		<import addon="resource.images.recordlabels.white" version="0.0.1"/>
	</requires>
	<extension
	  point="xbmc.gui.skin"
	  debugging="false"
	  effectslowdown="0.75">
		<res width="1920" height="1080" aspect="16:9" default="true" folder="1080i" />
	</extension>
	<extension point="xbmc.addon.metadata">
		<summary lang="de_DE">[COLOR blue]Guidos Master SkinBase[/COLOR].</summary>
	    <description lang="de_DE">[COLOR orange]The Biggest SkinBase off the World. [/COLOR]</description>
		<platform>all</platform>
		<forum>http://forum.kodi.tv/showthread.php?tid=210069</forum>
	</extension>
</addon>
