<?xml version="1.0" encoding="UTF-8"?>
<addon id="skin.walking.dead2.16" version="1.0" name="[COLOR lime]The Walking Dead 2[/COLOR]  (16)" provider-name="Mod by ClassicNancy |BigNoid">
	<requires>
		<import addon="xbmc.gui" version="5.12.0"/>
		<import addon="script.grab.fanart" version="0.12.8"/>
		<import addon="script.skinshortcuts" version="0.4.5"/>
		<import addon="service.library.data.provider" version="0.0.7"/>
		<import addon="resource.images.studios.white" version="0.0.1"/>
		<import addon="resource.images.recordlabels.white" version="0.0.1"/>
	</requires>
	<extension point="xbmc.gui.skin" debugging="false" effectslowdown="0.75">
		<res width="1920" height="1080" aspect="16:9" default="true" folder="1080i" />
		<res width="2560" height="1080" aspect="21:9" default="false" folder="1080i" />
	</extension>
	<summary lang="de_DE">[COLOR blue]Guidos Master SkinBase[/COLOR].</summary>
	<description lang="de_DE">[COLOR orange]The Biggest SkinBase off the World. [/COLOR]</description>
	<extension point="xbmc.addon.metadata">
	</extension>
</addon>