<?xml version="1.0" encoding="UTF-8"?>
<window>
	<defaultcontrol always="true">9000</defaultcontrol>
	<menucontrol>9000</menucontrol>
	<onload condition="Window.Previous(startup)+Skin.HasSetting(customstartupfocus)">Control.Move(9000,$INFO[Skin.String(CustomFocusOffset)])</onload>
	<onload condition="!Skin.HasSetting(HomeMenuNoDocuButton)">RunScript(script.randomandlastitems,limit=3,method=Last,playlist=special://skin/playlists/Doku.xsp,menu=Menu1)</onload>
	<onunload condition="Container(9000).Hasfocus(10) | Container(9000).Hasfocus(11) | ControlGroup(9010).HasFocus | ControlGroup(9016).HasFocus | ControlGroup(9017).HasFocus">SetProperty(VideosDirectLink,True)</onunload>
	<onunload condition="Control.HasFocus(9000) + Container(9000).Hasfocus(2)">ClearProperty(VideosDirectLink)</onunload>
	<controls>
		<include>CommonBackground</include>
		<control type="image">
			<left>-100</left>
			<top>281</top>
			<width>1480</width>
			<height>125</height>
			<colordiffuse>DDFFFFFF</colordiffuse>
			<texture>HomeNowPlayingBack.png</texture>
			<animation effect="slide" start="0,0" end="0,130" time="0" condition="Skin.HasSetting(LowerMenu)">Conditional</animation>
			<visible>Player.HasMedia</visible>
		</control>
		<control type="image">
			<left>0</left>
			<top>90r</top>
			<width>1280</width>
			<height>90</height>
			<texture>floor.png</texture>
			<colordiffuse>$VAR[HomeMenuTransparent]</colordiffuse>
			<animation effect="fade" time="250" condition="Window.Previous(Home)">WindowOpen</animation>
			<animation effect="fade" time="250" condition="Window.Next(Home)">WindowClose</animation>
			<visible>!Skin.HasSetting(NoFloor)</visible>
		</control>
		<control type="image">
			<description>LOGO</description>
			<left>5</left>
			<top>5</top>
			<width>auto</width>
			<height>70</height>
			<aspectratio aligny="top" align="left">keep</aspectratio>
			<texture>kodi-logo.png</texture>
			<include>VisibleFadeEffect</include>
			<include>Window_OpenClose_Animation</include>
			<visible>!Skin.HasSetting(homepageWeatherinfo) + !Skin.HasSetting(NoLogo)</visible>
		</control>
		<include condition="!Skin.HasSetting(HomepageHideRecentlyAddedVideo) | !Skin.HasSetting(HomepageHideRecentlyAddedAlbums)">HomeRecentlyAddedInfo</include>
		<include condition="Skin.HasSetting(WeatherWidget)">WeatherWidget</include>
		<control type="group"> <!-- Music Info -->
			<left>0</left>
			<top>60</top>
			<animation effect="slide" start="0,0" end="0,130" time="0" condition="Skin.HasSetting(LowerMenu)">Conditional</animation>
			<visible>Player.HasAudio + !Skin.HasSetting(homepageMusicinfo)</visible>
			<include>VisibleFadeEffect</include>
			<include>Window_OpenClose_Animation</include>
			<control type="image">
				<description>Cd Disc</description>
				<left>115</left>
				<top>150</top>
				<animation effect="slide" start="-118" end="0" time="900" tween="cubic" easing="out" delay="1000">WindowOpen</animation>
				<animation type="WindowClose">
					<effect type="slide" start="0" end="-114" time="800" tween="cubic" easing="in" delay="0"/>
					<effect type="fade" start="100" end="0" time="1300"/>
					<condition type="!Player.Playing"/>
				</animation>
				<animation effect="rotate" end="-360" center="auto" time="2000" loop="true" reversible="false" condition="!Player.Paused">Conditional</animation>
				<width>180</width>
				<height>180</height>
				<left>0</left>
				<top>0</top>
				<texture fallback="cdart\default.png">$INFO[Player.FolderPath]cdart.png</texture>
				<aspectratio align="bottom">keep</aspectratio>
				<visible>Skin.HasSetting(CdArtHome)</visible>
			</control>
			<control type="image">
				<description>Cover image</description>
				<left>5</left>
				<top>135</top>
				<width>210</width>
				<height>210</height>
				<aspectratio aligny="bottom">keep</aspectratio>
				<texture diffuse="masks/music_mask.png" fallback="DefaultAlbumCover.png">$INFO[Player.Art(thumb)]</texture>
				<bordersize>5</bordersize>
			</control>					
			<control type="label">
				<description>Album Label</description>
				<left>220</left>
				<top>265</top>
				<height>25</height>
				<width>1000</width>
				<label>$INFO[MusicPlayer.Artist,, - ]$INFO[MusicPlayer.Album]$INFO[musicplayer.discnumber, - $LOCALIZE[427]:]</label>
				<align>left</align>
				<aligny>center</aligny>
				<font>font12</font>
				<textcolor>white</textcolor>
				<shadowcolor>black</shadowcolor>
				<animation effect="slide" start="0,0" end="75,0" time="0" condition="Skin.HasSetting(CdArtHome)">Conditional</animation>
				<animation effect="slide" start="-75" end="0" time="900" tween="cubic" delay="900">WindowOpen</animation>
			</control>
			<control type="label">
				<description>Title label</description>
				<left>220</left>
				<top>285</top>
				<height>30</height>
				<width>1000</width>
				<label>$INFO[MusicPlayer.Title]</label>
				<align>left</align>
				<aligny>center</aligny>
				<font>font13_title</font>
				<textcolor>white</textcolor>
				<shadowcolor>black</shadowcolor>
				<animation effect="slide" start="0,0" end="60,0" time="0" condition="Skin.HasSetting(CdArtHome)">Conditional</animation>
				<animation effect="slide" start="-60" end="0" time="900" tween="cubic" delay="900">WindowOpen</animation>
			</control>
			<control type="label">
				<description>Time Label</description>
				<left>220</left>
				<top>310</top>
				<height>30</height>
				<width>300</width>
				<label>$INFO[Player.Time]$INFO[Player.Duration,[COLOR=blue] / [/COLOR]]</label>
				<align>left</align>
				<aligny>center</aligny>
				<font>font12</font>
				<textcolor>white</textcolor>
				<shadowcolor>black</shadowcolor>
				<animation effect="slide" start="0,0" end="35,0" time="0" condition="Skin.HasSetting(CdArtHome)">Conditional</animation>
				<animation effect="slide" start="-35" end="0" time="900" tween="cubic" delay="900">WindowOpen</animation>
			</control>
		</control>
		<control type="group"> <!-- LiveTV Info -->
			<left>490r</left>
			<top>70</top>
			<animation effect="slide" start="0,0" end="0,130" time="0" condition="Skin.HasSetting(LowerMenu)">Conditional</animation>
			<visible>Container(9000).HasFocus(12) + [PVR.IsRecording | PVR.HasNonRecordingTimer]</visible>
			<include>VisibleFadeEffect</include>
			<include>Window_OpenClose_Animation</include>
			<animation effect="fade" start="100" end="0" time="200" condition="Window.IsActive(Favourites)">conditional</animation>
			<control type="group">
				<animation effect="slide" start="0,0" end="0,100" time="0" condition="PVR.IsRecording">conditional</animation>
				<visible>PVR.HasNonRecordingTimer</visible>
				<control type="image">
					<left>0</left>
					<top>-5</top>
					<width>490</width>
					<height>90</height>
					<texture>gradient.png</texture>
				</control>
				<control type="image">
					<left>400</left>
					<top>0</top>
					<width>80</width>
					<height>80</height>
					<aspectratio>keep</aspectratio>
					<texture background="true" fallback="DefaultVideoCover.png">$INFO[PVR.NextRecordingChannelIcon]</texture>
					<bordertexture border="8">ThumbBorder.png</bordertexture>
					<bordersize>4</bordersize>
				</control>
				<control type="image">
					<left>365</left>
					<top>5</top>
					<width>25</width>
					<height>25</height>
					<aspectratio>keep</aspectratio>
					<texture>PVR-HasTimer.png</texture>
				</control>
				<control type="label">
					<description>Next Timer Header label</description>
					<left>550r</left>
					<top>5</top>
					<height>25</height>
					<width>400</width>
					<label>$LOCALIZE[19157]</label>
					<align>right</align>
					<aligny>center</aligny>
					<font>font12_title</font>
					<textcolor>blue</textcolor>
					<shadowcolor>black</shadowcolor>
				</control>
				<control type="label">
					<description>NextRecordingDateTime</description>
					<left>500r</left>
					<top>30</top>
					<height>25</height>
					<width>400</width>
					<label>$INFO[PVR.NextRecordingDateTime,$LOCALIZE[19126] - ]</label>
					<align>right</align>
					<aligny>center</aligny>
					<font>font12</font>
					<scroll>true</scroll>
					<shadowcolor>black</shadowcolor>
				</control>
				<control type="label">
					<description>NextRecordingTitle Channel</description>
					<left>900r</left>
					<top>50</top>
					<height>25</height>
					<width>800</width>
					<label>$INFO[PVR.NextRecordingTitle][COLOR=grey]$INFO[PVR.NextRecordingChannel, - [COLOR=blue]([/COLOR],[COLOR=blue])[/COLOR]][/COLOR]</label>
					<align>right</align>
					<aligny>center</aligny>
					<font>font12_title</font>
					<shadowcolor>black</shadowcolor>
					<scroll>true</scroll>
				</control>
			</control>
			<control type="group">
				<visible>PVR.IsRecording</visible>
				<control type="image">
					<left>0</left>
					<top>-5</top>
					<width>490</width>
					<height>90</height>
					<texture>gradient.png</texture>
				</control>
				<control type="image">
					<left>400</left>
					<top>0</top>
					<width>80</width>
					<height>80</height>
					<aspectratio>keep</aspectratio>
					<texture background="true" fallback="DefaultVideoCover.png">$INFO[PVR.NowRecordingChannelIcon]</texture>
					<bordertexture border="8">ThumbBorder.png</bordertexture>
					<bordersize>4</bordersize>
				</control>
				<control type="image">
					<left>360</left>
					<top>5</top>
					<width>30</width>
					<height>25</height>
					<aspectratio>keep</aspectratio>
					<texture>PVR-IsRecording.png</texture>
				</control>
				<control type="label">
					<description>Is Recording Header label</description>
					<left>550r</left>
					<top>5</top>
					<height>25</height>
					<width>400</width>
					<label>$LOCALIZE[19158]</label>
					<align>right</align>
					<aligny>center</aligny>
					<font>font12_title</font>
					<textcolor>blue</textcolor>
					<shadowcolor>black</shadowcolor>
				</control>
				<control type="label">
					<description>NextRecordingDateTime</description>
					<left>500r</left>
					<top>30</top>
					<height>25</height>
					<width>400</width>
					<label>$INFO[PVR.NowRecordingDateTime,$LOCALIZE[19126] - ]</label>
					<align>right</align>
					<aligny>center</aligny>
					<font>font12</font>
					<scroll>true</scroll>
					<shadowcolor>black</shadowcolor>
				</control>
				<control type="label">
					<description>NextRecordingTitle Channel</description>
					<left>900r</left>
					<top>50</top>
					<height>30</height>
					<width>800</width>
					<label>$INFO[PVR.NowRecordingTitle][COLOR=grey]$INFO[PVR.NowRecordingChannel, - [COLOR=blue]([/COLOR],[COLOR=blue])[/COLOR]][/COLOR]</label>
					<align>right</align>
					<aligny>center</aligny>
					<font>font12_title</font>
					<shadowcolor>black</shadowcolor>
					<scroll>true</scroll>
				</control>
			</control>
		</control>
		<control type="group"> <!-- Video Info -->
			<left>0</left>
			<top>50</top>
			<animation effect="slide" start="0,0" end="0,130" time="0" condition="Skin.HasSetting(LowerMenu)">Conditional</animation>
			<visible>Player.HasVideo + !Skin.HasSetting(homepageVideoinfo)</visible>
			<include>VisibleFadeEffect</include>
			<include>Window_OpenClose_Animation</include>
			<control type="group">
				<visible>!VideoPlayer.Content(Movies) + !VideoPlayer.Content(Episodes) + !VideoPlayer.Content(LiveTV)</visible>
				<control type="image">
					<description>Cover image</description>
					<left>20</left>
					<top>45</top>
					<width>150</width>
					<height>150</height>
					<aspectratio aligny="bottom">stretch</aspectratio>
					<texture fallback="DefaultVideoCover.png">$INFO[Player.Art(thumb)]</texture>
					<bordertexture border="8">ThumbBorder.png</bordertexture>
					<bordersize>5</bordersize>
					<visible>Player.HasAudio</visible>
				</control>
				<control type="image">
					<description>Cover image</description>
					<left>20</left>
					<top>45</top>
					<width>150</width>
					<height>300</height>
					<aspectratio aligny="bottom">keep</aspectratio>
					<texture fallback="DefaultVideoCover.png">$INFO[Player.Art(thumb)]</texture>
					<bordertexture border="8">ThumbBorder.png</bordertexture>
					<bordersize>5</bordersize>
					<visible>!Player.HasAudio</visible>
				</control>
				<control type="label">
					<description>Title label</description>
					<left>190</left>
					<top>285</top>
					<height>30</height>
					<width>1000</width>
					<label>$INFO[VideoPlayer.Title]</label>
					<align>left</align>
					<aligny>center</aligny>
					<font>font13_title</font>
					<textcolor>white</textcolor>
					<shadowcolor>black</shadowcolor>
				</control>
				<control type="label">
					<description>Time Label</description>
					<left>190</left>
					<top>310</top>
					<height>30</height>
					<width>300</width>
					<label>$INFO[Player.Time]$INFO[Player.Duration,[COLOR=blue] / [/COLOR]]</label>
					<align>left</align>
					<aligny>center</aligny>
					<font>font12</font>
					<textcolor>white</textcolor>
					<shadowcolor>black</shadowcolor>
				</control>
			</control>
			<control type="group">
				<visible>VideoPlayer.Content(LiveTV)</visible>
				<control type="image">
					<description>Cover image</description>
					<left>20</left>
					<top>45</top>
					<width>120</width>
					<height>300</height>
					<aspectratio aligny="bottom">keep</aspectratio>
					<texture fallback="DefaultVideoCover.png">$INFO[Player.Art(thumb)]</texture>
					<bordertexture border="8">ThumbBorder.png</bordertexture>
					<bordersize>5</bordersize>
				</control>
				<control type="label">
					<description>Channel label</description>
					<left>160</left>
					<top>265</top>
					<height>25</height>
					<width>660</width>
					<label>$INFO[VideoPlayer.ChannelName]</label>
					<align>left</align>
					<aligny>center</aligny>
					<font>font12</font>
					<textcolor>white</textcolor>
					<shadowcolor>black</shadowcolor>
				</control>
				<control type="label">
					<description>Title label</description>
					<left>160</left>
					<top>285</top>
					<height>30</height>
					<width>1000</width>
					<label>$INFO[VideoPlayer.Title]</label>
					<align>left</align>
					<aligny>center</aligny>
					<font>font13_title</font>
					<textcolor>white</textcolor>
					<shadowcolor>black</shadowcolor>
				</control>
				<control type="label">
					<description>Time Label</description>
					<left>160</left>
					<top>310</top>
					<height>30</height>
					<width>300</width>
					<label>$INFO[Player.Time]$INFO[Player.Duration,[COLOR=blue] / [/COLOR]]</label>
					<align>left</align>
					<aligny>center</aligny>
					<font>font12</font>
					<textcolor>white</textcolor>
					<shadowcolor>black</shadowcolor>
				</control>
			</control>
			<control type="group">
				<visible>VideoPlayer.Content(Movies)</visible>
				<control type="image">
					<description>Cover image</description>
					<left>20</left>
					<top>45</top>
					<width>120</width>
					<height>300</height>
					<aspectratio aligny="bottom">keep</aspectratio>
					<texture fallback="DefaultVideoCover.png">$INFO[Player.Art(thumb)]</texture>
					<bordertexture border="8">ThumbBorder.png</bordertexture>
					<bordersize>5</bordersize>
				</control>
				<control type="label">
					<description>Studio label</description>
					<left>160</left>
					<top>265</top>
					<height>25</height>
					<width>1000</width>
					<label>$INFO[VideoPlayer.Studio]</label>
					<align>left</align>
					<aligny>center</aligny>
					<font>font12</font>
					<textcolor>white</textcolor>
					<shadowcolor>black</shadowcolor>
				</control>
				<control type="label">
					<description>Title label</description>
					<left>160</left>
					<top>285</top>
					<height>30</height>
					<width>1000</width>
					<label>$INFO[VideoPlayer.Title]$INFO[VideoPlayer.Year,[COLOR=grey] (,)[/COLOR]]</label>
					<align>left</align>
					<aligny>center</aligny>
					<font>font13_title</font>
					<textcolor>white</textcolor>
					<shadowcolor>black</shadowcolor>
				</control>
				<control type="label">
					<description>Time Label</description>
					<left>160</left>
					<top>310</top>
					<height>30</height>
					<width>300</width>
					<label>$INFO[Player.Time]$INFO[Player.Duration,[COLOR=blue] / [/COLOR]]</label>
					<align>left</align>
					<aligny>center</aligny>
					<font>font12</font>
					<textcolor>white</textcolor>
					<shadowcolor>black</shadowcolor>
				</control>
			</control>
			<control type="group">
				<visible>VideoPlayer.Content(Episodes)</visible>
				<control type="image">
					<description>Cover image</description>
					<left>20</left>
					<top>225</top>
					<width>180</width>
					<height>120</height>
					<aspectratio>scale</aspectratio>
					<texture fallback="DefaultVideoCover.png">$INFO[Player.Art(thumb)]</texture>
					<bordertexture border="8">ThumbBorder.png</bordertexture>
					<bordersize>5</bordersize>
				</control>
				<control type="label">
					<description>TV Show Season Ep Label</description>
					<left>210</left>
					<top>265</top>
					<height>25</height>
					<width>1000</width>
					<label>$INFO[VideoPlayer.TVShowTitle] ($LOCALIZE[20373] $INFO[VideoPlayer.Season] - $LOCALIZE[20359] $INFO[VideoPlayer.episode])</label>
					<align>left</align>
					<aligny>center</aligny>
					<font>font12</font>
					<textcolor>white</textcolor>
					<shadowcolor>black</shadowcolor>
				</control>
				<control type="label">
					<description>Title label</description>
					<left>210</left>
					<top>285</top>
					<height>30</height>
					<width>1000</width>
					<label>$INFO[VideoPlayer.Title]</label>
					<align>left</align>
					<aligny>center</aligny>
					<font>font13_title</font>
					<textcolor>white</textcolor>
					<shadowcolor>black</shadowcolor>
				</control>
				<control type="label">
					<description>Time Label</description>
					<left>210</left>
					<top>310</top>
					<height>30</height>
					<width>300</width>
					<label>$INFO[Player.Time]$INFO[Player.Duration,[COLOR=blue] / [/COLOR]]</label>
					<align>left</align>
					<aligny>center</aligny>
					<font>font12</font>
					<textcolor>white</textcolor>
					<shadowcolor>black</shadowcolor>
				</control>
			</control>
		</control>
		<control type="button" id="9003">
			<description>Hidden Button to pass through navigation when recently added is disabled</description>
			<left>-20</left>
			<top>-20</top>
			<width>1</width>
			<height>1</height>
			<label>-</label>
			<font>-</font>
			<texturefocus>-</texturefocus>
			<texturenofocus>-</texturenofocus>
			<onleft>9000</onleft>
			<onright>9000</onright>
			<onup>20</onup>
			<ondown>608</ondown>
			<visible>false</visible>
		</control>
		<control type="group"> <!-- Controls for currently playing media -->
			<description>Controls for currently playing media</description>
			<left>545r</left>
			<top>370</top>
			<animation effect="slide" start="0,0" end="365,0" time="300" condition="!Player.HasMedia">conditional</animation>
			<animation effect="slide" start="0,0" end="0,130" time="0" condition="Skin.HasSetting(LowerMenu)">Conditional</animation>
			<animation type="WindowOpen" reversible="false">
				<effect type="zoom" start="80" end="100" center="640,360" easing="out" tween="back" time="300" />
				<effect type="fade" start="0" end="100" time="300" />
			</animation>
			<animation type="WindowClose" reversible="false">
				<effect type="zoom" start="100" end="80" center="640,360" easing="in" tween="back" time="300" />
				<effect type="fade" start="100" end="0" time="300" />
			</animation>
			<control type="image">
				<description>Background End image</description>
				<left>0</left>
				<top>0</top>
				<width>35</width>
				<height>35</height>
				<colordiffuse>55FFFFFF</colordiffuse>
				<texture flipy="true" border="0,5,0,0" flipx="true">HomeSubEnd.png</texture>
				<animation effect="slide" start="0,0" end="145,0" time="0" condition="!Skin.HasSetting(ActivateSearch)">Conditional</animation>
				<visible>Skin.HasSetting(ActivateSearch) | Player.HasMedia</visible>
			</control>
			<control type="radiobutton" id="608">
				<colordiffuse>55FFFFFF</colordiffuse>
				<description>Global Search</description>
				<left>35</left>
				<top>0</top>
				<height>35</height>
				<width>145</width>
				<textwidth>150</textwidth>
				<textoffsetx>10</textoffsetx>
				<align>left</align>
				<aligny>center</aligny>
				<font>font12</font>
				<textcolor>grey2</textcolor>
				<focusedcolor>white</focusedcolor>
				<texturefocus flipy="true" border="5">HomeSubFO.png</texturefocus>
				<texturenofocus flipy="true" border="5">HomeSubNF.png</texturenofocus>
				<pulseonselect>false</pulseonselect>
				<label>137</label>
				<onclick>RunScript(script.globalsearch)</onclick>
				<textureradiofocus>icon_search.png</textureradiofocus>
				<textureradionofocus>icon_search.png</textureradionofocus>
				<onleft>607</onleft>
				<onright>601</onright>
				<onup>9003</onup>
				<ondown>9000</ondown>
				<visible>System.HasAddon(script.globalsearch) + Skin.HasSetting(ActivateSearch)</visible>
			</control>
			<control type="group" id="600">
				<left>180</left>
				<onup>9003</onup>
				<ondown>9000</ondown>
				<defaultcontrol>-</defaultcontrol>
				<enable>Player.HasMedia</enable>
				<control type="image">
					<description>Background image</description>
					<left>0</left>
					<top>0</top>
					<width>205</width>
					<height>35</height>
					<colordiffuse>55FFFFFF</colordiffuse>
					<texture flipy="true" border="0,5,0,0">HomeSubNF.png</texture>
				</control>
				<control type="group">
					<visible>!VideoPlayer.Content(LiveTV)</visible>
					<control type="button" id="601">
						<left>10</left>
						<top>2</top>
						<width>30</width>
						<height>30</height>
						<label>-</label>
						<texturefocus>OSDPrevTrackFO.png</texturefocus>
						<texturenofocus>OSDPrevTrackNF.png</texturenofocus>
						<onleft>608</onleft>
						<onright>602</onright>
						<onup>9003</onup>
						<ondown>9000</ondown>
						<onclick>PlayerControl(Previous)</onclick>
					</control>
					<control type="button" id="602">
						<left>40</left>
						<top>2</top>
						<width>30</width>
						<height>30</height>
						<label>-</label>
						<texturefocus>OSDRewindFO.png</texturefocus>
						<texturenofocus>OSDRewindNF.png</texturenofocus>
						<onleft>601</onleft>
						<onright>603</onright>
						<onup>9003</onup>
						<ondown>9000</ondown>
						<onclick>PlayerControl(Rewind)</onclick>
					</control>
					<control type="togglebutton" id="603">
						<left>70</left>
						<top>2</top>
						<width>30</width>
						<height>30</height>
						<label>-</label>
						<texturefocus>OSDPauseFO.png</texturefocus>
						<texturenofocus>OSDPauseNF.png</texturenofocus>
						<usealttexture>Player.Paused | Player.Forwarding | Player.Rewinding</usealttexture>
						<alttexturefocus>OSDPlayFO.png</alttexturefocus>
						<alttexturenofocus>OSDPlayNF.png</alttexturenofocus>
						<onleft>602</onleft>
						<onright>604</onright>
						<onup>9003</onup>
						<ondown>9000</ondown>
						<onclick>PlayerControl(Play)</onclick>
					</control>
					<control type="button" id="604">
						<left>100</left>
						<top>2</top>
						<width>30</width>
						<height>30</height>
						<label>-</label>
						<texturefocus>OSDStopFO.png</texturefocus>
						<texturenofocus>OSDStopNF.png</texturenofocus>
						<onleft>603</onleft>
						<onright>605</onright>
						<onup>9003</onup>
						<ondown>9000</ondown>
						<onclick>down</onclick>
						<onclick>PlayerControl(Stop)</onclick>
					</control>
					<control type="button" id="605">
						<left>130</left>
						<top>2</top>
						<width>30</width>
						<height>30</height>
						<label>-</label>
						<texturefocus>OSDForwardFO.png</texturefocus>
						<texturenofocus>OSDForwardNF.png</texturenofocus>
						<onleft>604</onleft>
						<onright>606</onright>
						<onup>9003</onup>
						<ondown>9000</ondown>
						<onclick>PlayerControl(Forward)</onclick>
					</control>
					<control type="button" id="606">
						<left>160</left>
						<top>2</top>
						<width>30</width>
						<height>30</height>
						<label>-</label>
						<texturefocus>OSDNextTrackFO.png</texturefocus>
						<texturenofocus>OSDNextTrackNF.png</texturenofocus>
						<onleft>605</onleft>
						<onright>607</onright>
						<onup>9003</onup>
						<ondown>9000</ondown>
						<onclick>PlayerControl(Next)</onclick>
					</control>
				</control>
				<control type="group" id="600">
					<visible>VideoPlayer.Content(LiveTV)</visible>
					<control type="button" id="601">
						<left>10</left>
						<top>2</top>
						<width>30</width>
						<height>30</height>
						<label>-</label>
						<texturefocus>OSDChannelUPFO.png</texturefocus>
						<texturenofocus>OSDChannelUPNF.png</texturenofocus>
						<onleft>608</onleft>
						<onright>602</onright>
						<onup>9003</onup>
						<ondown>9000</ondown>
						<onclick>PlayerControl(Previous)</onclick>
					</control>
					<control type="button" id="602">
						<left>40</left>
						<top>2</top>
						<width>30</width>
						<height>30</height>
						<label>-</label>
						<texturefocus>OSDChannelDownFO.png</texturefocus>
						<texturenofocus>OSDChannelDownNF.png</texturenofocus>
						<onleft>601</onleft>
						<onright>603</onright>
						<onup>9003</onup>
						<ondown>9000</ondown>
						<onclick>PlayerControl(Next)</onclick>
					</control>
					<control type="button" id="603">
						<left>70</left>
						<top>2</top>
						<width>30</width>
						<height>30</height>
						<label>-</label>
						<texturefocus>OSDStopFO.png</texturefocus>
						<texturenofocus>OSDStopNF.png</texturenofocus>
						<onleft>602</onleft>
						<onright>604</onright>
						<onup>9003</onup>
						<ondown>9000</ondown>
						<onclick>down</onclick>
						<onclick>PlayerControl(Stop)</onclick>
					</control>
					<control type="togglebutton" id="604">
						<left>100</left>
						<top>2</top>
						<width>30</width>
						<height>30</height>
						<label>-</label>
						<texturefocus>OSDPauseFO.png</texturefocus>
						<texturenofocus>OSDPauseNF.png</texturenofocus>
						<usealttexture>Player.Paused | Player.Forwarding | Player.Rewinding</usealttexture>
						<alttexturefocus>OSDPlayFO.png</alttexturefocus>
						<alttexturenofocus>OSDPlayNF.png</alttexturenofocus>
						<onleft>603</onleft>
						<onright>606</onright>
						<onup>9003</onup>
						<ondown>9000</ondown>
						<onclick>PlayerControl(Play)</onclick>
						<enable>Player.PauseEnabled</enable>
						<animation effect="fade" start="100" end="30" time="100" condition="!Player.PauseEnabled">Conditional</animation>
					</control>
					<control type="button" id="606">
						<left>160</left>
						<top>2</top>
						<width>30</width>
						<height>30</height>
						<label>-</label>
						<texturefocus>OSDRecordOffFO.png</texturefocus>
						<texturenofocus>OSDRecordOffNF.png</texturenofocus>
						<onleft>604</onleft>
						<onright>607</onright>
						<onup>9003</onup>
						<ondown>9000</ondown>
						<onclick>PlayerControl(record)</onclick>
					</control>
				</control>
			</control>
			<control type="radiobutton" id="607">
				<colordiffuse>55FFFFFF</colordiffuse>
				<description>Go to fullscreen Playback</description>
				<left>385</left>
				<top>0</top>
				<height>35</height>
				<width>160</width>
				<textwidth>150</textwidth>
				<textoffsetx>10</textoffsetx>
				<align>left</align>
				<aligny>center</aligny>
				<font>font12</font>
				<textcolor>grey2</textcolor>
				<focusedcolor>white</focusedcolor>
				<texturefocus flipy="true" border="5">HomeSubFO.png</texturefocus>
				<texturenofocus flipy="true" border="5">HomeSubNF.png</texturenofocus>
				<pulseonselect>false</pulseonselect>
				<label>31008</label>
				<onclick>fullscreen</onclick>
				<textureradioonfocus>GoFullscreen.png</textureradioonfocus>
				<textureradioonnofocus>GoFullscreen.png</textureradioonnofocus>
				<textureradioofffocus>GoFullscreen.png</textureradioofffocus>
				<textureradiooffnofocus>GoFullscreen.png</textureradiooffnofocus>
				<onleft>606</onleft>
				<onright>608</onright>
				<onup>9003</onup>
				<ondown>9000</ondown>
				<enable>Player.HasMedia</enable>
			</control>
		</control>
		<control type="group">
			<top>400</top>
			<animation type="WindowOpen" reversible="false">
				<effect type="zoom" start="80" end="100" center="640,360" easing="out" tween="back" time="300" />
				<effect type="fade" start="0" end="100" time="300" />
			</animation>
			<animation type="WindowClose" reversible="false">
				<effect type="zoom" start="100" end="80" center="640,360" easing="in" tween="back" time="300" />
				<effect type="fade" start="100" end="0" time="300" />
			</animation>
			<control type="group" id="9001">
				<left>0</left>
				<top>70</top>
				<onup>9000</onup>
				<ondown>9002</ondown>
				<animation effect="slide" start="0,0" end="0,130" time="0" condition="Skin.HasSetting(LowerMenu)">Conditional</animation>
				<control type="grouplist" id="9010">
					<include>HomeSubMenuCommonValues</include>
					<onleft>9010</onleft>
					<onright>9010</onright>
					<visible>Container(9000).HasFocus(2)</visible>
					<include>HomeSubMenuVideos</include>
				</control>
				<control type="grouplist" id="9016">
					<include>HomeSubMenuCommonValues</include>
					<onleft>9016</onleft>
					<onright>9016</onright>
					<visible>Container(9000).HasFocus(10)</visible>
					<include>HomeSubMenuMovies</include>
				</control>
				<control type="grouplist" id="9017">
					<include>HomeSubMenuCommonValues</include>
					<onleft>9017</onleft>
					<onright>9017</onright>
					<visible>Container(9000).HasFocus(11)</visible>
					<include>HomeSubMenuTVShows</include>
				</control>
				<control type="grouplist" id="9011">
					<include>HomeSubMenuCommonValues</include>
					<onleft>9011</onleft>
					<onright>9011</onright>
					<visible>Container(9000).HasFocus(3)</visible>
					<include>HomeSubMenuMusic</include>
				</control>
				<control type="grouplist" id="9012">
					<include>HomeSubMenuCommonValues</include>
					<onleft>9012</onleft>
					<onright>9012</onright>
					<visible>Container(9000).HasFocus(5)</visible>
					<include>HomeSubMenuSystem</include>
				</control>
				<control type="grouplist" id="9013">
					<include>HomeSubMenuCommonValues</include>
					<onleft>9013</onleft>
					<onright>9013</onright>
					<visible>Container(9000).HasFocus(6)</visible>
					<include>HomeSubMenuPlayDisc</include>
				</control>
				<control type="grouplist" id="9014">
					<include>HomeSubMenuCommonValues</include>
					<onleft>9014</onleft>
					<onright>9014</onright>
					<visible>Container(9000).HasFocus(12)</visible>
					<include>HomeSubMenuLiveTV</include>
				</control>
				<control type="grouplist" id="9015">
					<include>HomeSubMenuCommonValues</include>
					<onleft>9013</onleft>
					<onright>9013</onright>
					<visible>Container(9000).HasFocus(4)</visible>
					<include>HomeSubMenuPictures</include>
				</control>
				<control type="grouplist" id="9021">
					<include>HomeSubMenuCommonValues</include>
					<onleft>9021</onleft>
					<onright>9021</onright>
					<visible>Container(9000).HasFocus(26)</visible>
					<visible>Skin.HasSetting(HDMenu_Custom2)|Skin.HasSetting(HDMenu_Custom3)|Skin.HasSetting(HDMenu_Custom4)</visible>
					<include>HomeSubMenuHDMovies</include>
				</control>	
				<control type="grouplist" id="9022">
					<include>HomeSubMenuCommonValues</include>
					<onleft>9014</onleft>
					<onright>9014</onright>
					<visible>Container(9000).HasFocus(13)</visible>
					<include>HomeSubMenuRadio</include>
				</control>				
			</control>
			<control type="image">
				<left>-100</left>
				<top>0</top>
				<width>1480</width>
				<height>75</height>
				<colordiffuse>$VAR[HomeMenuTransparent]</colordiffuse>
				<texture border="0,6,0,6">HomeBack.png</texture>
				<animation effect="slide" start="0,0" end="0,130" time="0" condition="Skin.HasSetting(LowerMenu)">Conditional</animation>
			</control>
			<control type="image">
				<left>0</left>
				<top>5</top>
				<width>1280</width>
				<height>6</height>
				<texture>HomeOverlay1.png</texture>
				<animation effect="slide" start="0,0" end="0,130" time="0" condition="Skin.HasSetting(LowerMenu)">Conditional</animation>
			</control>
			<control type="group"> <!-- Database Statistic -->	
				<left>0</left>
				<top>0</top>
				<visible>[Container(9000).HasFocus(3) | Container(9000).HasFocus(17) | Container(9000).HasFocus(10) | Container(9000).HasFocus(11) | Container(9000).HasFocus(26) | Container(9000).HasFocus(27)] + Skin.HasSetting(DatabaseStats) + !Player.HasMedia</visible>
				<animation effect="slide" start ="320,0" end="0,0" time="300" delay="1200">Visible</animation>
				<animation effect="slide" start ="0,0" end="320,0" time="150">Hidden</animation>
				<animation effect="slide" start="0,0" end="0,130" time="0" condition="Skin.HasSetting(LowerMenu)">Conditional</animation>
				<control type="group">
					<animation effect="slide" start ="320,0" end="0,0" time="300">Visible</animation>
					<animation effect="slide" start ="0,0" end="320,0" time="150">Hidden</animation>
					<visible>Container(9000).HasFocus(11)</visible>
					<control type="image">
						<left>1005</left>
						<top>-50</top>
						<width>330</width>
						<height>30</height>
						<colordiffuse>$VAR[HomeMenuTransparent]</colordiffuse>
						<texture flipx="true" flipy="true" border="2">header.png</texture>
					</control>
					<control type="label">
						<left>1040</left>
						<top>-46</top>
						<width>210</width>
						<font>font12</font>
						<label>$LOCALIZE[50033]: $INFO[Window(Home).Property(TVShows.Count)]</label>
						<align>center</align>
					</control>
				</control>
				<control type="image">
					<left>975</left>
					<top>-25</top>
					<width>350</width>
					<height>30</height>
					<colordiffuse>$VAR[HomeMenuTransparent]</colordiffuse>
					<texture flipx="true" flipy="true" border="2">header.png</texture>
				</control>
				<control type="label">
					<left>1040</left>
					<top>-20</top>
					<width>210</width>
					<font>font12</font>
					<label>$VAR[CustomStatisic_Label]</label>
					<align>center</align>
				</control>
				<control type="list" id="9999">
					<left>0</left>
					<top>0</top>
					<width>0</width>
					<height>0</height>
					<itemlayout>
					</itemlayout>
					<focusedlayout>
					</focusedlayout>
					<content target="video">$VAR[CustomStatisic]</content>
				</control>
			</control>
			<control type="wraplist" id="9000"> <!-- Homemenu -->
				<animation effect="slide" start="0,0" end="0,130" time="0" condition="Skin.HasSetting(LowerMenu)">Conditional</animation>
				<left>-110</left>
				<top>5</top>
				<width>1500</width>
				<height>60</height>
				<onleft>9000</onleft>
				<onright>9000</onright>
				<onup condition="!Player.HasMedia">9003</onup>
				<onup condition="!Player.HasMedia + Skin.HasSetting(ActivateSearch)">608</onup>
				<onup condition="Player.HasMedia">603</onup>
				<ondown>9001</ondown>
				<pagecontrol>-</pagecontrol>
				<scrolltime>300</scrolltime>
				<focusposition>2</focusposition>
				<movement>1</movement>
				<orientation>Horizontal</orientation>
				<itemlayout height="60" width="300">
					<control type="image">
						<left>0</left>
						<top>4</top>
						<width>1</width>
						<height>52</height>
						<texture>HomeSeperator.png</texture>
					</control>
					<control type="image">
						<left>299</left>
						<top>4</top>
						<width>1</width>
						<height>52</height>
						<texture>HomeSeperator.png</texture>
					</control>
					<control type="label">
						<left>5</left>
						<top>0</top>
						<width>290</width>
						<height>60</height>
						<font>font_MainMenu</font>
						<textcolor>grey3</textcolor>
						<align>center</align>
						<aligny>center</aligny>
						<label>$INFO[ListItem.Label]</label>
					</control>
				</itemlayout>
				<focusedlayout height="60" width="300">
					<control type="image">
						<left>0</left>
						<top>4</top>
						<width>1</width>
						<height>52</height>
						<texture>HomeSeperator.png</texture>
					</control>
					<control type="image">
						<left>299</left>
						<top>4</top>
						<width>1</width>
						<height>52</height>
						<texture>HomeSeperator.png</texture>
					</control>
					<control type="label">
						<left>5</left>
						<top>0</top>
						<width>290</width>
						<height>60</height>
						<font>font_MainMenu</font>
						<textcolor>grey3</textcolor>
						<align>center</align>
						<aligny>center</aligny>
						<label>$INFO[ListItem.Label]</label>
					</control>
					<control type="label">
						<left>5</left>
						<top>0</top>
						<width>290</width>
						<height>60</height>
						<font>font_MainMenu</font>
						<textcolor>blue</textcolor>
						<align>center</align>
						<aligny>center</aligny>
						<label>$INFO[ListItem.Label]</label>
						<visible>Control.HasFocus(9000)</visible>
						<include>VisibleFadeEffect</include>
					</control>
				</focusedlayout>
				<content>
					<item id="7">
						<label>8</label>
						<onclick>ActivateWindow(Weather)</onclick>
						<icon>special://skin/backgrounds/weather.jpg</icon>
						<thumb>resource://resource.images.weatherfanart.multi/$INFO[Window(Weather).Property(Day0.FanartCode)]</thumb>
						<visible>!Skin.HasSetting(HomeMenuNoWeatherButton) + Skin.HasSetting(FanCode)</visible>
					</item>
					<item id="7">
						<label>8</label>
						<onclick>ActivateWindow(Weather)</onclick>
						<icon>special://skin/backgrounds/weather.jpg</icon>
						<thumb>$INFO[Skin.String(Home_Custom_Back_Weather_Folder)]</thumb>
						<visible>!Skin.HasSetting(HomeMenuNoWeatherButton) + !Skin.HasSetting(FanCode)</visible>
					</item>
					<item id="4">
						<label>1</label>
						<onclick>ActivateWindow(Pictures)</onclick>
						<icon>special://skin/backgrounds/pictures.jpg</icon>
						<thumb>$INFO[Skin.String(Home_Custom_Back_Pictures_Folder)]</thumb>
						<visible>!Skin.HasSetting(HomeMenuNoPicturesButton)</visible>
					</item>
					<item id="45">
						<description>Custom FAV Five</description>
						<label>$INFO[Skin.String(Menu_Custom9_Label)]</label>
						<icon>special://skin/media/backgrounds/customfav2.jpg</icon>
						<thumb>$INFO[Skin.String(Home_Custom_Back_Fav2_Folder)]</thumb>
						<onclick>$INFO[Skin.String(Menu_Custom9_Path)]</onclick>
						<visible>Skin.HasSetting(Menu_Custom9)</visible>
					</item>
					<item id="3">
						<label>2</label>
						<onclick>ActivateWindow(MusicLibrary, Artists, return)</onclick>
						<icon>special://skin/backgrounds/music.jpg</icon>
						<thumb>$INFO[Skin.String(Home_Custom_Back_Music_Folder)]</thumb>
						<visible>!Skin.HasSetting(HomeMenuNoMusicButton)</visible>
					</item>					
					<item id="17">
						<label>50026</label>
						<onclick>ActivateWindow(Videos,MusicVideoTitles,return)</onclick>
						<icon>special://skin/backgrounds/musicvideos.jpg</icon>
						<thumb>$INFO[Skin.String(Home_Custom_Back_MusicVideos_Folder)]</thumb>
						<visible>!Skin.HasSetting(HomeMenuNoMusicVideosButton)</visible>
					</item>
					<item id="8213">
						<label>$INFO[Skin.String(CustomFavourite1.Label)]</label>
						<onclick>$INFO[Skin.String(CustomFavourite1.Path)]</onclick>
						<icon>special://skin/backgrounds/SKINDEFAULT.jpg</icon>
						<thumb>$INFO[Skin.String(Home_Custom_Back_Favourite1_Folder)]</thumb>
						<visible>Skin.HasSetting(favourite1)</visible>
					</item>
					<item id="8214">
						<label>$INFO[Skin.String(CustomFavourite2.Label)]</label>
						<onclick>$INFO[Skin.String(CustomFavourite2.Path)]</onclick>
						<icon>special://skin/backgrounds/SKINDEFAULT.jpg</icon>
						<thumb>$INFO[Skin.String(Home_Custom_Back_Favourite2_Folder)]</thumb>
						<visible>Skin.HasSetting(favourite2)</visible>
					</item>						
					<item id="26">
						<description>HD Movies</description>
						<label>50036</label>
						<icon>special://skin/backgrounds/hdmovies.jpg</icon>
						<thumb>$INFO[Skin.String(Home_Custom_Back_HD_Folder)]</thumb>
						<onclick>ActivateWindow(10025,special://skin/playlists/HDMovies.xsp,return)</onclick>
						<visible>!Skin.HasSetting(HomeMenuNoHDMoviesButton) + Library.HasContent(Movies)</visible>
					</item>
					<item id="13">
						<label>31960</label>
						<onclick>ActivateWindow(RadioChannels)</onclick>
						<icon>special://skin/backgrounds/radio.jpg</icon>
						<thumb>$INFO[Skin.String(Home_Custom_Back_TV_Folder)]</thumb>
						<visible>PVR.HasRadioChannels</visible>
					</item>
					<item id="12">
						<label>31952</label>
						<onclick>ActivateWindow(TVChannels)</onclick>
						<icon>special://skin/backgrounds/xbmctv.jpg</icon>
						<thumb>$INFO[Skin.String(Home_Custom_Back_TV_Folder)]</thumb>
						<visible>PVR.HasTVChannels</visible>
					</item>
					<item id="2">
						<label>3</label>
						<onclick condition="StringCompare(Window.Property(VideosDirectLink),True)">ActivateWindow(Videos)</onclick>
						<onclick condition="!StringCompare(Window.Property(VideosDirectLink),True)">ActivateWindow(Videos,root)</onclick>
						<icon>special://skin/backgrounds/videos.jpg</icon>
						<thumb>$INFO[Skin.String(Home_Custom_Back_Video_Folder)]</thumb>
						<visible>!Skin.HasSetting(HomeMenuNoVideosButton)</visible>
					</item>
					<item id="15">
						<description>Custom Playlist 1</description>
						<label>$INFO[Skin.String(Menu_Custom1_Label)]</label>
						<property name="spl">$INFO[Skin.String(Menu_Custom1_Path)]</property>
						<icon>special://skin/backgrounds/custom1.jpg</icon>
						<thumb>$INFO[Skin.String(Menu_Custom1_Folder)]</thumb>
						<onclick>ActivateWindow(10025,$INFO[Skin.String(Menu_Custom1_Path)],return)</onclick>
						<visible>Skin.HasSetting(Menu_Custom1)</visible>
					</item>
					<item id="44">
						<description>Custom FAV Five</description>
						<label>$INFO[Skin.String(Menu_Custom8_Label)]</label>
						<icon>special://skin/media/backgrounds/customfav1.jpg</icon>
						<thumb>$INFO[Skin.String(Home_Custom_Back_Fav_Folder)]</thumb>
						<onclick>$INFO[Skin.String(Menu_Custom8_Path)]</onclick>
						<visible>Skin.HasSetting(Menu_Custom8)</visible>
					</item>	
					<item id="10">
						<label>20342</label>
						<onclick>ActivateWindow(Videos,MovieTitles,return)</onclick>
						<icon>special://skin/backgrounds/movies.jpg</icon>
						<thumb>$INFO[Skin.String(Home_Custom_Back_Movies_Folder)]</thumb>
						<visible>!Skin.HasSetting(HomeMenuNoMoviesButton) + Library.HasContent(Movies)</visible>
					</item>
					<item id="6">
						<label>341</label>
						<onclick>PlayDVD()</onclick>
						<icon>special://skin/backgrounds/playdisc.jpg</icon>
						<thumb>$INFO[Skin.String(Home_Custom_Back_PlayDisc_Folder)]</thumb>
						<visible>System.HasMediaDVD</visible>
					</item>					
					<item id="27">
						<description>Dokumentary</description>
						<label>50037</label>
						<icon>special://skin/backgrounds/documentary.jpg</icon>
						<thumb>$INFO[Skin.String(Home_Custom_Back_Docu_Folder)]</thumb>
						<onclick>ActivateWindow(10025,special://skin/playlists/Doku.xsp,return)</onclick>
						<visible>!Skin.HasSetting(HomeMenuNoDocuButton) + Library.HasContent(Movies)</visible>
					</item>					
					<item id="11">
						<label>20343</label>
						<onclick>ActivateWindow(Videos,TVShowTitles,return)</onclick>
						<icon>special://skin/backgrounds/tvshows.jpg</icon>
						<thumb>$INFO[Skin.String(Home_Custom_Back_TVShow_Folder)]</thumb>
						<visible>!Skin.HasSetting(HomeMenuNoTVShowsButton) + Library.HasContent(TVShows)</visible>
					</item>
					<item id="1">
						<label>0</label>
						<onclick condition="!System.Platform.Android">ActivateWindow(Programs,Addons,return)</onclick>
						<onclick condition="System.Platform.Android">ActivateWindow(Programs)</onclick>
						<icon>special://skin/backgrounds/programs.jpg</icon>
						<thumb>$INFO[Skin.String(Home_Custom_Back_Programs_Folder)]</thumb>
						<visible>!Skin.HasSetting(HomeMenuNoProgramsButton)</visible>
					</item>
					<item id="16">
						<description>Custom Playlist 2</description>
						<label>$INFO[Skin.String(Menu_Custom2_Label)]</label>
						<property name="spl">$INFO[Skin.String(Menu_Custom2_Path)]</property>
						<icon>special://skin/backgrounds/custom2.jpg</icon>
						<thumb>$INFO[Skin.String(Menu_Custom2_Folder)]</thumb>
						<onclick>ActivateWindow(10025,$INFO[Skin.String(Menu_Custom2_Path)],return)</onclick>
						<visible>Skin.HasSetting(Menu_Custom2)</visible>
					</item>						
					<item id="5">
						<label>13000</label>
						<onclick>ActivateWindow(Settings)</onclick>
						<icon>special://skin/backgrounds/settings.jpg</icon>
						<thumb>$INFO[Skin.String(Home_Custom_Back_Settings_Folder)]</thumb>
						<visible>!Skin.HasSetting(HomeMenuNoSettingsButton)</visible>
					</item>
				</content>
			</control>
			<control type="image">
				<left>0</left>
				<top>6</top>
				<width>128</width>
				<height>62</height>
				<texture>SideFade.png</texture>
				<animation effect="slide" start="0,0" end="0,130" time="0" condition="Skin.HasSetting(LowerMenu)">Conditional</animation>
			</control>
			<control type="image">
				<left>128r</left>
				<top>6</top>
				<width>128</width>
				<height>62</height>
				<texture flipx="true">SideFade.png</texture>
				<animation effect="slide" start="0,0" end="0,130" time="0" condition="Skin.HasSetting(LowerMenu)">Conditional</animation>
			</control>
		</control>
		<control type="group" id="9002">
			<onup>9001</onup>
			<ondown>20</ondown>
			<control type="fixedlist" id="700">
				<animation effect="slide" start="0,0" end="-91,0" time="0" condition="StringCompare(Container(700).NumItems,2) | StringCompare(Container(700).NumItems,4)">conditional</animation>
				<visible>Container(9000).HasFocus(2) | Container(9000).HasFocus(10) | Container(9000).HasFocus(11)</visible>
				<onleft>700</onleft>
				<onright>700</onright>
				<onup>9001</onup>
				<ondown>20</ondown>
				<include>HomeAddonsCommonLayout</include>
				<content>
					<include>HomeAddonItemsVideos</include>
				</content>
				<visible>!Skin.HasSetting(LowerMenu)</visible>
			</control>
			<control type="fixedlist" id="703">
				<animation effect="slide" start="0,0" end="-91,0" time="0" condition="StringCompare(Container(703).NumItems,2) | StringCompare(Container(703).NumItems,4)">conditional</animation>
				<visible>Container(9000).HasFocus(3)</visible>
				<onleft>703</onleft>
				<onright>703</onright>
				<onup>9001</onup>
				<ondown>20</ondown>
				<include>HomeAddonsCommonLayout</include>
				<content>
					<include>HomeAddonItemsMusic</include>
				</content>
				<visible>!Skin.HasSetting(LowerMenu)</visible>
			</control>
			<control type="fixedlist" id="704">
				<animation effect="slide" start="0,0" end="-91,0" time="0" condition="StringCompare(Container(704).NumItems,2) | StringCompare(Container(704).NumItems,4)">conditional</animation>
				<visible>Container(9000).HasFocus(4)</visible>
				<onleft>704</onleft>
				<onright>704</onright>
				<onup>9001</onup>
				<ondown>20</ondown>
				<include>HomeAddonsCommonLayout</include>
				<content>
					<include>HomeAddonItemsPictures</include>
				</content>
				<visible>!Skin.HasSetting(LowerMenu)</visible>
			</control>
			<control type="fixedlist" id="705">
				<animation effect="slide" start="0,0" end="-91,0" time="0" condition="StringCompare(Container(705).NumItems,2) | StringCompare(Container(705).NumItems,4)">conditional</animation>
				<visible>Container(9000).HasFocus(1)</visible>
				<onleft>705</onleft>
				<onright>705</onright>
				<onup>9001</onup>
				<ondown>20</ondown>
				<include>HomeAddonsCommonLayout</include>
				<content>
					<include>HomeAddonItemsPrograms</include>
				</content>
				<visible>!Skin.HasSetting(LowerMenu)</visible>
			</control>
		</control>
		<control type="group">
			<left>0</left>
			<top>30r</top>
			<visible>system.getbool(lookandfeel.enablerssfeeds)</visible>
			<include>Window_OpenClose_Animation</include>
			<control type="image">
				<description>RSS background</description>
				<left>-10</left>
				<top>-3</top>
				<width>1380</width>
				<height>50</height>
				<texture>ContentPanel.png</texture>
				<visible>Skin.HasSetting(LowerMenu)</visible>
			</control>
			<control type="rss">
				<description>RSS feed</description>
				<left>150</left>
				<top>0</top>
				<height>30</height>
				<width>1095</width>
				<font>font12</font>
				<urlset>1</urlset>
				<textcolor>blue</textcolor>
				<titlecolor>blue</titlecolor>
				<headlinecolor>white</headlinecolor>
				<visible>Skin.HasSetting(HomeMenuNoSettingsButton)</visible>
			</control>
			<control type="rss">
				<description>RSS feed</description>
				<left>100</left>
				<top>0</top>
				<height>30</height>
				<width>1145</width>
				<font>font12</font>
				<urlset>1</urlset>
				<textcolor>blue</textcolor>
				<titlecolor>blue</titlecolor>
				<headlinecolor>white</headlinecolor>
				<visible>!Skin.HasSetting(HomeMenuNoSettingsButton)</visible>
			</control>
			<control type="image">
				<description>RSS background</description>
				<left>1250</left>
				<top>0</top>
				<width>24</width>
				<height>24</height>
				<texture>icon-rss.png</texture>
			</control>
		</control>
		<control type="group" id="10">
			<left>10</left>
			<top>37r</top>
			<include>Window_OpenClose_Animation</include>
			<control type="button" id="20">
				<description>Power push button</description>
				<left>55</left>
				<top>0</top>
				<width>35</width>
				<height>35</height>
				<label>31003</label>
				<font>-</font>
				<aligny>-</aligny>
				<onclick>ActivateWindow(ShutdownMenu)</onclick>
				<texturefocus border="5">floor_buttonFO.png</texturefocus>
				<texturenofocus border="5">floor_button.png</texturenofocus>
				<onleft>21</onleft>
				<onright>22</onright>
				<onup>9001</onup>
				<ondown>9000</ondown>
			</control>
			<control type="image">
				<description>Power Icon</description>
				<left>60</left>
				<top>5</top>
				<width>25</width>
				<height>25</height>
				<aspectratio>keep</aspectratio>
				<texture>icon_power.png</texture>
			</control>
			<control type="button" id="21">
				<description>Favourites push button</description>
				<left>0</left>
				<top>0</top>
				<width>35</width>
				<height>35</height>
				<label>1036</label>
				<font>-</font>
				<aligny>-</aligny>
				<onclick>ActivateWindow(Favourites)</onclick>
				<texturefocus border="5">floor_buttonFO.png</texturefocus>
				<texturenofocus border="5">floor_button.png</texturenofocus>
				<onleft>22</onleft>
				<onright>20</onright>
				<onup>9001</onup>
				<ondown>9000</ondown>
			</control>
			<control type="image">
				<description>Settings Icon</description>
				<left>5</left>
				<top>5</top>
				<width>25</width>
				<height>25</height>
				<aspectratio>keep</aspectratio>
				<texture>icon_favourites.png</texture>
			</control>
			<control type="button" id="22">
				<description>Settings push button</description>
				<left>110</left>
				<top>0</top>
				<width>35</width>
				<height>35</height>
				<label>1036</label>
				<font>-</font>
				<aligny>-</aligny>
				<onclick>ActivateWindow(Settings)</onclick>
				<texturefocus border="5">floor_buttonFO.png</texturefocus>
				<texturenofocus border="5">floor_button.png</texturenofocus>
				<onleft>20</onleft>
				<onright>21</onright>
				<onup>9001</onup>
				<ondown>9000</ondown>
				<visible>Skin.HasSetting(HomeMenuNoSettingsButton)</visible>
			</control>
			<control type="image">
				<description>Favourites Icon</description>
				<left>115</left>
				<top>5</top>
				<width>25</width>
				<height>25</height>
				<aspectratio>keep</aspectratio>
				<texture>icon_system.png</texture>
				<visible>Skin.HasSetting(HomeMenuNoSettingsButton)</visible>
			</control>
		</control>
		<control type="group">
			<left>20</left>
			<top>0</top>
			<visible>Skin.HasSetting(homepageWeatherinfo) + !IsEmpty(Weather.Plugin)</visible>
			<include>Window_OpenClose_Animation</include>
			<control type="image">
				<description>Weather image</description>
				<left>0</left>
				<top>0</top>
				<width>60</width>
				<height>60</height>
				<aspectratio>keep</aspectratio>
				<texture>$INFO[Weather.Conditions]</texture>
			</control>
			<control type="label">
				<description>Location label</description>
				<left>65</left>
				<top>5</top>
				<width>500</width>
				<height>15</height>
				<align>left</align>
				<aligny>center</aligny>
				<font>font10</font>
				<textcolor>white</textcolor>
				<shadowcolor>black</shadowcolor>
				<label>$INFO[Window(Weather).Property(Location)]</label>
			</control>
			<control type="grouplist">
				<left>65</left>
				<top>20</top>
				<width>1000</width>
				<height>30</height>
				<orientation>horizontal</orientation>
				<align>left</align>
				<itemgap>0</itemgap>
				<control type="label">
					<description>Temp label</description>
					<width min="0" max="300">auto</width>
					<height>30</height>
					<align>left</align>
					<aligny>center</aligny>
					<font>font28_title</font>
					<textcolor>white</textcolor>
					<shadowcolor>black</shadowcolor>
					<label>[B]$INFO[Window(Weather).Property(Current.Temperature)][/B]</label>
				</control>
				<control type="label">
					<description>Temp Units</description>
					<width min="0" max="100">auto</width>
					<height>22</height>
					<font>font10</font>
					<aligny>center</aligny>
					<label>$INFO[System.TemperatureUnits]</label>
					<textcolor>white</textcolor>
					<shadowcolor>black</shadowcolor>
					<visible>!IsEmpty(Window(Weather).Property(Current.Temperature))</visible>
				</control>
				<control type="label">
					<description>Conditions Label</description>
					<width>500</width>
					<height>22</height>
					<font>font10</font>
					<aligny>center</aligny>
					<label>$INFO[Window(Weather).Property(Current.Condition),  ]</label>
					<textcolor>grey2</textcolor>
					<shadowcolor>black</shadowcolor>
				</control>
			</control>
		</control>
		<include>Clock</include>
	</controls>
</window>