<?xml version="1.0" encoding="UTF-8"?>
<window type="dialog">
  <defaultcontrol always="true">11</defaultcontrol>
  <coordinates>
    <posx>810</posx>
    <posy>-30</posy>
  </coordinates>
  <controls>
    <control type="group" description="Content">
      <include>DialogOpenClose</include>
      <control type="image">
        <posx>290</posx>
        <posy>120</posy>
        <width>750</width>
        <height>980</height>
        <texture border="90,0,90,0">dialogs/DialogBG.png</texture>
      </control>
      <control type="label">
        <posx>340</posx>
        <posy>155</posy>
        <width>630</width>
        <height>36</height>
        <textcolor>Highlight</textcolor>
        <font>InfoTitle</font>
        <align>center</align>
        <label>$LOCALIZE[19023] • $INFO[VideoPlayer.ChannelGroup]</label>
        <visible>!pvr.IsPlayingRadio</visible>
      </control>
      <control type="label">
        <posx>340</posx>
        <posy>155</posy>
        <width>630</width>
        <height>36</height>
        <textcolor>Highlight</textcolor>
        <font>InfoTitle</font>
        <align>center</align>
        <visible>pvr.IsPlayingRadio</visible>
       <label>$LOCALIZE[19024] • $INFO[MusicPlayer.ChannelGroup]</label>
      </control>
      <control type="label">
        <posx>340</posx>
        <posy>190</posy>
        <width>630</width>
        <height>36</height>
        <textcolor>Highlight</textcolor>
        <align>center</align>
        <label>$INFO[System.Date] • $INFO[System.Time]</label>
      </control>
      <control type="list" id="11" description="CHANNELS">
        <posx>320</posx>
        <posy>240</posy>
        <width>680</width>
        <height>794</height>
        <onleft>NextChannelGroup</onleft>
        <onright>61</onright>
        <onup>11</onup>
        <ondown>11</ondown>
        <pagecontrol>61</pagecontrol>
        <scrolltime tween="sine" easing="inout">280</scrolltime>
        <itemlayout height="99">
          <control type="image">
            <posx>0</posx>
            <posy>0</posy>
            <height>99</height>
            <width>660</width>
            <texture flipy="true" border="3">list/ListNF.png</texture>
          </control>
          <include>RecOverlay</include>
          <control type="label" description="Number">
            <posx>0</posx>
            <height>99</height>
            <width>80</width>
            <align>center</align>
            <aligny>center</aligny>
            <info>ListItem.ChannelNumberLabel</info>
          </control>
          <control type="label" description="Main Label">
            <posx>160</posx>
            <height>73</height>
            <width>500</width>
            <scroll>false</scroll>
            <label>$INFO[ListItem.Label]</label>
          </control>
          <control type="label">
           <posx>160</posx>
           <posy>58</posy>
           <width>500</width>
           <height>30</height>
           <font>font12</font>
           <textcolor>ListDetails</textcolor>
           <selectedcolor>ListDetails</selectedcolor>
           <align>left</align>
           <aligny>center</aligny>
           <label>$INFO[ListItem.Title]</label>
           <visible>IsEmpty(Listitem.Icon)</visible>
          </control>
          <control type="label">
            <posx>160</posx>
            <posy>58</posy>
            <width>500</width>
            <height>30</height>
            <font>font12</font>
            <textcolor>ListDetails</textcolor>
            <selectedcolor>ListDetails</selectedcolor>
            <align>left</align>
            <aligny>center</aligny>
            <label>$INFO[ListItem.Title]</label>
            <visible>!IsEmpty(Listitem.Icon)</visible>
          </control>
          <control type="progress">
	          <posx>160</posx>
            <posy>92</posy>
            <width>500</width>
            <height>1</height>
            <texturebg border="0,0,0,0">img/AmberDotBG.png</texturebg>
            <midtexture border="0,0,0,0">img/AmberDot.png</midtexture>
            <info>ListItem.Progress</info>
            <visible>ListItem.HasEpg</visible>
          </control>
          <control type="image">
            <left>80</left>
            <top>16</top>
            <width>70</width>
            <height>70</height>
            <texture>$INFO[ListItem.Icon]</texture>
            <aspectratio>keep</aspectratio>
          </control>
        </itemlayout>
        <focusedlayout height="99">
          <control type="image">
            <posx>0</posx>
            <posy>0</posy>
            <height>99</height>
            <width>680</width>
            <texture flipy="true" border="3">list/ListNF.png</texture>
          </control>
          <control type="image">
            <posx>0</posx>
            <posy>3</posy>
            <width>680</width>
            <height>96</height>
            <texture>list/ListFO.png</texture>
          </control>
          <include>RecOverlay</include>
          <control type="label" description="Number">
            <posx>0</posx>
            <height>99</height>
            <width>80</width>
            <align>center</align>
            <aligny>center</aligny>
            <info>ListItem.ChannelNumberLabel</info>
          </control>
          <control type="label" description="Main Label">
            <posx>160</posx>
            <height>73</height>
            <width>500</width>
            <label>$INFO[ListItem.Label]</label>
          </control>
          <control type="label">
           <posx>160</posx>
           <posy>58</posy>
           <width>500</width>
           <height>30</height>
           <font>font12</font>
           <textcolor>ListDetails</textcolor>
           <selectedcolor>ListDetails</selectedcolor>
           <align>left</align>
           <aligny>center</aligny>
           <label>$INFO[ListItem.Title]</label>
           <visible>IsEmpty(Listitem.Icon)</visible>
          </control>
          <control type="label">
            <posx>160</posx>
            <posy>58</posy>
            <width>500</width>
            <height>30</height>
            <font>font12</font>
            <textcolor>ListDetails</textcolor>
            <selectedcolor>ListDetails</selectedcolor>
            <align>left</align>
            <aligny>center</aligny>
            <label>$INFO[ListItem.Title]</label>
            <visible>!IsEmpty(Listitem.Icon)</visible>
          </control>
          <control type="progress">
            <posx>160</posx>
            <posy>92</posy>
            <width>500</width>
            <height>1</height>
            <texturebg border="0,0,0,0">img/AmberDotBG.png</texturebg>
            <midtexture border="0,0,0,0">img/AmberDot.png</midtexture>
            <info>ListItem.Progress</info>
            <visible>ListItem.HasEpg</visible>
          </control>
          <control type="image">
            <left>80</left>
            <top>16</top>
            <width>70</width>
            <height>70</height>
            <texture>$INFO[ListItem.Icon]</texture>
            <aspectratio>keep</aspectratio>
          </control>
        </focusedlayout>
      </control>
     <control type="scrollbar" id="61">
        <animation effect="slide" start="0,0" end="-8,0" time="150">Focus</animation>
        <animation effect="slide" start="-8,0" end="0,0" time="300">UnFocus</animation>
        <posx>1003</posx>
        <posy>240</posy>
        <width>36</width>
        <height>750</height>
        <onleft>11</onleft>
        <onright>NextChannelGroup</onright>
        <ondown>61</ondown>
        <onup>61</onup>
        <texturesliderbackground>-</texturesliderbackground>
        <texturesliderbar>-</texturesliderbar>
        <texturesliderbarfocus>-</texturesliderbarfocus>
        <textureslidernib border="18">OSD/ScrollbarNibNF.png</textureslidernib>
        <textureslidernibfocus border="18">OSD/ScrollbarNibFO.png</textureslidernibfocus>
        <showonepage>false</showonepage>
        <orientation>vertical</orientation>
      </control>
    </control>
  </controls>
</window>
