<?xml version="1.0" encoding="UTF-8"?>
<window>
	<defaultcontrol>10</defaultcontrol>
	<views>10</views>
	<controls>
		<include>Pvr_Art</include> 
		<include>Time</include>
		<control type="group" id="50">
			<include>OpenClose</include>
			<include>EPGTimelineView</include>
		</control>
		<control type="group" description="EPG Timeline Info">
			<visible>Control.IsVisible(10)</visible>
			<include>VisibleFadeEffect</include>
      <include name="MiniVideoWindow">
      	<param name="top">75</param>
			  <param name="left">85</param>
			  <param name="width">368</param>
			  <param name="height">207</param>
			  <param name="labeltop">150</param>
      </include>
			<control type="image" description="TV Logo">
				<visible>!Player.HasVideo</visible>
				<posx>85</posx>
				<posy>75</posy>
				<width>368</width>
				<height>207</height>
				<texture>$INFO[Container(10).ListItem.Icon]</texture>
				<aspectratio>keep</aspectratio>
				<visible>!Player.HasVideo</visible>
			</control>
			<control type="group">
				<posx>490</posx>
				<posy>100</posy>
				<control type="label">
					<posx>0</posx>
					<posy>0</posy>
					<width>1740</width>
					<height>40</height>
					<aligny>center</aligny>
					<align>left</align>
					<scroll>false</scroll>
					<label>[COLOR=Highlight]$INFO[ListItem.Label][/COLOR]$INFO[ListItem.Genre,  -  ,  -]  [COLOR=Grey]$INFO[ListItem.StartTime,( ,  -  ]$INFO[ListItem.EndTime,, )][/COLOR]</label>
				</control>
				<control type="textbox">
					<posx>0</posx>
					<posy>50</posy>
					<width>1355</width>
					<height>140</height>
					<align>justify</align>
					<autoscroll delay="12000" time="3000" repeat="10000">true</autoscroll>
					<label>$INFO[ListItem.Plot]</label>
				</control>
			</control>
		</control>
		<include>PVRSideBlade</include>
	</controls>
</window>