<?xml version="1.0" encoding="UTF-8"?>
<addon
  id="skin.influence.16"
  version="1.1.9"
  name="[COLOR lime]Influence[/COLOR]  (16)"
  provider-name="Ipéfix, Jezz_X, Team Kodi">
  <requires>
    <import addon="xbmc.gui" version="5.10.0"/>
	<import addon="script.skinshortcuts" version="0.4.5"/>
	<import addon="service.skin.widgets" version="0.0.32"/>	
  </requires>
  <extension
    point="xbmc.gui.skin"
    debugging="false"
    effectslowdown="1.0">
    <res width="1280" height="720" aspect="16:9" default="true" folder="720p" />
  </extension>
  <extension point="xbmc.addon.metadata">
    <summary lang="de_DE">[COLOR blue]Guidos Master SkinBase[/COLOR].</summary>
	<description lang="de_DE">[COLOR orange]The Biggest SkinBase off the World. [/COLOR]</description>
    <platform>all</platform>
  </extension>
</addon>
