<fonts>
	<fontset id="Default" unicode="true">
	 	<font>
			<name>font10</name>
			<filename>LiberationSans-Regular.ttf</filename>
			<size>15</size>
		</font>
	 	<font>
			<name>font11</name>
			<filename>LiberationSans-Regular.ttf</filename>
			<size>19</size>
		</font>
	 	<font>
			<name>font12</name>
			<filename>LiberationSans-Regular.ttf</filename>
			<size>20</size>
		</font>
	 	<font>
			<name>font12b</name>
			<filename>LiberationSans-Regular.ttf</filename>
			<size>20</size>
			<aspect>.9</aspect>
		</font>
	 	<font>
			<name>font13</name>
			<filename>LiberationSans-Regular.ttf</filename>
			<size>23</size>
		</font>
	 	<font>
			<name>font18</name>
			<filename>humanist_521_condensed_bt.ttf</filename>
			<size>32</size>
		</font>
	 	<font>
			<name>font18b</name>
			<filename>humanist_521_bt.ttf</filename>
			<size>32</size>
		</font>
	 	<font>
			<name>font20</name>
			<filename>LiberationSans-Regular.ttf</filename>
			<size>25</size>
		</font>
	 	<font>
			<name>font22</name>
			<filename>LiberationSans-Regular.ttf</filename>
			<size>28</size>
		</font>
	 	<font>
			<name>font25</name>
			<filename>LiberationSans-Regular.ttf</filename>
			<size>35</size>
		</font>
	 	<font>
			<name>font35b</name>
			<filename>LiberationSans-Regular.ttf</filename>
			<size>80</size>
			<aspect>.8</aspect>
		</font>
	</fontset>
	<fontset id="Arial" unicode="true">
	 	<font>
			<name>font10</name>
			<filename>arial.ttf</filename>
			<size>15</size>
		</font>
	 	<font>
			<name>font11</name>
			<filename>arial.ttf</filename>
			<size>19</size>
		</font>
	 	<font>
			<name>font12</name>
			<filename>arial.ttf</filename>
			<size>20</size>
		</font>
	 	<font>
			<name>font12b</name>
			<filename>arial.ttf</filename>
			<size>20</size>
			<aspect>.9</aspect>
		</font>
	 	<font>
			<name>font13</name>
			<filename>arial.ttf</filename>
			<size>23</size>
		</font>
	 	<font>
			<name>font18</name>
			<filename>arial.ttf</filename>
			<size>28</size>
			<aspect>.8</aspect>
		</font>
	 	<font>
			<name>font18b</name>
			<filename>arial.ttf</filename>
			<size>28</size>
			<aspect>.8</aspect>
		</font>
	 	<font>
			<name>font20</name>
			<filename>arial.ttf</filename>
			<size>25</size>
		</font>
	 	<font>
			<name>font22</name>
			<filename>arial.ttf</filename>
			<size>28</size>
		</font>
	 	<font>
			<name>font25</name>
			<filename>arial.ttf</filename>
			<size>35</size>
		</font>
	 	<font>
			<name>font35b</name>
			<filename>arial.ttf</filename>
			<size>80</size>
			<aspect>.8</aspect>
		</font>
	</fontset>
</fonts>