<?xml version='1.0' encoding='UTF-8'?>
<includes>
	<include name="skinshortcuts-mainmenu">
		<item id="1">
			<property name="id">$NUMBER[1]</property>
			<label>CINEMA</label>
			<label2>Benutzerdefinierte Einträge</label2>
			<icon>special://skin/extras/icons/DefaultAddSource.png</icon>
			<thumb>D:\Kodi Sachen\mix\skin.aeon.noq\backgrounds\20342.gif</thumb>
			<visible>!Skin.HasSetting(plexbmc)</visible>
			<onclick>ActivateWindow(Videos,"plugin://plugin.program.super.favourites/?label=CINEMA&amp;mode=400&amp;path=special%3A%2F%2Fprofile%2Faddon_data%2Fplugin.program.super.favourites%2FSuper+Favourites%5CCINEMA&amp;image=C%3A%5CUsers%5CArush%5CAppData%5CRoaming%5CKodi%5Caddons%5Cplugin.program.super.favourites%5Cicon.png&amp;fanart=C%3A%5CUsers%5CArush%5CAppData%5CRoaming%5CKodi%5Caddons%5Cplugin.program.super.favourites%5Cfanart.jpg",return)</onclick>
			<property name="path">ActivateWindow(Videos,"plugin://plugin.program.super.favourites/?label=CINEMA&amp;mode=400&amp;path=special%3A%2F%2Fprofile%2Faddon_data%2Fplugin.program.super.favourites%2FSuper+Favourites%5CCINEMA&amp;image=C%3A%5CUsers%5CArush%5CAppData%5CRoaming%5CKodi%5Caddons%5Cplugin.program.super.favourites%5Cicon.png&amp;fanart=C%3A%5CUsers%5CArush%5CAppData%5CRoaming%5CKodi%5Caddons%5Cplugin.program.super.favourites%5Cfanart.jpg",return)</property>
			<visible>StringCompare(System.ProfileName,Master user)</visible>
			<property name="submenuVisibility">cinema</property>
			<property name="hasSubmenu">False</property>
		</item>
		<item id="2">
			<property name="id">$NUMBER[2]</property>
			<label>$LOCALIZE[342]</label>
			<label2>Common Shortcut</label2>
			<icon>special://skin/extras/icons/DefaultMovies.png</icon>
			<thumb />
			<visible>!Skin.HasSetting(plexbmc) + Library.HasContent(Movies)</visible>
			<onclick>ActivateWindow(Videos,MovieTitles,return)</onclick>
			<property name="path">ActivateWindow(Videos,MovieTitles,return)</property>
			<visible>StringCompare(System.ProfileName,Master user)</visible>
			<property name="submenuVisibility">movies</property>
			<property name="hasSubmenu">True</property>
		</item>
		<item id="3">
			<property name="id">$NUMBER[3]</property>
			<label>$LOCALIZE[20343]</label>
			<label2>Common Shortcut</label2>
			<icon>special://skin/extras/icons/DefaultTVShows.png</icon>
			<thumb />
			<visible>!Skin.HasSetting(plexbmc) + Library.HasContent(TVShows)</visible>
			<onclick>ActivateWindow(Videos,TVShowTitles,return)</onclick>
			<property name="path">ActivateWindow(Videos,TVShowTitles,return)</property>
			<visible>StringCompare(System.ProfileName,Master user)</visible>
			<property name="submenuVisibility">tvshows</property>
			<property name="hasSubmenu">True</property>
		</item>
		<item id="4">
			<property name="id">$NUMBER[4]</property>
			<label>SERIEN/DOKU</label>
			<label2>Benutzerdefinierte Einträge</label2>
			<icon>special://skin/extras/icons/DefaultAddSource.png</icon>
			<thumb>D:\Kodi Sachen\mix\skin.aeon.noq\backgrounds\19023.gif</thumb>
			<onclick>ActivateWindow(Videos,"plugin://plugin.program.super.favourites/?label=SERIENDOKU&amp;mode=400&amp;path=special%3A%2F%2Fprofile%2Faddon_data%2Fplugin.program.super.favourites%2FSuper+Favourites%5CSERIENDOKU&amp;image=special%3A%2F%2Fhome%2Faddons%5Cplugin.video.tivi_de%5Cicon.png&amp;fanart=C%3A%5CUsers%5CArush%5CAppData%5CRoaming%5CKodi%5Caddons%5Cplugin.program.super.favourites%5Cfanart.jpg",return)</onclick>
			<property name="path">ActivateWindow(Videos,"plugin://plugin.program.super.favourites/?label=SERIENDOKU&amp;mode=400&amp;path=special%3A%2F%2Fprofile%2Faddon_data%2Fplugin.program.super.favourites%2FSuper+Favourites%5CSERIENDOKU&amp;image=special%3A%2F%2Fhome%2Faddons%5Cplugin.video.tivi_de%5Cicon.png&amp;fanart=C%3A%5CUsers%5CArush%5CAppData%5CRoaming%5CKodi%5Caddons%5Cplugin.program.super.favourites%5Cfanart.jpg",return)</property>
			<visible>StringCompare(System.ProfileName,Master user)</visible>
			<property name="submenuVisibility">serien-doku</property>
			<property name="hasSubmenu">False</property>
		</item>
		<item id="5">
			<property name="id">$NUMBER[5]</property>
			<label>SPORT</label>
			<label2>Benutzerdefinierte Einträge</label2>
			<icon>special://skin/extras/icons/DefaultAddSource.png</icon>
			<thumb>D:\Kodi Sachen\mix\skin.aeon.noq\backgrounds\31995.gif</thumb>
			<onclick>ActivateWindow(Videos,"plugin://plugin.program.super.favourites/?label=SPORT&amp;mode=400&amp;path=special%3A%2F%2Fprofile%2Faddon_data%2Fplugin.program.super.favourites%2FSuper+Favourites%5CSPORT&amp;image=special%3A%2F%2Fhome%2Faddons%5Cplugin.video.tagesschau%5Cicon.png&amp;fanart=special%3A%2F%2Fhome%2Faddons%5Cplugin.video.tagesschau%5Cfanart.jpg",return)</onclick>
			<property name="path">ActivateWindow(Videos,"plugin://plugin.program.super.favourites/?label=SPORT&amp;mode=400&amp;path=special%3A%2F%2Fprofile%2Faddon_data%2Fplugin.program.super.favourites%2FSuper+Favourites%5CSPORT&amp;image=special%3A%2F%2Fhome%2Faddons%5Cplugin.video.tagesschau%5Cicon.png&amp;fanart=special%3A%2F%2Fhome%2Faddons%5Cplugin.video.tagesschau%5Cfanart.jpg",return)</property>
			<visible>StringCompare(System.ProfileName,Master user)</visible>
			<property name="submenuVisibility">sport</property>
			<property name="hasSubmenu">False</property>
		</item>
		<item id="6">
			<property name="id">$NUMBER[6]</property>
			<label>$LOCALIZE[10005]</label>
			<label2>Benutzerdefinierte Einträge</label2>
			<icon>special://skin/extras/icons/DefaultAudio.png</icon>
			<thumb>D:\Kodi Sachen\mix\skin.aeon.noq\backgrounds\2.gif</thumb>
			<visible>!Skin.HasSetting(plexbmc)</visible>
			<onclick>ActivateWindow(Music,Addons,return)</onclick>
			<property name="path">ActivateWindow(Music,Addons,return)</property>
			<visible>StringCompare(System.ProfileName,Master user)</visible>
			<property name="submenuVisibility">music</property>
			<property name="hasSubmenu">False</property>
		</item>
		<item id="7">
			<property name="id">$NUMBER[7]</property>
			<label>Clips</label>
			<label2>Common Shortcut</label2>
			<icon>special://skin/backgrounds/Clips.jpg</icon>
			<thumb />
			<visible>!Skin.HasSetting(plexbmc) + Library.HasContent(MusicVideos)</visible>
			<onclick>ActivateWindow(10501,"videodb://musicvideos/")</onclick>
			<property name="path">ActivateWindow(10501,"videodb://musicvideos/")</property>
			<visible>StringCompare(System.ProfileName,Master user)</visible>
			<property name="submenuVisibility">num-31972</property>
			<property name="hasSubmenu">False</property>
		</item>
		<item id="8">
			<property name="id">$NUMBER[8]</property>
			<label>Konzerte</label>
			<label2>Common Shortcut</label2>
			<icon>special://skin/backgrounds/Concerts.jpg</icon>
			<thumb />
			<visible>!Skin.HasSetting(plexbmc) + Library.HasContent(MusicVideos)</visible>
			<onclick>ActivateWindow(Videos,MusicVideoTitles,return)</onclick>
			<property name="path">ActivateWindow(Videos,MusicVideoTitles,return)</property>
			<visible>StringCompare(System.ProfileName,Master user)</visible>
			<property name="submenuVisibility">num-31971</property>
			<property name="hasSubmenu">False</property>
		</item>
		<item id="9">
			<property name="id">$NUMBER[9]</property>
			<label>FAVORITEN</label>
			<label2>Common Shortcut</label2>
			<icon>special://skin/backgrounds/Favourites.jpg</icon>
			<thumb>D:\Kodi Sachen\mix\skin.aeon.noq\backgrounds\1390.gif</thumb>
			<visible>!Skin.HasSetting(BlackGlassMode)</visible>
			<onclick>ActivateWindow(Favourites)</onclick>
			<property name="path">ActivateWindow(Favourites)</property>
			<visible>StringCompare(System.ProfileName,Master user)</visible>
			<property name="submenuVisibility">favoriten</property>
			<property name="hasSubmenu">False</property>
		</item>
		<item id="10">
			<property name="id">$NUMBER[10]</property>
			<label>$LOCALIZE[1036]</label>
			<label2>Common Shortcut</label2>
			<icon>special://skin/extras/icons/Favorites.png</icon>
			<thumb />
			<visible>Skin.HasSetting(BlackGlassMode)</visible>
			<onclick>ActivateWindow(Favourites)</onclick>
			<property name="path">ActivateWindow(Favourites)</property>
			<visible>StringCompare(System.ProfileName,Master user)</visible>
			<property name="submenuVisibility">num-1036</property>
			<property name="hasSubmenu">False</property>
		</item>
		<item id="11">
			<property name="id">$NUMBER[11]</property>
			<label>$ADDON[script.skinshortcuts 32032]</label>
			<label2>Common Shortcut</label2>
			<icon>special://skin/backgrounds/Dvds.jpg</icon>
			<thumb />
			<visible>System.HasMediaDVD</visible>
			<onclick>PlayDVD()</onclick>
			<property name="path">PlayDVD()</property>
			<visible>StringCompare(System.ProfileName,Master user)</visible>
			<property name="submenuVisibility">dvd</property>
			<property name="hasSubmenu">True</property>
		</item>
		<item id="12">
			<property name="id">$NUMBER[12]</property>
			<label>WETTER</label>
			<label2>Common Shortcut</label2>
			<icon>$VAR[WeatherFanartPath]$INFO[Weather.fanartcode].jpg</icon>
			<thumb>D:\Kodi Sachen\mix\skin.aeon.noq\backgrounds\8.gif</thumb>
			<visible>!IsEmpty(Weather.Plugin)</visible>
			<onclick>ActivateWindow(Weather)</onclick>
			<property name="path">ActivateWindow(Weather)</property>
			<visible>StringCompare(System.ProfileName,Master user)</visible>
			<property name="submenuVisibility">wetter</property>
			<property name="hasSubmenu">True</property>
		</item>
		<item id="13">
			<property name="id">$NUMBER[13]</property>
			<label>ADDONS</label>
			<label2>Benutzerdefinierte Einträge</label2>
			<icon>special://skin/backgrounds/Addons.jpg</icon>
			<thumb>D:\Kodi Sachen\mix\skin.aeon.noq\backgrounds\24001.gif</thumb>
			<onclick>ActivateWindow(Videos,Addons,return)</onclick>
			<property name="path">ActivateWindow(Videos,Addons,return)</property>
			<visible>StringCompare(System.ProfileName,Master user)</visible>
			<property name="submenuVisibility">addons</property>
			<property name="hasSubmenu">True</property>
		</item>
		<item id="14">
			<property name="id">$NUMBER[14]</property>
			<label>PROGRAMME</label>
			<label2>Benutzerdefinierte Einträge</label2>
			<icon>special://skin/extras/icons/DefaultAddSource.png</icon>
			<thumb>D:\Kodi Sachen\mix\skin.aeon.noq\backgrounds\31998.gif</thumb>
			<onclick>ActivateWindow(Programs,Addons,return)</onclick>
			<property name="path">ActivateWindow(Programs,Addons,return)</property>
			<visible>StringCompare(System.ProfileName,Master user)</visible>
			<property name="submenuVisibility">programme</property>
			<property name="hasSubmenu">False</property>
		</item>
		<item id="15">
			<property name="id">$NUMBER[15]</property>
			<label>SYSTEM</label>
			<label2>Common Shortcut</label2>
			<icon>special://skin/backgrounds/Settings.jpg</icon>
			<thumb>D:\Kodi Sachen\mix\skin.aeon.noq\backgrounds\13000.gif</thumb>
			<onclick>ActivateWindow(Settings)</onclick>
			<property name="path">ActivateWindow(Settings)</property>
			<visible>StringCompare(System.ProfileName,Master user)</visible>
			<property name="submenuVisibility">system</property>
			<property name="hasSubmenu">True</property>
		</item>
		<item id="16">
			<property name="id">$NUMBER[16]</property>
			<label>$LOCALIZE[137]</label>
			<label2>Program</label2>
			<icon>special://skin/backgrounds/Search.jpg</icon>
			<thumb />
			<visible>!Skin.HasSetting(plexbmc) + System.HasAddon(script.globalsearch)</visible>
			<onclick>RunAddOn(script.globalsearch)</onclick>
			<property name="path">RunAddOn(script.globalsearch)</property>
			<visible>StringCompare(System.ProfileName,Master user)</visible>
			<property name="submenuVisibility">script-globalsearch</property>
			<property name="hasSubmenu">False</property>
		</item>
		<item id="17">
			<property name="id">$NUMBER[17]</property>
			<label>POWER</label>
			<label2>Benutzerdefinierte Einträge</label2>
			<icon>special://skin/backgrounds/Quit.jpg</icon>
			<thumb>D:\Kodi Sachen\mix\skin.aeon.noq\backgrounds\33060..gif</thumb>
			<visible>System.ShowExitButton</visible>
			<onclick>Quit</onclick>
			<property name="path">Quit</property>
			<visible>StringCompare(System.ProfileName,Master user)</visible>
			<property name="submenuVisibility">power</property>
			<property name="hasSubmenu">False</property>
		</item>
	</include>
	<include />
	<include name="skinshortcuts-submenu">
		<item id="1">
			<property name="id">$NUMBER[1]</property>
			<property name="mainmenuid">2</property>
			<label>$LOCALIZE[20386]</label>
			<label2>Videos</label2>
			<icon>special://skin/extras/icons/DefaultRecentlyAddedMovies.png</icon>
			<thumb />
			<visible>[Library.HasContent(Movies)] + StringCompare(Container(9000).ListItem.Property(submenuVisibility),movies)</visible>
			<onclick>ActivateWindow(Videos,RecentlyAddedMovies,return)</onclick>
			<property name="path">ActivateWindow(Videos,RecentlyAddedMovies,return)</property>
			<visible>StringCompare(System.ProfileName,Master user)</visible>
			<property name="isSubmenu">True</property>
		</item>
		<item id="2">
			<property name="id">$NUMBER[2]</property>
			<property name="mainmenuid">2</property>
			<label>$LOCALIZE[20434]</label>
			<label2>Movies</label2>
			<icon>special://skin/extras/icons/DefaultSets.png</icon>
			<thumb />
			<visible>[Library.HasContent(Movies)] + StringCompare(Container(9000).ListItem.Property(submenuVisibility),movies)</visible>
			<onclick>ActivateWindow(Videos,MovieSets,return)</onclick>
			<property name="path">ActivateWindow(Videos,MovieSets,return)</property>
			<visible>StringCompare(System.ProfileName,Master user)</visible>
			<property name="isSubmenu">True</property>
		</item>
		<item id="3">
			<property name="id">$NUMBER[3]</property>
			<property name="mainmenuid">2</property>
			<label>$LOCALIZE[369]</label>
			<label2>Movies</label2>
			<icon>special://skin/extras/icons/DefaultMovieTitle.png</icon>
			<thumb />
			<visible>[Library.HasContent(Movies)] + StringCompare(Container(9000).ListItem.Property(submenuVisibility),movies)</visible>
			<onclick>ActivateWindow(Videos,MovieTitles,return)</onclick>
			<property name="path">ActivateWindow(Videos,MovieTitles,return)</property>
			<visible>StringCompare(System.ProfileName,Master user)</visible>
			<property name="isSubmenu">True</property>
		</item>
		<item id="4">
			<property name="id">$NUMBER[4]</property>
			<property name="mainmenuid">2</property>
			<label>$LOCALIZE[135]</label>
			<label2>Movies</label2>
			<icon>special://skin/extras/icons/DefaultGenre.png</icon>
			<thumb />
			<visible>[Library.HasContent(Movies)] + StringCompare(Container(9000).ListItem.Property(submenuVisibility),movies)</visible>
			<onclick>ActivateWindow(Videos,MovieGenres,return)</onclick>
			<property name="path">ActivateWindow(Videos,MovieGenres,return)</property>
			<visible>StringCompare(System.ProfileName,Master user)</visible>
			<property name="isSubmenu">True</property>
		</item>
		<item id="5">
			<property name="id">$NUMBER[5]</property>
			<property name="mainmenuid">2</property>
			<label>$LOCALIZE[562]</label>
			<label2>Movies</label2>
			<icon>special://skin/extras/icons/DefaultYear.png</icon>
			<thumb />
			<visible>[Library.HasContent(Movies)] + StringCompare(Container(9000).ListItem.Property(submenuVisibility),movies)</visible>
			<onclick>ActivateWindow(Videos,MovieYears,return)</onclick>
			<property name="path">ActivateWindow(Videos,MovieYears,return)</property>
			<visible>StringCompare(System.ProfileName,Master user)</visible>
			<property name="isSubmenu">True</property>
		</item>
		<item id="6">
			<property name="id">$NUMBER[6]</property>
			<property name="mainmenuid">2</property>
			<label>$LOCALIZE[344]</label>
			<label2>Movies</label2>
			<icon>special://skin/extras/icons/DefaultActor.png</icon>
			<thumb />
			<visible>[Library.HasContent(Movies)] + StringCompare(Container(9000).ListItem.Property(submenuVisibility),movies)</visible>
			<onclick>ActivateWindow(Videos,MovieActors,return)</onclick>
			<property name="path">ActivateWindow(Videos,MovieActors,return)</property>
			<visible>StringCompare(System.ProfileName,Master user)</visible>
			<property name="isSubmenu">True</property>
		</item>
		<item id="7">
			<property name="id">$NUMBER[7]</property>
			<property name="mainmenuid">2</property>
			<label>$LOCALIZE[20459]</label>
			<label2>Movies</label2>
			<icon>special://skin/extras/icons/DefaultAddSource.png</icon>
			<thumb />
			<visible>[Library.HasContent(Movies)] + StringCompare(Container(9000).ListItem.Property(submenuVisibility),movies)</visible>
			<onclick>ActivateWindow(Videos,MovieTags,return)</onclick>
			<property name="path">ActivateWindow(Videos,MovieTags,return)</property>
			<visible>StringCompare(System.ProfileName,Master user)</visible>
			<property name="isSubmenu">True</property>
		</item>
		<item id="8">
			<property name="id">$NUMBER[8]</property>
			<property name="mainmenuid">2</property>
			<label>$LOCALIZE[136]</label>
			<label2>Videos</label2>
			<icon>special://skin/extras/icons/DefaultAddSource.png</icon>
			<thumb />
			<onclick>ActivateWindow(Videos,Playlists,return)</onclick>
			<property name="path">ActivateWindow(Videos,Playlists,return)</property>
			<visible>[StringCompare(System.ProfileName,Master user)] + StringCompare(Container(9000).ListItem.Property(submenuVisibility),movies)</visible>
			<property name="isSubmenu">True</property>
		</item>
		<item id="1">
			<property name="id">$NUMBER[1]</property>
			<property name="mainmenuid">3</property>
			<label>$LOCALIZE[20387]</label>
			<label2>Videos</label2>
			<icon>special://skin/extras/icons/DefaultRecentlyAddedEpisodes.png</icon>
			<thumb />
			<visible>[Library.HasContent(TVShows)] + StringCompare(Container(9000).ListItem.Property(submenuVisibility),tvshows)</visible>
			<onclick>ActivateWindow(Videos,RecentlyAddedEpisodes,return)</onclick>
			<property name="path">ActivateWindow(Videos,RecentlyAddedEpisodes,return)</property>
			<visible>StringCompare(System.ProfileName,Master user)</visible>
			<property name="isSubmenu">True</property>
		</item>
		<item id="2">
			<property name="id">$NUMBER[2]</property>
			<property name="mainmenuid">3</property>
			<label>$LOCALIZE[626]</label>
			<label2>Videos</label2>
			<icon>special://skin/extras/icons/DefaultAddSource.png</icon>
			<thumb />
			<visible>[Library.HasContent(TVShows)] + StringCompare(Container(9000).ListItem.Property(submenuVisibility),tvshows)</visible>
			<onclick>ActivateWindow(Videos,library://video/inprogressshows.xml,return)</onclick>
			<property name="path">ActivateWindow(Videos,library://video/inprogressshows.xml,return)</property>
			<visible>StringCompare(System.ProfileName,Master user)</visible>
			<property name="isSubmenu">True</property>
		</item>
		<item id="3">
			<property name="id">$NUMBER[3]</property>
			<property name="mainmenuid">3</property>
			<label>$LOCALIZE[369]</label>
			<label2>TV Shows</label2>
			<icon>special://skin/extras/icons/DefaultTVShowTitle.png</icon>
			<thumb />
			<visible>[Library.HasContent(TVShows)] + StringCompare(Container(9000).ListItem.Property(submenuVisibility),tvshows)</visible>
			<onclick>ActivateWindow(Videos,TvShowTitles,return)</onclick>
			<property name="path">ActivateWindow(Videos,TvShowTitles,return)</property>
			<visible>StringCompare(System.ProfileName,Master user)</visible>
			<property name="isSubmenu">True</property>
		</item>
		<item id="4">
			<property name="id">$NUMBER[4]</property>
			<property name="mainmenuid">3</property>
			<label>$LOCALIZE[135]</label>
			<label2>TV Shows</label2>
			<icon>special://skin/extras/icons/DefaultGenre.png</icon>
			<thumb />
			<visible>[Library.HasContent(TVShows)] + StringCompare(Container(9000).ListItem.Property(submenuVisibility),tvshows)</visible>
			<onclick>ActivateWindow(Videos,TvShowGenres,return)</onclick>
			<property name="path">ActivateWindow(Videos,TvShowGenres,return)</property>
			<visible>StringCompare(System.ProfileName,Master user)</visible>
			<property name="isSubmenu">True</property>
		</item>
		<item id="5">
			<property name="id">$NUMBER[5]</property>
			<property name="mainmenuid">3</property>
			<label>$LOCALIZE[562]</label>
			<label2>TV Shows</label2>
			<icon>special://skin/extras/icons/DefaultYear.png</icon>
			<thumb />
			<visible>[Library.HasContent(TVShows)] + StringCompare(Container(9000).ListItem.Property(submenuVisibility),tvshows)</visible>
			<onclick>ActivateWindow(Videos,TvShowYears,return)</onclick>
			<property name="path">ActivateWindow(Videos,TvShowYears,return)</property>
			<visible>StringCompare(System.ProfileName,Master user)</visible>
			<property name="isSubmenu">True</property>
		</item>
		<item id="6">
			<property name="id">$NUMBER[6]</property>
			<property name="mainmenuid">3</property>
			<label>$LOCALIZE[344]</label>
			<label2>TV Shows</label2>
			<icon>special://skin/extras/icons/DefaultActor.png</icon>
			<thumb />
			<visible>[Library.HasContent(TVShows)] + StringCompare(Container(9000).ListItem.Property(submenuVisibility),tvshows)</visible>
			<onclick>ActivateWindow(Videos,TvShowActors,return)</onclick>
			<property name="path">ActivateWindow(Videos,TvShowActors,return)</property>
			<visible>StringCompare(System.ProfileName,Master user)</visible>
			<property name="isSubmenu">True</property>
		</item>
		<item id="7">
			<property name="id">$NUMBER[7]</property>
			<property name="mainmenuid">3</property>
			<label>$LOCALIZE[20459]</label>
			<label2>TV Shows</label2>
			<icon>special://skin/extras/icons/DefaultAddSource.png</icon>
			<thumb />
			<visible>[Library.HasContent(TVShows)] + StringCompare(Container(9000).ListItem.Property(submenuVisibility),tvshows)</visible>
			<onclick>ActivateWindow(Videos,TvShowTags,return)</onclick>
			<property name="path">ActivateWindow(Videos,TvShowTags,return)</property>
			<visible>StringCompare(System.ProfileName,Master user)</visible>
			<property name="isSubmenu">True</property>
		</item>
		<item id="8">
			<property name="id">$NUMBER[8]</property>
			<property name="mainmenuid">3</property>
			<label>$LOCALIZE[136]</label>
			<label2>TV Shows</label2>
			<icon>special://skin/extras/icons/DefaultAddSource.png</icon>
			<thumb />
			<onclick>ActivateWindow(Videos,Playlists,return)</onclick>
			<property name="path">ActivateWindow(Videos,Playlists,return)</property>
			<visible>[StringCompare(System.ProfileName,Master user)] + StringCompare(Container(9000).ListItem.Property(submenuVisibility),tvshows)</visible>
			<property name="isSubmenu">True</property>
		</item>
		<item id="1">
			<property name="id">$NUMBER[1]</property>
			<property name="mainmenuid">11</property>
			<label>$ADDON[script.skinshortcuts 32033]</label>
			<label2>Common Shortcut</label2>
			<icon>DefaultDVDFull.png</icon>
			<thumb />
			<onclick>EjectTray()</onclick>
			<property name="path">EjectTray()</property>
			<visible>[StringCompare(System.ProfileName,Master user)] + StringCompare(Container(9000).ListItem.Property(submenuVisibility),dvd)</visible>
			<property name="isSubmenu">True</property>
		</item>
		<item id="1">
			<property name="id">$NUMBER[1]</property>
			<property name="mainmenuid">12</property>
			<label>$INFO[Weather.Location]</label>
			<label2>Custom Shortcut</label2>
			<icon>special://skin/extras/icons/DefaultAddSource.png</icon>
			<thumb />
			<visible>[!IsEmpty(Weather.Plugin)] + StringCompare(Container(9000).ListItem.Property(submenuVisibility),wetter)</visible>
			<onclick>ActivateWindow(weather)</onclick>
			<property name="path">ActivateWindow(weather)</property>
			<visible>StringCompare(System.ProfileName,Master user)</visible>
			<property name="isSubmenu">True</property>
		</item>
		<item id="2">
			<property name="id">$NUMBER[2]</property>
			<property name="mainmenuid">12</property>
			<label>$INFO[Weather.Conditions]</label>
			<label2>Custom Shortcut</label2>
			<icon>special://skin/extras/icons/DefaultAddSource.png</icon>
			<thumb />
			<visible>[!IsEmpty(Weather.Plugin)] + StringCompare(Container(9000).ListItem.Property(submenuVisibility),wetter)</visible>
			<onclick>ActivateWindow(weather)</onclick>
			<property name="path">ActivateWindow(weather)</property>
			<visible>StringCompare(System.ProfileName,Master user)</visible>
			<property name="isSubmenu">True</property>
		</item>
		<item id="3">
			<property name="id">$NUMBER[3]</property>
			<property name="mainmenuid">12</property>
			<label>$INFO[Weather.Temperature]</label>
			<label2>Custom Shortcut</label2>
			<icon>special://skin/extras/icons/DefaultAddSource.png</icon>
			<thumb />
			<visible>[!IsEmpty(Weather.Plugin)] + StringCompare(Container(9000).ListItem.Property(submenuVisibility),wetter)</visible>
			<onclick>ActivateWindow(weather)</onclick>
			<property name="path">ActivateWindow(weather)</property>
			<visible>StringCompare(System.ProfileName,Master user)</visible>
			<property name="isSubmenu">True</property>
		</item>
		<item id="1">
			<property name="id">$NUMBER[1]</property>
			<property name="mainmenuid">13</property>
			<label>$LOCALIZE[1037]</label>
			<label2>Videos</label2>
			<icon>special://skin/extras/icons/DefaultAddSource.png</icon>
			<thumb />
			<onclick>ActivateWindow(Videos,Addons,return)</onclick>
			<property name="path">ActivateWindow(Videos,Addons,return)</property>
			<visible>[StringCompare(System.ProfileName,Master user)] + StringCompare(Container(9000).ListItem.Property(submenuVisibility),addons)</visible>
			<property name="isSubmenu">True</property>
		</item>
		<item id="2">
			<property name="id">$NUMBER[2]</property>
			<property name="mainmenuid">13</property>
			<label>$LOCALIZE[1038]</label>
			<label2>Music</label2>
			<icon>special://skin/extras/icons/DefaultAddSource.png</icon>
			<thumb />
			<onclick>ActivateWindow(Music,Addons,return)</onclick>
			<property name="path">ActivateWindow(Music,Addons,return)</property>
			<visible>[StringCompare(System.ProfileName,Master user)] + StringCompare(Container(9000).ListItem.Property(submenuVisibility),addons)</visible>
			<property name="isSubmenu">True</property>
		</item>
		<item id="3">
			<property name="id">$NUMBER[3]</property>
			<property name="mainmenuid">13</property>
			<label>$LOCALIZE[1039]</label>
			<label2>Pictures</label2>
			<icon>special://skin/extras/icons/DefaultAddSource.png</icon>
			<thumb />
			<onclick>ActivateWindow(Pictures,Addons,return)</onclick>
			<property name="path">ActivateWindow(Pictures,Addons,return)</property>
			<visible>[StringCompare(System.ProfileName,Master user)] + StringCompare(Container(9000).ListItem.Property(submenuVisibility),addons)</visible>
			<property name="isSubmenu">True</property>
		</item>
		<item id="4">
			<property name="id">$NUMBER[4]</property>
			<property name="mainmenuid">13</property>
			<label>$LOCALIZE[10040]</label>
			<label2>Custom Shortcut</label2>
			<icon>special://skin/extras/icons/DefaultAddSource.png</icon>
			<thumb />
			<onclick>ActivateWindow(addonbrowser)</onclick>
			<property name="path">ActivateWindow(addonbrowser)</property>
			<visible>[StringCompare(System.ProfileName,Master user)] + StringCompare(Container(9000).ListItem.Property(submenuVisibility),addons)</visible>
			<property name="isSubmenu">True</property>
		</item>
		<item id="1">
			<property name="id">$NUMBER[1]</property>
			<property name="mainmenuid">15</property>
			<label>$LOCALIZE[20077]</label>
			<label2>Custom Shortcut</label2>
			<icon>special://skin/extras/icons/DefaultAddSource.png</icon>
			<thumb />
			<onclick>Activatewindow(skinsettings)</onclick>
			<property name="path">Activatewindow(skinsettings)</property>
			<visible>[StringCompare(System.ProfileName,Master user)] + StringCompare(Container(9000).ListItem.Property(submenuVisibility),system)</visible>
			<property name="isSubmenu">True</property>
		</item>
		<item id="2">
			<property name="id">$NUMBER[2]</property>
			<property name="mainmenuid">15</property>
			<label>$LOCALIZE[7]</label>
			<label2>Common Shortcut</label2>
			<icon>special://skin/extras/icons/DefaultFolder.png</icon>
			<thumb />
			<onclick>ActivateWindow(FileManager)</onclick>
			<property name="path">ActivateWindow(FileManager)</property>
			<visible>[StringCompare(System.ProfileName,Master user)] + StringCompare(Container(9000).ListItem.Property(submenuVisibility),system)</visible>
			<property name="isSubmenu">True</property>
		</item>
		<item id="3">
			<property name="id">$NUMBER[3]</property>
			<property name="mainmenuid">15</property>
			<label>$LOCALIZE[10007]</label>
			<label2>Common Shortcut</label2>
			<icon>special://skin/extras/icons/DefaultAddSource.png</icon>
			<thumb />
			<onclick>ActivateWindow(SystemInfo)</onclick>
			<property name="path">ActivateWindow(SystemInfo)</property>
			<visible>[StringCompare(System.ProfileName,Master user)] + StringCompare(Container(9000).ListItem.Property(submenuVisibility),system)</visible>
			<property name="isSubmenu">True</property>
		</item>
	</include>
	<include />
	<include name="skinshortcuts-submenu-1" />
	<include />
	<include name="skinshortcuts-submenu-2" />
	<include name="skinshortcuts-group-cinema">
		<description>No items</description>
	</include>
	<include name="skinshortcuts-group-alt-cinema">
		<description>No items</description>
	</include>
	<include name="skinshortcuts-group-cinema-1">
		<description>No items</description>
	</include>
	<include name="skinshortcuts-group-alt-cinema-1">
		<description>No items</description>
	</include>
	<include name="skinshortcuts-group-cinema-2">
		<description>No items</description>
	</include>
	<include name="skinshortcuts-group-alt-cinema-2">
		<description>No items</description>
	</include>
	<include name="skinshortcuts-group-movies">
		<item id="1">
			<property name="id">$NUMBER[1]</property>
			<property name="mainmenuid">2</property>
			<label>$LOCALIZE[20386]</label>
			<label2>Videos</label2>
			<icon>special://skin/extras/icons/DefaultRecentlyAddedMovies.png</icon>
			<thumb />
			<visible>Library.HasContent(Movies)</visible>
			<onclick>ActivateWindow(Videos,RecentlyAddedMovies,return)</onclick>
			<property name="path">ActivateWindow(Videos,RecentlyAddedMovies,return)</property>
			<visible>StringCompare(System.ProfileName,Master user)</visible>
			<property name="isSubmenu">True</property>
		</item>
		<item id="2">
			<property name="id">$NUMBER[2]</property>
			<property name="mainmenuid">2</property>
			<label>$LOCALIZE[20434]</label>
			<label2>Movies</label2>
			<icon>special://skin/extras/icons/DefaultSets.png</icon>
			<thumb />
			<visible>Library.HasContent(Movies)</visible>
			<onclick>ActivateWindow(Videos,MovieSets,return)</onclick>
			<property name="path">ActivateWindow(Videos,MovieSets,return)</property>
			<visible>StringCompare(System.ProfileName,Master user)</visible>
			<property name="isSubmenu">True</property>
		</item>
		<item id="3">
			<property name="id">$NUMBER[3]</property>
			<property name="mainmenuid">2</property>
			<label>$LOCALIZE[369]</label>
			<label2>Movies</label2>
			<icon>special://skin/extras/icons/DefaultMovieTitle.png</icon>
			<thumb />
			<visible>Library.HasContent(Movies)</visible>
			<onclick>ActivateWindow(Videos,MovieTitles,return)</onclick>
			<property name="path">ActivateWindow(Videos,MovieTitles,return)</property>
			<visible>StringCompare(System.ProfileName,Master user)</visible>
			<property name="isSubmenu">True</property>
		</item>
		<item id="4">
			<property name="id">$NUMBER[4]</property>
			<property name="mainmenuid">2</property>
			<label>$LOCALIZE[135]</label>
			<label2>Movies</label2>
			<icon>special://skin/extras/icons/DefaultGenre.png</icon>
			<thumb />
			<visible>Library.HasContent(Movies)</visible>
			<onclick>ActivateWindow(Videos,MovieGenres,return)</onclick>
			<property name="path">ActivateWindow(Videos,MovieGenres,return)</property>
			<visible>StringCompare(System.ProfileName,Master user)</visible>
			<property name="isSubmenu">True</property>
		</item>
		<item id="5">
			<property name="id">$NUMBER[5]</property>
			<property name="mainmenuid">2</property>
			<label>$LOCALIZE[562]</label>
			<label2>Movies</label2>
			<icon>special://skin/extras/icons/DefaultYear.png</icon>
			<thumb />
			<visible>Library.HasContent(Movies)</visible>
			<onclick>ActivateWindow(Videos,MovieYears,return)</onclick>
			<property name="path">ActivateWindow(Videos,MovieYears,return)</property>
			<visible>StringCompare(System.ProfileName,Master user)</visible>
			<property name="isSubmenu">True</property>
		</item>
		<item id="6">
			<property name="id">$NUMBER[6]</property>
			<property name="mainmenuid">2</property>
			<label>$LOCALIZE[344]</label>
			<label2>Movies</label2>
			<icon>special://skin/extras/icons/DefaultActor.png</icon>
			<thumb />
			<visible>Library.HasContent(Movies)</visible>
			<onclick>ActivateWindow(Videos,MovieActors,return)</onclick>
			<property name="path">ActivateWindow(Videos,MovieActors,return)</property>
			<visible>StringCompare(System.ProfileName,Master user)</visible>
			<property name="isSubmenu">True</property>
		</item>
		<item id="7">
			<property name="id">$NUMBER[7]</property>
			<property name="mainmenuid">2</property>
			<label>$LOCALIZE[20459]</label>
			<label2>Movies</label2>
			<icon>special://skin/extras/icons/DefaultAddSource.png</icon>
			<thumb />
			<visible>Library.HasContent(Movies)</visible>
			<onclick>ActivateWindow(Videos,MovieTags,return)</onclick>
			<property name="path">ActivateWindow(Videos,MovieTags,return)</property>
			<visible>StringCompare(System.ProfileName,Master user)</visible>
			<property name="isSubmenu">True</property>
		</item>
		<item id="8">
			<property name="id">$NUMBER[8]</property>
			<property name="mainmenuid">2</property>
			<label>$LOCALIZE[136]</label>
			<label2>Videos</label2>
			<icon>special://skin/extras/icons/DefaultAddSource.png</icon>
			<thumb />
			<onclick>ActivateWindow(Videos,Playlists,return)</onclick>
			<property name="path">ActivateWindow(Videos,Playlists,return)</property>
			<visible>StringCompare(System.ProfileName,Master user)</visible>
			<property name="isSubmenu">True</property>
		</item>
	</include>
	<include name="skinshortcuts-group-alt-movies">
		<item id="1">
			<property name="id">$NUMBER[1]</property>
			<property name="mainmenuid">2</property>
			<label>$LOCALIZE[20386]</label>
			<label2>Videos</label2>
			<icon>special://skin/extras/icons/DefaultRecentlyAddedMovies.png</icon>
			<thumb />
			<visible>[Library.HasContent(Movies)] + StringCompare(Window(10000).Property(submenuVisibility),movies)</visible>
			<onclick>ActivateWindow(Videos,RecentlyAddedMovies,return)</onclick>
			<property name="path">ActivateWindow(Videos,RecentlyAddedMovies,return)</property>
			<visible>StringCompare(System.ProfileName,Master user)</visible>
			<property name="isSubmenu">True</property>
		</item>
		<item id="2">
			<property name="id">$NUMBER[2]</property>
			<property name="mainmenuid">2</property>
			<label>$LOCALIZE[20434]</label>
			<label2>Movies</label2>
			<icon>special://skin/extras/icons/DefaultSets.png</icon>
			<thumb />
			<visible>[Library.HasContent(Movies)] + StringCompare(Window(10000).Property(submenuVisibility),movies)</visible>
			<onclick>ActivateWindow(Videos,MovieSets,return)</onclick>
			<property name="path">ActivateWindow(Videos,MovieSets,return)</property>
			<visible>StringCompare(System.ProfileName,Master user)</visible>
			<property name="isSubmenu">True</property>
		</item>
		<item id="3">
			<property name="id">$NUMBER[3]</property>
			<property name="mainmenuid">2</property>
			<label>$LOCALIZE[369]</label>
			<label2>Movies</label2>
			<icon>special://skin/extras/icons/DefaultMovieTitle.png</icon>
			<thumb />
			<visible>[Library.HasContent(Movies)] + StringCompare(Window(10000).Property(submenuVisibility),movies)</visible>
			<onclick>ActivateWindow(Videos,MovieTitles,return)</onclick>
			<property name="path">ActivateWindow(Videos,MovieTitles,return)</property>
			<visible>StringCompare(System.ProfileName,Master user)</visible>
			<property name="isSubmenu">True</property>
		</item>
		<item id="4">
			<property name="id">$NUMBER[4]</property>
			<property name="mainmenuid">2</property>
			<label>$LOCALIZE[135]</label>
			<label2>Movies</label2>
			<icon>special://skin/extras/icons/DefaultGenre.png</icon>
			<thumb />
			<visible>[Library.HasContent(Movies)] + StringCompare(Window(10000).Property(submenuVisibility),movies)</visible>
			<onclick>ActivateWindow(Videos,MovieGenres,return)</onclick>
			<property name="path">ActivateWindow(Videos,MovieGenres,return)</property>
			<visible>StringCompare(System.ProfileName,Master user)</visible>
			<property name="isSubmenu">True</property>
		</item>
		<item id="5">
			<property name="id">$NUMBER[5]</property>
			<property name="mainmenuid">2</property>
			<label>$LOCALIZE[562]</label>
			<label2>Movies</label2>
			<icon>special://skin/extras/icons/DefaultYear.png</icon>
			<thumb />
			<visible>[Library.HasContent(Movies)] + StringCompare(Window(10000).Property(submenuVisibility),movies)</visible>
			<onclick>ActivateWindow(Videos,MovieYears,return)</onclick>
			<property name="path">ActivateWindow(Videos,MovieYears,return)</property>
			<visible>StringCompare(System.ProfileName,Master user)</visible>
			<property name="isSubmenu">True</property>
		</item>
		<item id="6">
			<property name="id">$NUMBER[6]</property>
			<property name="mainmenuid">2</property>
			<label>$LOCALIZE[344]</label>
			<label2>Movies</label2>
			<icon>special://skin/extras/icons/DefaultActor.png</icon>
			<thumb />
			<visible>[Library.HasContent(Movies)] + StringCompare(Window(10000).Property(submenuVisibility),movies)</visible>
			<onclick>ActivateWindow(Videos,MovieActors,return)</onclick>
			<property name="path">ActivateWindow(Videos,MovieActors,return)</property>
			<visible>StringCompare(System.ProfileName,Master user)</visible>
			<property name="isSubmenu">True</property>
		</item>
		<item id="7">
			<property name="id">$NUMBER[7]</property>
			<property name="mainmenuid">2</property>
			<label>$LOCALIZE[20459]</label>
			<label2>Movies</label2>
			<icon>special://skin/extras/icons/DefaultAddSource.png</icon>
			<thumb />
			<visible>[Library.HasContent(Movies)] + StringCompare(Window(10000).Property(submenuVisibility),movies)</visible>
			<onclick>ActivateWindow(Videos,MovieTags,return)</onclick>
			<property name="path">ActivateWindow(Videos,MovieTags,return)</property>
			<visible>StringCompare(System.ProfileName,Master user)</visible>
			<property name="isSubmenu">True</property>
		</item>
		<item id="8">
			<property name="id">$NUMBER[8]</property>
			<property name="mainmenuid">2</property>
			<label>$LOCALIZE[136]</label>
			<label2>Videos</label2>
			<icon>special://skin/extras/icons/DefaultAddSource.png</icon>
			<thumb />
			<onclick>ActivateWindow(Videos,Playlists,return)</onclick>
			<property name="path">ActivateWindow(Videos,Playlists,return)</property>
			<visible>[StringCompare(System.ProfileName,Master user)] + StringCompare(Window(10000).Property(submenuVisibility),movies)</visible>
			<property name="isSubmenu">True</property>
		</item>
	</include>
	<include name="skinshortcuts-group-movies-1">
		<description>No items</description>
	</include>
	<include name="skinshortcuts-group-alt-movies-1">
		<description>No items</description>
	</include>
	<include name="skinshortcuts-group-movies-2">
		<description>No items</description>
	</include>
	<include name="skinshortcuts-group-alt-movies-2">
		<description>No items</description>
	</include>
	<include name="skinshortcuts-group-tvshows">
		<item id="1">
			<property name="id">$NUMBER[1]</property>
			<property name="mainmenuid">3</property>
			<label>$LOCALIZE[20387]</label>
			<label2>Videos</label2>
			<icon>special://skin/extras/icons/DefaultRecentlyAddedEpisodes.png</icon>
			<thumb />
			<visible>Library.HasContent(TVShows)</visible>
			<onclick>ActivateWindow(Videos,RecentlyAddedEpisodes,return)</onclick>
			<property name="path">ActivateWindow(Videos,RecentlyAddedEpisodes,return)</property>
			<visible>StringCompare(System.ProfileName,Master user)</visible>
			<property name="isSubmenu">True</property>
		</item>
		<item id="2">
			<property name="id">$NUMBER[2]</property>
			<property name="mainmenuid">3</property>
			<label>$LOCALIZE[626]</label>
			<label2>Videos</label2>
			<icon>special://skin/extras/icons/DefaultAddSource.png</icon>
			<thumb />
			<visible>Library.HasContent(TVShows)</visible>
			<onclick>ActivateWindow(Videos,library://video/inprogressshows.xml,return)</onclick>
			<property name="path">ActivateWindow(Videos,library://video/inprogressshows.xml,return)</property>
			<visible>StringCompare(System.ProfileName,Master user)</visible>
			<property name="isSubmenu">True</property>
		</item>
		<item id="3">
			<property name="id">$NUMBER[3]</property>
			<property name="mainmenuid">3</property>
			<label>$LOCALIZE[369]</label>
			<label2>TV Shows</label2>
			<icon>special://skin/extras/icons/DefaultTVShowTitle.png</icon>
			<thumb />
			<visible>Library.HasContent(TVShows)</visible>
			<onclick>ActivateWindow(Videos,TvShowTitles,return)</onclick>
			<property name="path">ActivateWindow(Videos,TvShowTitles,return)</property>
			<visible>StringCompare(System.ProfileName,Master user)</visible>
			<property name="isSubmenu">True</property>
		</item>
		<item id="4">
			<property name="id">$NUMBER[4]</property>
			<property name="mainmenuid">3</property>
			<label>$LOCALIZE[135]</label>
			<label2>TV Shows</label2>
			<icon>special://skin/extras/icons/DefaultGenre.png</icon>
			<thumb />
			<visible>Library.HasContent(TVShows)</visible>
			<onclick>ActivateWindow(Videos,TvShowGenres,return)</onclick>
			<property name="path">ActivateWindow(Videos,TvShowGenres,return)</property>
			<visible>StringCompare(System.ProfileName,Master user)</visible>
			<property name="isSubmenu">True</property>
		</item>
		<item id="5">
			<property name="id">$NUMBER[5]</property>
			<property name="mainmenuid">3</property>
			<label>$LOCALIZE[562]</label>
			<label2>TV Shows</label2>
			<icon>special://skin/extras/icons/DefaultYear.png</icon>
			<thumb />
			<visible>Library.HasContent(TVShows)</visible>
			<onclick>ActivateWindow(Videos,TvShowYears,return)</onclick>
			<property name="path">ActivateWindow(Videos,TvShowYears,return)</property>
			<visible>StringCompare(System.ProfileName,Master user)</visible>
			<property name="isSubmenu">True</property>
		</item>
		<item id="6">
			<property name="id">$NUMBER[6]</property>
			<property name="mainmenuid">3</property>
			<label>$LOCALIZE[344]</label>
			<label2>TV Shows</label2>
			<icon>special://skin/extras/icons/DefaultActor.png</icon>
			<thumb />
			<visible>Library.HasContent(TVShows)</visible>
			<onclick>ActivateWindow(Videos,TvShowActors,return)</onclick>
			<property name="path">ActivateWindow(Videos,TvShowActors,return)</property>
			<visible>StringCompare(System.ProfileName,Master user)</visible>
			<property name="isSubmenu">True</property>
		</item>
		<item id="7">
			<property name="id">$NUMBER[7]</property>
			<property name="mainmenuid">3</property>
			<label>$LOCALIZE[20459]</label>
			<label2>TV Shows</label2>
			<icon>special://skin/extras/icons/DefaultAddSource.png</icon>
			<thumb />
			<visible>Library.HasContent(TVShows)</visible>
			<onclick>ActivateWindow(Videos,TvShowTags,return)</onclick>
			<property name="path">ActivateWindow(Videos,TvShowTags,return)</property>
			<visible>StringCompare(System.ProfileName,Master user)</visible>
			<property name="isSubmenu">True</property>
		</item>
		<item id="8">
			<property name="id">$NUMBER[8]</property>
			<property name="mainmenuid">3</property>
			<label>$LOCALIZE[136]</label>
			<label2>TV Shows</label2>
			<icon>special://skin/extras/icons/DefaultAddSource.png</icon>
			<thumb />
			<onclick>ActivateWindow(Videos,Playlists,return)</onclick>
			<property name="path">ActivateWindow(Videos,Playlists,return)</property>
			<visible>StringCompare(System.ProfileName,Master user)</visible>
			<property name="isSubmenu">True</property>
		</item>
	</include>
	<include name="skinshortcuts-group-alt-tvshows">
		<item id="1">
			<property name="id">$NUMBER[1]</property>
			<property name="mainmenuid">3</property>
			<label>$LOCALIZE[20387]</label>
			<label2>Videos</label2>
			<icon>special://skin/extras/icons/DefaultRecentlyAddedEpisodes.png</icon>
			<thumb />
			<visible>[Library.HasContent(TVShows)] + StringCompare(Window(10000).Property(submenuVisibility),tvshows)</visible>
			<onclick>ActivateWindow(Videos,RecentlyAddedEpisodes,return)</onclick>
			<property name="path">ActivateWindow(Videos,RecentlyAddedEpisodes,return)</property>
			<visible>StringCompare(System.ProfileName,Master user)</visible>
			<property name="isSubmenu">True</property>
		</item>
		<item id="2">
			<property name="id">$NUMBER[2]</property>
			<property name="mainmenuid">3</property>
			<label>$LOCALIZE[626]</label>
			<label2>Videos</label2>
			<icon>special://skin/extras/icons/DefaultAddSource.png</icon>
			<thumb />
			<visible>[Library.HasContent(TVShows)] + StringCompare(Window(10000).Property(submenuVisibility),tvshows)</visible>
			<onclick>ActivateWindow(Videos,library://video/inprogressshows.xml,return)</onclick>
			<property name="path">ActivateWindow(Videos,library://video/inprogressshows.xml,return)</property>
			<visible>StringCompare(System.ProfileName,Master user)</visible>
			<property name="isSubmenu">True</property>
		</item>
		<item id="3">
			<property name="id">$NUMBER[3]</property>
			<property name="mainmenuid">3</property>
			<label>$LOCALIZE[369]</label>
			<label2>TV Shows</label2>
			<icon>special://skin/extras/icons/DefaultTVShowTitle.png</icon>
			<thumb />
			<visible>[Library.HasContent(TVShows)] + StringCompare(Window(10000).Property(submenuVisibility),tvshows)</visible>
			<onclick>ActivateWindow(Videos,TvShowTitles,return)</onclick>
			<property name="path">ActivateWindow(Videos,TvShowTitles,return)</property>
			<visible>StringCompare(System.ProfileName,Master user)</visible>
			<property name="isSubmenu">True</property>
		</item>
		<item id="4">
			<property name="id">$NUMBER[4]</property>
			<property name="mainmenuid">3</property>
			<label>$LOCALIZE[135]</label>
			<label2>TV Shows</label2>
			<icon>special://skin/extras/icons/DefaultGenre.png</icon>
			<thumb />
			<visible>[Library.HasContent(TVShows)] + StringCompare(Window(10000).Property(submenuVisibility),tvshows)</visible>
			<onclick>ActivateWindow(Videos,TvShowGenres,return)</onclick>
			<property name="path">ActivateWindow(Videos,TvShowGenres,return)</property>
			<visible>StringCompare(System.ProfileName,Master user)</visible>
			<property name="isSubmenu">True</property>
		</item>
		<item id="5">
			<property name="id">$NUMBER[5]</property>
			<property name="mainmenuid">3</property>
			<label>$LOCALIZE[562]</label>
			<label2>TV Shows</label2>
			<icon>special://skin/extras/icons/DefaultYear.png</icon>
			<thumb />
			<visible>[Library.HasContent(TVShows)] + StringCompare(Window(10000).Property(submenuVisibility),tvshows)</visible>
			<onclick>ActivateWindow(Videos,TvShowYears,return)</onclick>
			<property name="path">ActivateWindow(Videos,TvShowYears,return)</property>
			<visible>StringCompare(System.ProfileName,Master user)</visible>
			<property name="isSubmenu">True</property>
		</item>
		<item id="6">
			<property name="id">$NUMBER[6]</property>
			<property name="mainmenuid">3</property>
			<label>$LOCALIZE[344]</label>
			<label2>TV Shows</label2>
			<icon>special://skin/extras/icons/DefaultActor.png</icon>
			<thumb />
			<visible>[Library.HasContent(TVShows)] + StringCompare(Window(10000).Property(submenuVisibility),tvshows)</visible>
			<onclick>ActivateWindow(Videos,TvShowActors,return)</onclick>
			<property name="path">ActivateWindow(Videos,TvShowActors,return)</property>
			<visible>StringCompare(System.ProfileName,Master user)</visible>
			<property name="isSubmenu">True</property>
		</item>
		<item id="7">
			<property name="id">$NUMBER[7]</property>
			<property name="mainmenuid">3</property>
			<label>$LOCALIZE[20459]</label>
			<label2>TV Shows</label2>
			<icon>special://skin/extras/icons/DefaultAddSource.png</icon>
			<thumb />
			<visible>[Library.HasContent(TVShows)] + StringCompare(Window(10000).Property(submenuVisibility),tvshows)</visible>
			<onclick>ActivateWindow(Videos,TvShowTags,return)</onclick>
			<property name="path">ActivateWindow(Videos,TvShowTags,return)</property>
			<visible>StringCompare(System.ProfileName,Master user)</visible>
			<property name="isSubmenu">True</property>
		</item>
		<item id="8">
			<property name="id">$NUMBER[8]</property>
			<property name="mainmenuid">3</property>
			<label>$LOCALIZE[136]</label>
			<label2>TV Shows</label2>
			<icon>special://skin/extras/icons/DefaultAddSource.png</icon>
			<thumb />
			<onclick>ActivateWindow(Videos,Playlists,return)</onclick>
			<property name="path">ActivateWindow(Videos,Playlists,return)</property>
			<visible>[StringCompare(System.ProfileName,Master user)] + StringCompare(Window(10000).Property(submenuVisibility),tvshows)</visible>
			<property name="isSubmenu">True</property>
		</item>
	</include>
	<include name="skinshortcuts-group-tvshows-1">
		<description>No items</description>
	</include>
	<include name="skinshortcuts-group-alt-tvshows-1">
		<description>No items</description>
	</include>
	<include name="skinshortcuts-group-tvshows-2">
		<description>No items</description>
	</include>
	<include name="skinshortcuts-group-alt-tvshows-2">
		<description>No items</description>
	</include>
	<include name="skinshortcuts-group-serien-doku">
		<description>No items</description>
	</include>
	<include name="skinshortcuts-group-alt-serien-doku">
		<description>No items</description>
	</include>
	<include name="skinshortcuts-group-serien-doku-1">
		<description>No items</description>
	</include>
	<include name="skinshortcuts-group-alt-serien-doku-1">
		<description>No items</description>
	</include>
	<include name="skinshortcuts-group-serien-doku-2">
		<description>No items</description>
	</include>
	<include name="skinshortcuts-group-alt-serien-doku-2">
		<description>No items</description>
	</include>
	<include name="skinshortcuts-group-sport">
		<description>No items</description>
	</include>
	<include name="skinshortcuts-group-alt-sport">
		<description>No items</description>
	</include>
	<include name="skinshortcuts-group-sport-1">
		<description>No items</description>
	</include>
	<include name="skinshortcuts-group-alt-sport-1">
		<description>No items</description>
	</include>
	<include name="skinshortcuts-group-sport-2">
		<description>No items</description>
	</include>
	<include name="skinshortcuts-group-alt-sport-2">
		<description>No items</description>
	</include>
	<include name="skinshortcuts-group-music">
		<description>No items</description>
	</include>
	<include name="skinshortcuts-group-alt-music">
		<description>No items</description>
	</include>
	<include name="skinshortcuts-group-music-1">
		<description>No items</description>
	</include>
	<include name="skinshortcuts-group-alt-music-1">
		<description>No items</description>
	</include>
	<include name="skinshortcuts-group-music-2">
		<description>No items</description>
	</include>
	<include name="skinshortcuts-group-alt-music-2">
		<description>No items</description>
	</include>
	<include name="skinshortcuts-group-num-31972">
		<description>No items</description>
	</include>
	<include name="skinshortcuts-group-alt-num-31972">
		<description>No items</description>
	</include>
	<include name="skinshortcuts-group-num-31972-1">
		<description>No items</description>
	</include>
	<include name="skinshortcuts-group-alt-num-31972-1">
		<description>No items</description>
	</include>
	<include name="skinshortcuts-group-num-31972-2">
		<description>No items</description>
	</include>
	<include name="skinshortcuts-group-alt-num-31972-2">
		<description>No items</description>
	</include>
	<include name="skinshortcuts-group-num-31971">
		<description>No items</description>
	</include>
	<include name="skinshortcuts-group-alt-num-31971">
		<description>No items</description>
	</include>
	<include name="skinshortcuts-group-num-31971-1">
		<description>No items</description>
	</include>
	<include name="skinshortcuts-group-alt-num-31971-1">
		<description>No items</description>
	</include>
	<include name="skinshortcuts-group-num-31971-2">
		<description>No items</description>
	</include>
	<include name="skinshortcuts-group-alt-num-31971-2">
		<description>No items</description>
	</include>
	<include name="skinshortcuts-group-favoriten">
		<description>No items</description>
	</include>
	<include name="skinshortcuts-group-alt-favoriten">
		<description>No items</description>
	</include>
	<include name="skinshortcuts-group-favoriten-1">
		<description>No items</description>
	</include>
	<include name="skinshortcuts-group-alt-favoriten-1">
		<description>No items</description>
	</include>
	<include name="skinshortcuts-group-favoriten-2">
		<description>No items</description>
	</include>
	<include name="skinshortcuts-group-alt-favoriten-2">
		<description>No items</description>
	</include>
	<include name="skinshortcuts-group-num-1036">
		<description>No items</description>
	</include>
	<include name="skinshortcuts-group-alt-num-1036">
		<description>No items</description>
	</include>
	<include name="skinshortcuts-group-num-1036-1">
		<description>No items</description>
	</include>
	<include name="skinshortcuts-group-alt-num-1036-1">
		<description>No items</description>
	</include>
	<include name="skinshortcuts-group-num-1036-2">
		<description>No items</description>
	</include>
	<include name="skinshortcuts-group-alt-num-1036-2">
		<description>No items</description>
	</include>
	<include name="skinshortcuts-group-dvd">
		<item id="1">
			<property name="id">$NUMBER[1]</property>
			<property name="mainmenuid">11</property>
			<label>$ADDON[script.skinshortcuts 32033]</label>
			<label2>Common Shortcut</label2>
			<icon>DefaultDVDFull.png</icon>
			<thumb />
			<onclick>EjectTray()</onclick>
			<property name="path">EjectTray()</property>
			<visible>StringCompare(System.ProfileName,Master user)</visible>
			<property name="isSubmenu">True</property>
		</item>
	</include>
	<include name="skinshortcuts-group-alt-dvd">
		<item id="1">
			<property name="id">$NUMBER[1]</property>
			<property name="mainmenuid">11</property>
			<label>$ADDON[script.skinshortcuts 32033]</label>
			<label2>Common Shortcut</label2>
			<icon>DefaultDVDFull.png</icon>
			<thumb />
			<onclick>EjectTray()</onclick>
			<property name="path">EjectTray()</property>
			<visible>[StringCompare(System.ProfileName,Master user)] + StringCompare(Window(10000).Property(submenuVisibility),dvd)</visible>
			<property name="isSubmenu">True</property>
		</item>
	</include>
	<include name="skinshortcuts-group-dvd-1">
		<description>No items</description>
	</include>
	<include name="skinshortcuts-group-alt-dvd-1">
		<description>No items</description>
	</include>
	<include name="skinshortcuts-group-dvd-2">
		<description>No items</description>
	</include>
	<include name="skinshortcuts-group-alt-dvd-2">
		<description>No items</description>
	</include>
	<include name="skinshortcuts-group-wetter">
		<item id="1">
			<property name="id">$NUMBER[1]</property>
			<property name="mainmenuid">12</property>
			<label>$INFO[Weather.Location]</label>
			<label2>Custom Shortcut</label2>
			<icon>special://skin/extras/icons/DefaultAddSource.png</icon>
			<thumb />
			<visible>!IsEmpty(Weather.Plugin)</visible>
			<onclick>ActivateWindow(weather)</onclick>
			<property name="path">ActivateWindow(weather)</property>
			<visible>StringCompare(System.ProfileName,Master user)</visible>
			<property name="isSubmenu">True</property>
		</item>
		<item id="2">
			<property name="id">$NUMBER[2]</property>
			<property name="mainmenuid">12</property>
			<label>$INFO[Weather.Conditions]</label>
			<label2>Custom Shortcut</label2>
			<icon>special://skin/extras/icons/DefaultAddSource.png</icon>
			<thumb />
			<visible>!IsEmpty(Weather.Plugin)</visible>
			<onclick>ActivateWindow(weather)</onclick>
			<property name="path">ActivateWindow(weather)</property>
			<visible>StringCompare(System.ProfileName,Master user)</visible>
			<property name="isSubmenu">True</property>
		</item>
		<item id="3">
			<property name="id">$NUMBER[3]</property>
			<property name="mainmenuid">12</property>
			<label>$INFO[Weather.Temperature]</label>
			<label2>Custom Shortcut</label2>
			<icon>special://skin/extras/icons/DefaultAddSource.png</icon>
			<thumb />
			<visible>!IsEmpty(Weather.Plugin)</visible>
			<onclick>ActivateWindow(weather)</onclick>
			<property name="path">ActivateWindow(weather)</property>
			<visible>StringCompare(System.ProfileName,Master user)</visible>
			<property name="isSubmenu">True</property>
		</item>
	</include>
	<include name="skinshortcuts-group-alt-wetter">
		<item id="1">
			<property name="id">$NUMBER[1]</property>
			<property name="mainmenuid">12</property>
			<label>$INFO[Weather.Location]</label>
			<label2>Custom Shortcut</label2>
			<icon>special://skin/extras/icons/DefaultAddSource.png</icon>
			<thumb />
			<visible>[!IsEmpty(Weather.Plugin)] + StringCompare(Window(10000).Property(submenuVisibility),wetter)</visible>
			<onclick>ActivateWindow(weather)</onclick>
			<property name="path">ActivateWindow(weather)</property>
			<visible>StringCompare(System.ProfileName,Master user)</visible>
			<property name="isSubmenu">True</property>
		</item>
		<item id="2">
			<property name="id">$NUMBER[2]</property>
			<property name="mainmenuid">12</property>
			<label>$INFO[Weather.Conditions]</label>
			<label2>Custom Shortcut</label2>
			<icon>special://skin/extras/icons/DefaultAddSource.png</icon>
			<thumb />
			<visible>[!IsEmpty(Weather.Plugin)] + StringCompare(Window(10000).Property(submenuVisibility),wetter)</visible>
			<onclick>ActivateWindow(weather)</onclick>
			<property name="path">ActivateWindow(weather)</property>
			<visible>StringCompare(System.ProfileName,Master user)</visible>
			<property name="isSubmenu">True</property>
		</item>
		<item id="3">
			<property name="id">$NUMBER[3]</property>
			<property name="mainmenuid">12</property>
			<label>$INFO[Weather.Temperature]</label>
			<label2>Custom Shortcut</label2>
			<icon>special://skin/extras/icons/DefaultAddSource.png</icon>
			<thumb />
			<visible>[!IsEmpty(Weather.Plugin)] + StringCompare(Window(10000).Property(submenuVisibility),wetter)</visible>
			<onclick>ActivateWindow(weather)</onclick>
			<property name="path">ActivateWindow(weather)</property>
			<visible>StringCompare(System.ProfileName,Master user)</visible>
			<property name="isSubmenu">True</property>
		</item>
	</include>
	<include name="skinshortcuts-group-wetter-1">
		<description>No items</description>
	</include>
	<include name="skinshortcuts-group-alt-wetter-1">
		<description>No items</description>
	</include>
	<include name="skinshortcuts-group-wetter-2">
		<description>No items</description>
	</include>
	<include name="skinshortcuts-group-alt-wetter-2">
		<description>No items</description>
	</include>
	<include name="skinshortcuts-group-addons">
		<item id="1">
			<property name="id">$NUMBER[1]</property>
			<property name="mainmenuid">13</property>
			<label>$LOCALIZE[1037]</label>
			<label2>Videos</label2>
			<icon>special://skin/extras/icons/DefaultAddSource.png</icon>
			<thumb />
			<onclick>ActivateWindow(Videos,Addons,return)</onclick>
			<property name="path">ActivateWindow(Videos,Addons,return)</property>
			<visible>StringCompare(System.ProfileName,Master user)</visible>
			<property name="isSubmenu">True</property>
		</item>
		<item id="2">
			<property name="id">$NUMBER[2]</property>
			<property name="mainmenuid">13</property>
			<label>$LOCALIZE[1038]</label>
			<label2>Music</label2>
			<icon>special://skin/extras/icons/DefaultAddSource.png</icon>
			<thumb />
			<onclick>ActivateWindow(Music,Addons,return)</onclick>
			<property name="path">ActivateWindow(Music,Addons,return)</property>
			<visible>StringCompare(System.ProfileName,Master user)</visible>
			<property name="isSubmenu">True</property>
		</item>
		<item id="3">
			<property name="id">$NUMBER[3]</property>
			<property name="mainmenuid">13</property>
			<label>$LOCALIZE[1039]</label>
			<label2>Pictures</label2>
			<icon>special://skin/extras/icons/DefaultAddSource.png</icon>
			<thumb />
			<onclick>ActivateWindow(Pictures,Addons,return)</onclick>
			<property name="path">ActivateWindow(Pictures,Addons,return)</property>
			<visible>StringCompare(System.ProfileName,Master user)</visible>
			<property name="isSubmenu">True</property>
		</item>
		<item id="4">
			<property name="id">$NUMBER[4]</property>
			<property name="mainmenuid">13</property>
			<label>$LOCALIZE[10040]</label>
			<label2>Custom Shortcut</label2>
			<icon>special://skin/extras/icons/DefaultAddSource.png</icon>
			<thumb />
			<onclick>ActivateWindow(addonbrowser)</onclick>
			<property name="path">ActivateWindow(addonbrowser)</property>
			<visible>StringCompare(System.ProfileName,Master user)</visible>
			<property name="isSubmenu">True</property>
		</item>
	</include>
	<include name="skinshortcuts-group-alt-addons">
		<item id="1">
			<property name="id">$NUMBER[1]</property>
			<property name="mainmenuid">13</property>
			<label>$LOCALIZE[1037]</label>
			<label2>Videos</label2>
			<icon>special://skin/extras/icons/DefaultAddSource.png</icon>
			<thumb />
			<onclick>ActivateWindow(Videos,Addons,return)</onclick>
			<property name="path">ActivateWindow(Videos,Addons,return)</property>
			<visible>[StringCompare(System.ProfileName,Master user)] + StringCompare(Window(10000).Property(submenuVisibility),addons)</visible>
			<property name="isSubmenu">True</property>
		</item>
		<item id="2">
			<property name="id">$NUMBER[2]</property>
			<property name="mainmenuid">13</property>
			<label>$LOCALIZE[1038]</label>
			<label2>Music</label2>
			<icon>special://skin/extras/icons/DefaultAddSource.png</icon>
			<thumb />
			<onclick>ActivateWindow(Music,Addons,return)</onclick>
			<property name="path">ActivateWindow(Music,Addons,return)</property>
			<visible>[StringCompare(System.ProfileName,Master user)] + StringCompare(Window(10000).Property(submenuVisibility),addons)</visible>
			<property name="isSubmenu">True</property>
		</item>
		<item id="3">
			<property name="id">$NUMBER[3]</property>
			<property name="mainmenuid">13</property>
			<label>$LOCALIZE[1039]</label>
			<label2>Pictures</label2>
			<icon>special://skin/extras/icons/DefaultAddSource.png</icon>
			<thumb />
			<onclick>ActivateWindow(Pictures,Addons,return)</onclick>
			<property name="path">ActivateWindow(Pictures,Addons,return)</property>
			<visible>[StringCompare(System.ProfileName,Master user)] + StringCompare(Window(10000).Property(submenuVisibility),addons)</visible>
			<property name="isSubmenu">True</property>
		</item>
		<item id="4">
			<property name="id">$NUMBER[4]</property>
			<property name="mainmenuid">13</property>
			<label>$LOCALIZE[10040]</label>
			<label2>Custom Shortcut</label2>
			<icon>special://skin/extras/icons/DefaultAddSource.png</icon>
			<thumb />
			<onclick>ActivateWindow(addonbrowser)</onclick>
			<property name="path">ActivateWindow(addonbrowser)</property>
			<visible>[StringCompare(System.ProfileName,Master user)] + StringCompare(Window(10000).Property(submenuVisibility),addons)</visible>
			<property name="isSubmenu">True</property>
		</item>
	</include>
	<include name="skinshortcuts-group-addons-1">
		<description>No items</description>
	</include>
	<include name="skinshortcuts-group-alt-addons-1">
		<description>No items</description>
	</include>
	<include name="skinshortcuts-group-addons-2">
		<description>No items</description>
	</include>
	<include name="skinshortcuts-group-alt-addons-2">
		<description>No items</description>
	</include>
	<include name="skinshortcuts-group-programme">
		<description>No items</description>
	</include>
	<include name="skinshortcuts-group-alt-programme">
		<description>No items</description>
	</include>
	<include name="skinshortcuts-group-programme-1">
		<description>No items</description>
	</include>
	<include name="skinshortcuts-group-alt-programme-1">
		<description>No items</description>
	</include>
	<include name="skinshortcuts-group-programme-2">
		<description>No items</description>
	</include>
	<include name="skinshortcuts-group-alt-programme-2">
		<description>No items</description>
	</include>
	<include name="skinshortcuts-group-system">
		<item id="1">
			<property name="id">$NUMBER[1]</property>
			<property name="mainmenuid">15</property>
			<label>$LOCALIZE[20077]</label>
			<label2>Custom Shortcut</label2>
			<icon>special://skin/extras/icons/DefaultAddSource.png</icon>
			<thumb />
			<onclick>Activatewindow(skinsettings)</onclick>
			<property name="path">Activatewindow(skinsettings)</property>
			<visible>StringCompare(System.ProfileName,Master user)</visible>
			<property name="isSubmenu">True</property>
		</item>
		<item id="2">
			<property name="id">$NUMBER[2]</property>
			<property name="mainmenuid">15</property>
			<label>$LOCALIZE[7]</label>
			<label2>Common Shortcut</label2>
			<icon>special://skin/extras/icons/DefaultFolder.png</icon>
			<thumb />
			<onclick>ActivateWindow(FileManager)</onclick>
			<property name="path">ActivateWindow(FileManager)</property>
			<visible>StringCompare(System.ProfileName,Master user)</visible>
			<property name="isSubmenu">True</property>
		</item>
		<item id="3">
			<property name="id">$NUMBER[3]</property>
			<property name="mainmenuid">15</property>
			<label>$LOCALIZE[10007]</label>
			<label2>Common Shortcut</label2>
			<icon>special://skin/extras/icons/DefaultAddSource.png</icon>
			<thumb />
			<onclick>ActivateWindow(SystemInfo)</onclick>
			<property name="path">ActivateWindow(SystemInfo)</property>
			<visible>StringCompare(System.ProfileName,Master user)</visible>
			<property name="isSubmenu">True</property>
		</item>
	</include>
	<include name="skinshortcuts-group-alt-system">
		<item id="1">
			<property name="id">$NUMBER[1]</property>
			<property name="mainmenuid">15</property>
			<label>$LOCALIZE[20077]</label>
			<label2>Custom Shortcut</label2>
			<icon>special://skin/extras/icons/DefaultAddSource.png</icon>
			<thumb />
			<onclick>Activatewindow(skinsettings)</onclick>
			<property name="path">Activatewindow(skinsettings)</property>
			<visible>[StringCompare(System.ProfileName,Master user)] + StringCompare(Window(10000).Property(submenuVisibility),system)</visible>
			<property name="isSubmenu">True</property>
		</item>
		<item id="2">
			<property name="id">$NUMBER[2]</property>
			<property name="mainmenuid">15</property>
			<label>$LOCALIZE[7]</label>
			<label2>Common Shortcut</label2>
			<icon>special://skin/extras/icons/DefaultFolder.png</icon>
			<thumb />
			<onclick>ActivateWindow(FileManager)</onclick>
			<property name="path">ActivateWindow(FileManager)</property>
			<visible>[StringCompare(System.ProfileName,Master user)] + StringCompare(Window(10000).Property(submenuVisibility),system)</visible>
			<property name="isSubmenu">True</property>
		</item>
		<item id="3">
			<property name="id">$NUMBER[3]</property>
			<property name="mainmenuid">15</property>
			<label>$LOCALIZE[10007]</label>
			<label2>Common Shortcut</label2>
			<icon>special://skin/extras/icons/DefaultAddSource.png</icon>
			<thumb />
			<onclick>ActivateWindow(SystemInfo)</onclick>
			<property name="path">ActivateWindow(SystemInfo)</property>
			<visible>[StringCompare(System.ProfileName,Master user)] + StringCompare(Window(10000).Property(submenuVisibility),system)</visible>
			<property name="isSubmenu">True</property>
		</item>
	</include>
	<include name="skinshortcuts-group-system-1">
		<description>No items</description>
	</include>
	<include name="skinshortcuts-group-alt-system-1">
		<description>No items</description>
	</include>
	<include name="skinshortcuts-group-system-2">
		<description>No items</description>
	</include>
	<include name="skinshortcuts-group-alt-system-2">
		<description>No items</description>
	</include>
	<include name="skinshortcuts-group-script-globalsearch">
		<description>No items</description>
	</include>
	<include name="skinshortcuts-group-alt-script-globalsearch">
		<description>No items</description>
	</include>
	<include name="skinshortcuts-group-script-globalsearch-1">
		<description>No items</description>
	</include>
	<include name="skinshortcuts-group-alt-script-globalsearch-1">
		<description>No items</description>
	</include>
	<include name="skinshortcuts-group-script-globalsearch-2">
		<description>No items</description>
	</include>
	<include name="skinshortcuts-group-alt-script-globalsearch-2">
		<description>No items</description>
	</include>
	<include name="skinshortcuts-group-power">
		<description>No items</description>
	</include>
	<include name="skinshortcuts-group-alt-power">
		<description>No items</description>
	</include>
	<include name="skinshortcuts-group-power-1">
		<description>No items</description>
	</include>
	<include name="skinshortcuts-group-alt-power-1">
		<description>No items</description>
	</include>
	<include name="skinshortcuts-group-power-2">
		<description>No items</description>
	</include>
	<include name="skinshortcuts-group-alt-power-2">
		<description>No items</description>
	</include>
</includes>
